county,state,poverty_rate,unemployment_rate,no_hs_diploma,poverty_percentile,unemployment_percentile,education_percentile,SES_composite,SES_quartile,high_vulnerability
County_0,TX,10.6,5.5,10.0,0.6806174411203055,0.6744112030553787,0.5910248249522597,0.6486844897093147,Q3,0
County_1,NJ,7.5,3.9,9.5,0.4619669000636537,0.3771483131763208,0.5264162953532782,0.4551771695310842,Q2,0
County_2,SD,12.5,4.1,13.1,0.7862826225334182,0.41263526416295354,0.8838319541693189,0.6942499469552302,Q3,0
County_3,IL,4.8,0.9,6.5,0.23424570337364736,0.027530235518777847,0.18125397835773394,0.14767663908338638,Q1_LeastVulnerable,0
County_4,FL,16.5,6.9,15.9,0.9334818586887333,0.8590070019096118,0.9793125397835774,0.9239338001273074,Q4_MostVulnerable,1
County_5,LA,3.3,4.5,8.5,0.12842138765117758,0.49267982176957353,0.39942711648631446,0.3401761086356885,Q2,0
County_6,NC,15.3,7.5,13.7,0.897040101845958,0.9127943984723106,0.9143857415658816,0.9080734139613833,Q4_MostVulnerable,1
County_7,CT,5.3,3.7,8.0,0.27641629535327816,0.3392743475493316,0.343093570973902,0.31959473795883725,Q2,0
County_8,NC,5.9,4.5,8.6,0.32511139401655,0.49267982176957353,0.41215786123488224,0.40998302567366857,Q2,0
County_9,KY,11.3,5.3,13.0,0.7232654360280076,0.6411521323997453,0.8779439847231063,0.7474538510502864,Q4_MostVulnerable,1
County_10,SC,16.3,4.7,15.6,0.9269573520050923,0.5316677275620624,0.9734245703373647,0.8106832166348399,Q4_MostVulnerable,1
County_11,AR,2.5,0.6,8.9,0.07829408020369191,0.018141311266709103,0.45019096117122853,0.1822087842138765,Q1_LeastVulnerable,0
County_12,NC,10.7,4.9,10.5,0.6853914704010184,0.5724061107574793,0.6451304901336729,0.6343093570973902,Q3,0
County_13,NY,8.2,4.2,10.2,0.5181413112667091,0.4328453214513049,0.6120305537873966,0.5210057288351368,Q3,0
County_14,VA,4.0,4.5,9.7,0.17457033736473584,0.49267982176957353,0.5517186505410566,0.40632293655845536,Q2,0
County_15,OH,10.6,6.3,9.1,0.6806174411203055,0.7969446212603437,0.47374283895607894,0.6504349671122428,Q3,0
County_16,SC,4.0,4.1,6.4,0.17457033736473584,0.41263526416295354,0.1717059197963081,0.2529705071079992,Q1_LeastVulnerable,0
County_17,TX,9.8,4.5,9.9,0.6295353278166773,0.49267982176957353,0.5786123488224061,0.5669424994695523,Q3,0
County_18,NC,5.0,1.4,9.3,0.24920432845321452,0.055856142584341184,0.4990451941438574,0.26803522172713773,Q1_LeastVulnerable,0
County_19,IL,6.2,4.5,9.9,0.3475493316359007,0.49267982176957353,0.5786123488224061,0.4729471674092934,Q2,0
County_20,TX,7.9,5.2,8.5,0.4949077021005729,0.6247612985359644,0.39942711648631446,0.5063653723742839,Q3,0
County_21,OR,11.7,1.9,7.8,0.7458625079567155,0.09245703373647358,0.31954169318905157,0.3859537449607469,Q2,0
County_22,LA,4.6,2.1,7.8,0.22135582431572248,0.11171228516868237,0.31954169318905157,0.21753660089115212,Q1_LeastVulnerable,0
County_23,OH,9.2,3.7,7.7,0.5902291534054742,0.3392743475493316,0.30887969446212604,0.4127943984723106,Q2,0
County_24,TX,6.1,4.0,5.1,0.33800127307447486,0.39449395289624445,0.07447485677912158,0.26899002758328033,Q1_LeastVulnerable,0
County_25,WV,5.5,2.4,5.2,0.2936028007638447,0.14528962444302992,0.08020369191597708,0.17303203904095057,Q1_LeastVulnerable,0
County_26,WA,11.0,5.3,11.2,0.7067154678548695,0.6411521323997453,0.7313812858052197,0.6930829620199449,Q3,0
County_27,IN,6.1,3.5,10.8,0.33800127307447486,0.30394653087205603,0.683004455760662,0.441650753235731,Q2,0
County_28,LA,5.6,3.4,7.9,0.3020369191597708,0.28580521960534694,0.33131763208147674,0.3063865902821982,Q2,0
County_29,CA,8.5,3.5,9.7,0.5423297262889879,0.30394653087205603,0.5517186505410566,0.46599830256736685,Q2,0
County_30,GA,3.0,1.9,8.9,0.10789306174411203,0.09245703373647358,0.45019096117122853,0.21684701888393806,Q1_LeastVulnerable,0
County_31,TX,6.2,2.2,5.0,0.3475493316359007,0.1223742838956079,0.06954169318905155,0.17982176957352003,Q1_LeastVulnerable,0
County_32,IA,9.3,5.4,10.7,0.5983450031826862,0.6578612348822406,0.6691597708465945,0.6417886696371737,Q3,0
County_33,NM,1.3,3.3,5.6,0.0241884150222788,0.2686187141947804,0.10471037555697009,0.13250583492467644,Q1_LeastVulnerable,0
County_34,NC,3.7,2.0,8.0,0.1532463399108848,0.10232336091661362,0.343093570973902,0.19955442393380016,Q1_LeastVulnerable,0
County_35,PA,6.3,6.2,7.2,0.35709739019732656,0.7835773392743476,0.25302355187778486,0.464566093783153,Q2,0
County_36,CO,10.7,4.8,8.7,0.6853914704010184,0.5514003819223424,0.4252068746021642,0.5539995756418418,Q3,0
County_37,IL,19.6,10.2,15.1,0.982176957352005,0.9937937619350732,0.9589433481858689,0.9783046891576491,Q4_MostVulnerable,1
County_38,MA,4.9,2.5,10.7,0.24188415022278803,0.1581795035009548,0.6691597708465945,0.3564078081901125,Q2,0
County_39,KS,2.1,0.0,7.8,0.059516231699554424,0.004455760661998727,0.31954169318905157,0.12783789518353492,Q1_LeastVulnerable,0
County_40,WI,2.3,3.3,5.1,0.06795035009548059,0.2686187141947804,0.07447485677912158,0.13701464035646085,Q1_LeastVulnerable,0
County_41,TN,5.2,3.9,4.9,0.26718650541056654,0.3771483131763208,0.06572246976448122,0.23668576278378953,Q1_LeastVulnerable,0
County_42,MI,16.3,6.9,9.8,0.9269573520050923,0.8590070019096118,0.5658816040738384,0.7839486526628475,Q4_MostVulnerable,1
County_43,TX,1.8,1.6,8.6,0.045035009548058565,0.07001909611712286,0.41215786123488224,0.17573732230002123,Q1_LeastVulnerable,0
County_44,IA,7.1,4.1,6.6,0.43014003819223423,0.41263526416295354,0.19080203691915978,0.3445257797581159,Q2,0
County_45,PA,9.4,4.1,9.0,0.6053469127943985,0.41263526416295354,0.4619669000636537,0.49331635900700194,Q3,0
County_46,FL,4.6,2.9,9.9,0.22135582431572248,0.20926161680458308,0.5786123488224061,0.33640992998090385,Q2,0
County_47,PA,11.6,6.7,7.6,0.7396562698917887,0.83991088478676,0.2980585614258434,0.625875238701464,Q3,0
County_48,MA,14.5,6.6,15.3,0.8738064926798218,0.8302036919159771,0.9648313176320815,0.8896138340759601,Q4_MostVulnerable,1
County_49,CA,2.9,3.8,5.9,0.10280076384468491,0.3582113303628262,0.12587523870146403,0.19562911096965838,Q1_LeastVulnerable,0
County_50,HI,11.0,4.9,8.2,0.7067154678548695,0.5724061107574793,0.3663271801400382,0.5484829195841289,Q3,0
County_51,KY,9.0,4.2,9.0,0.5749522597071929,0.4328453214513049,0.4619669000636537,0.4899214937407172,Q3,0
County_52,OR,6.7,2.3,6.9,0.39417568427753025,0.13319541693189052,0.22294716740929343,0.2501060895395714,Q1_LeastVulnerable,0
County_53,CA,4.9,2.9,8.3,0.24188415022278803,0.20926161680458308,0.37619350732017826,0.2757797581158498,Q1_LeastVulnerable,0
County_54,NY,13.8,1.2,10.6,0.8465945257797581,0.043602800763844686,0.6573838319541693,0.515860386165924,Q3,0
County_55,OH,2.9,2.0,2.7,0.10280076384468491,0.10232336091661362,0.011298535964353915,0.07214088690855082,Q1_LeastVulnerable,0
County_56,NY,5.4,3.5,7.2,0.28516868236791854,0.30394653087205603,0.25302355187778486,0.2807129217059198,Q1_LeastVulnerable,0
County_57,PA,10.3,5.9,7.4,0.6618395926161681,0.7418841502227881,0.2737110120942075,0.5591449183110545,Q3,0
County_58,CO,8.2,4.1,9.5,0.5181413112667091,0.41263526416295354,0.5264162953532782,0.48573095692764695,Q2,0
County_59,NE,13.3,6.5,9.3,0.8209739019732655,0.8200190961171229,0.4990451941438574,0.713346064078082,Q4_MostVulnerable,1
County_60,VA,4.0,0.0,6.0,0.17457033736473584,0.004455760661998727,0.1341502227880331,0.10439210693825589,Q1_LeastVulnerable,0
County_61,NM,12.0,5.5,11.4,0.7627307447485678,0.6744112030553787,0.7522278803309994,0.7297899427116485,Q4_MostVulnerable,1
County_62,NM,9.7,2.4,9.4,0.6228516868236792,0.14528962444302992,0.5135264162953532,0.42722257585402074,Q2,0
County_63,OK,8.8,2.8,9.9,0.5614258434118395,0.19462126034373012,0.5786123488224061,0.4448864841926586,Q2,0
County_64,IN,3.4,2.7,8.1,0.13542329726288987,0.18061744112030553,0.35534691279439845,0.2237958837258646,Q1_LeastVulnerable,0
County_65,OH,10.2,7.0,7.8,0.6549968173138129,0.8682367918523234,0.31954169318905157,0.614258434118396,Q3,0
County_66,VT,5.1,4.1,7.4,0.25732017823042647,0.41263526416295354,0.2737110120942075,0.3145554848291958,Q2,0
County_67,AL,24.0,9.2,10.4,0.9992043284532145,0.9801082113303629,0.6325588796944621,0.8706238064926799,Q4_MostVulnerable,1
County_68,TX,4.0,3.2,7.5,0.17457033736473584,0.25302355187778486,0.285964353914704,0.23785274771907491,Q1_LeastVulnerable,0
County_69,FL,3.8,2.1,6.3,0.16008911521323999,0.11171228516868237,0.16152132399745386,0.14444090812645874,Q1_LeastVulnerable,0
County_70,MA,10.1,4.2,8.1,0.6484723106301719,0.4328453214513049,0.35534691279439845,0.47888818162529173,Q2,0
County_71,TN,1.0,3.0,6.1,0.01336728198599618,0.22469764481222151,0.14306174411203054,0.1270422236367494,Q1_LeastVulnerable,0
County_72,TN,4.8,1.4,9.7,0.23424570337364736,0.055856142584341184,0.5517186505410566,0.2806068321663484,Q1_LeastVulnerable,0
County_73,TX,7.8,5.2,8.0,0.4859961807765754,0.6247612985359644,0.343093570973902,0.4846170167621473,Q2,0
County_74,VA,7.5,3.7,6.8,0.4619669000636537,0.3392743475493316,0.2145130490133673,0.3385847655421175,Q2,0
County_75,MA,2.1,3.9,6.4,0.059516231699554424,0.3771483131763208,0.1717059197963081,0.2027901548907278,Q1_LeastVulnerable,0
County_76,NY,13.8,7.6,9.2,0.8465945257797581,0.9194780394653087,0.4856779121578612,0.7505834924676428,Q4_MostVulnerable,1
County_77,KY,16.2,4.4,11.8,0.9239338001273074,0.47422024188415024,0.7921705919796308,0.7301082113303629,Q4_MostVulnerable,1
County_78,IA,7.8,3.5,11.4,0.4859961807765754,0.30394653087205603,0.7522278803309994,0.5140568639932103,Q3,0
County_79,LA,2.0,1.3,6.1,0.054423933800127305,0.050127307447485676,0.14306174411203054,0.08253766178654784,Q1_LeastVulnerable,0
County_80,OR,1.4,0.0,1.9,0.02816677275620624,0.004455760661998727,0.004774029280712922,0.012465520899639296,Q1_LeastVulnerable,0
County_81,MN,3.8,1.6,3.3,0.16008911521323999,0.07001909611712286,0.019096117122851686,0.08306810948440485,Q1_LeastVulnerable,0
County_82,SD,9.8,8.6,10.2,0.6295353278166773,0.9632399745385105,0.6120305537873966,0.7349352853808614,Q4_MostVulnerable,1
County_83,OR,3.6,4.0,8.5,0.1465626989178867,0.39449395289624445,0.39942711648631446,0.31349458943348185,Q2,0
County_84,AK,3.2,5.8,3.4,0.11950986632718014,0.7245385105028644,0.021801400381922343,0.288616592403989,Q1_LeastVulnerable,0
County_85,NY,9.7,6.2,10.8,0.6228516868236792,0.7835773392743476,0.683004455760662,0.6964778272862295,Q3,0
County_86,ME,6.6,2.9,11.0,0.3835136855506047,0.20926161680458308,0.707511139401655,0.43342881391894766,Q2,0
County_87,MA,9.1,4.2,13.3,0.5819541693189052,0.4328453214513049,0.8949713558243158,0.6365902821981753,Q3,0
County_88,SD,12.1,6.5,11.7,0.7689369828134945,0.8200190961171229,0.7824633991088479,0.7904731593464884,Q4_MostVulnerable,1
County_89,MO,5.5,4.3,8.8,0.2936028007638447,0.45401018459579884,0.4377784850413749,0.3951304901336728,Q2,0
County_90,TX,7.0,3.2,4.3,0.42218332272437936,0.25302355187778486,0.045671546785486954,0.24029280712921705,Q1_LeastVulnerable,0
County_91,OH,5.3,1.3,11.8,0.27641629535327816,0.050127307447485676,0.7921705919796308,0.3729047315934649,Q2,0
County_92,MO,8.0,9.3,7.9,0.5028644175684277,0.9823360916613622,0.33131763208147674,0.6055060471037556,Q3,0
County_93,PA,7.2,3.9,6.7,0.4387332908975175,0.3771483131763208,0.20321451304901336,0.33969870570761723,Q2,0
County_94,AR,9.8,4.4,9.4,0.6295353278166773,0.47422024188415024,0.5135264162953532,0.5390939953320603,Q3,0
County_95,AZ,13.3,6.2,14.7,0.8209739019732655,0.7835773392743476,0.9500318268618714,0.8515276893698281,Q4_MostVulnerable,1
County_96,CA,11.6,5.1,15.2,0.7396562698917887,0.6078930617441121,0.9616486314449395,0.76973265436028,Q4_MostVulnerable,1
County_97,MD,2.9,3.0,6.7,0.10280076384468491,0.22469764481222151,0.20321451304901336,0.1769043072353066,Q1_LeastVulnerable,0
County_98,GA,6.3,5.8,10.1,0.35709739019732656,0.7245385105028644,0.6020050922978994,0.5612136643326968,Q3,0
County_99,WI,5.0,3.3,7.6,0.24920432845321452,0.2686187141947804,0.2980585614258434,0.27196053469127945,Q1_LeastVulnerable,0
County_100,MS,6.8,2.3,6.3,0.40388287714831317,0.13319541693189052,0.16152132399745386,0.2328665393592192,Q1_LeastVulnerable,0
County_101,NC,14.3,6.0,15.1,0.867600254614895,0.7577975811584978,0.9589433481858689,0.8614470613197538,Q4_MostVulnerable,1
County_102,ID,3.5,2.3,5.5,0.14035646085295989,0.13319541693189052,0.098026734563972,0.12385953744960747,Q1_LeastVulnerable,0
County_103,IN,5.2,5.7,10.6,0.26718650541056654,0.7092616168045831,0.6573838319541693,0.5446106513897729,Q3,0
County_104,IN,7.2,5.9,11.2,0.4387332908975175,0.7418841502227881,0.7313812858052197,0.637332908975175,Q3,0
County_105,OH,5.9,3.9,9.2,0.32511139401655,0.3771483131763208,0.4856779121578612,0.39597920645024404,Q2,0
County_106,MI,4.6,1.5,11.0,0.22135582431572248,0.06253978357733928,0.707511139401655,0.3304689157649056,Q2,0
County_107,MS,9.1,2.9,14.0,0.5819541693189052,0.20926161680458308,0.9253660089115213,0.5721939316783365,Q3,0
County_108,NV,7.9,4.4,8.6,0.4949077021005729,0.47422024188415024,0.41215786123488224,0.46042860173986844,Q2,0
County_109,PA,5.4,4.1,6.1,0.28516868236791854,0.41263526416295354,0.14306174411203054,0.2802885635476342,Q1_LeastVulnerable,0
County_110,CA,2.1,2.1,2.3,0.059516231699554424,0.11171228516868237,0.00732017823042648,0.059516231699554424,Q1_LeastVulnerable,0
County_111,PA,11.0,4.6,15.0,0.7067154678548695,0.5119350732017823,0.9563971992361553,0.7250159134309356,Q4_MostVulnerable,1
County_112,MO,5.0,2.6,6.6,0.24920432845321452,0.16931890515595163,0.19080203691915978,0.203108423509442,Q1_LeastVulnerable,0
County_113,NC,19.4,7.8,17.0,0.98026734563972,0.9310948440483768,0.9918841502227881,0.967748779970295,Q4_MostVulnerable,1
County_114,IN,15.1,3.0,11.1,0.8913112667091024,0.22469764481222151,0.7211966900063653,0.6124018671758964,Q3,0
County_115,LA,12.3,4.0,14.2,0.777689369828135,0.39449395289624445,0.9307765754296626,0.700986632718014,Q3,0
County_116,FL,11.4,4.5,9.3,0.7289942711648632,0.49267982176957353,0.4990451941438574,0.5735730956927647,Q3,0
County_117,WV,14.4,8.1,9.8,0.8711012094207511,0.9436664544875876,0.5658816040738384,0.793549755994059,Q4_MostVulnerable,1
County_118,MI,13.5,4.8,11.3,0.8329089751750477,0.5514003819223424,0.7404519414385742,0.7082537661786548,Q4_MostVulnerable,1
County_119,WY,9.4,5.1,8.7,0.6053469127943985,0.6078930617441121,0.4252068746021642,0.5461489497135582,Q3,0
County_120,MI,10.4,5.5,11.4,0.6685232336091661,0.6744112030553787,0.7522278803309994,0.6983874389985147,Q3,0
County_121,FL,16.2,8.8,13.0,0.9239338001273074,0.9704010184595799,0.8779439847231063,0.9240929344366645,Q4_MostVulnerable,1
County_122,MN,9.2,6.6,10.8,0.5902291534054742,0.8302036919159771,0.683004455760662,0.7011457670273712,Q3,0
County_123,AR,4.4,3.2,6.6,0.20910248249522598,0.25302355187778486,0.19080203691915978,0.2176426904307235,Q1_LeastVulnerable,0
County_124,TX,13.6,5.4,10.4,0.838319541693189,0.6578612348822406,0.6325588796944621,0.7095798854232972,Q4_MostVulnerable,1
County_125,SD,10.8,4.2,9.2,0.6917568427753024,0.4328453214513049,0.4856779121578612,0.5367600254614895,Q3,0
County_126,OK,1.9,2.2,10.0,0.050127307447485676,0.1223742838956079,0.5910248249522597,0.2545088054317844,Q1_LeastVulnerable,0
County_127,NJ,7.0,3.4,8.9,0.42218332272437936,0.28580521960534694,0.45019096117122853,0.3860598345003183,Q2,0
County_128,NE,5.8,4.6,3.9,0.3166772756206238,0.5119350732017823,0.033895607893061744,0.2875026522384893,Q1_LeastVulnerable,0
County_129,WY,15.6,7.3,11.8,0.9048376830044558,0.8992679821769574,0.7921705919796308,0.8654254190536813,Q4_MostVulnerable,1
County_130,ID,6.6,4.9,8.5,0.3835136855506047,0.5724061107574793,0.39942711648631446,0.4517823042647995,Q2,0
County_131,PA,4.1,5.1,10.8,0.1839592616168046,0.6078930617441121,0.683004455760662,0.49161892637385957,Q3,0
County_132,NE,14.2,9.0,14.1,0.8636218968809676,0.9759707192870783,0.928230426479949,0.9226076808826651,Q4_MostVulnerable,1
County_133,WV,4.8,3.6,5.5,0.23424570337364736,0.3217695735200509,0.098026734563972,0.21801400381922345,Q1_LeastVulnerable,0
County_134,TN,1.8,4.2,10.7,0.045035009548058565,0.4328453214513049,0.6691597708465945,0.38234670061531933,Q2,0
County_135,WY,10.2,4.5,10.0,0.6549968173138129,0.49267982176957353,0.5910248249522597,0.5795671546785487,Q3,0
County_136,NV,9.2,6.5,12.1,0.5902291534054742,0.8200190961171229,0.8168364099299809,0.7423615531508593,Q4_MostVulnerable,1
County_137,FL,8.4,6.1,6.9,0.534213876511776,0.7705283259070655,0.22294716740929343,0.5092297899427116,Q3,0
County_138,MN,9.9,6.5,5.1,0.6360598345003182,0.8200190961171229,0.07447485677912158,0.5101845957988542,Q3,0
County_139,OH,12.2,5.8,8.3,0.7733927434754934,0.7245385105028644,0.37619350732017826,0.6247082537661787,Q3,0
County_140,PA,9.7,3.9,3.4,0.6228516868236792,0.3771483131763208,0.021801400381922343,0.3406004667939741,Q2,0
County_141,AL,5.4,1.5,11.9,0.28516868236791854,0.06253978357733928,0.8017186505410566,0.38314237216210484,Q2,0
County_142,MN,3.3,2.9,7.1,0.12842138765117758,0.20926161680458308,0.2437937619350732,0.19382558879694464,Q1_LeastVulnerable,0
County_143,GA,1.9,4.9,4.1,0.050127307447485676,0.5724061107574793,0.03962444302991725,0.2207192870782941,Q1_LeastVulnerable,0
County_144,TX,11.7,5.0,11.7,0.7458625079567155,0.5911839592616168,0.7824633991088479,0.7065032887757269,Q3,0
County_145,CO,6.6,5.2,8.7,0.3835136855506047,0.6247612985359644,0.4252068746021642,0.4778272862295778,Q2,0
County_146,NC,5.1,4.8,8.8,0.25732017823042647,0.5514003819223424,0.4377784850413749,0.41549968173138124,Q2,0
County_147,GA,2.0,2.2,8.4,0.054423933800127305,0.1223742838956079,0.38749204328453213,0.18809675366008913,Q1_LeastVulnerable,0
County_148,IA,6.2,5.8,7.5,0.3475493316359007,0.7245385105028644,0.285964353914704,0.4526840653511564,Q2,0
County_149,VA,10.8,0.9,8.6,0.6917568427753024,0.027530235518777847,0.41215786123488224,0.37714831317632086,Q2,0
County_150,GA,9.5,3.0,11.4,0.6120305537873966,0.22469764481222151,0.7522278803309994,0.5296520263102059,Q3,0
County_151,CA,4.1,1.9,8.7,0.1839592616168046,0.09245703373647358,0.4252068746021642,0.23387438998514745,Q1_LeastVulnerable,0
County_152,CA,6.5,2.7,8.5,0.3733290897517505,0.18061744112030553,0.39942711648631446,0.3177912157861235,Q2,0
County_153,MN,4.1,3.7,11.4,0.1839592616168046,0.3392743475493316,0.7522278803309994,0.42515382983237854,Q2,0
County_154,NY,1.9,3.0,5.1,0.050127307447485676,0.22469764481222151,0.07447485677912158,0.1164332696796096,Q1_LeastVulnerable,0
County_155,IN,17.4,7.8,11.9,0.9546467218332273,0.9310948440483768,0.8017186505410566,0.895820072140887,Q4_MostVulnerable,1
County_156,OH,5.0,4.4,8.3,0.24920432845321452,0.47422024188415024,0.37619350732017826,0.366539359219181,Q2,0
County_157,CA,14.6,4.9,10.9,0.8776257161043921,0.5724061107574793,0.6950986632718014,0.7150434967112242,Q4_MostVulnerable,1
County_158,TX,6.7,2.2,9.3,0.39417568427753025,0.1223742838956079,0.4990451941438574,0.3385317207723319,Q2,0
County_159,SD,11.2,6.0,8.9,0.7176957352005092,0.7577975811584978,0.45019096117122853,0.6418947591767452,Q3,0
County_160,WI,11.6,4.5,10.0,0.7396562698917887,0.49267982176957353,0.5910248249522597,0.6077869722045407,Q3,0
County_161,VA,8.7,2.3,13.1,0.5550604710375557,0.13319541693189052,0.8838319541693189,0.5240292807129218,Q3,0
County_162,IA,10.8,6.7,9.6,0.6917568427753024,0.83991088478676,0.5383513685550605,0.6900063653723741,Q3,0
County_163,KY,11.1,7.4,8.9,0.7122851686823679,0.9061107574793126,0.45019096117122853,0.6895289624443031,Q3,0
County_164,OR,13.0,8.2,13.8,0.8068109484404837,0.9481222151495863,0.9186823679185232,0.8912051771695312,Q4_MostVulnerable,1
County_165,CO,1.8,2.8,3.8,0.045035009548058565,0.19462126034373012,0.03166772756206238,0.09044133248461701,Q1_LeastVulnerable,0
County_166,IL,4.6,4.3,5.9,0.22135582431572248,0.45401018459579884,0.12587523870146403,0.2670804158709951,Q1_LeastVulnerable,0
County_167,CA,20.7,10.3,16.5,0.9906110757479313,0.99506683640993,0.9875875238701464,0.9910884786760025,Q4_MostVulnerable,1
County_168,MA,1.5,1.5,7.6,0.03166772756206238,0.06253978357733928,0.2980585614258434,0.13075535752174836,Q1_LeastVulnerable,0
County_169,MO,5.6,5.3,10.2,0.3020369191597708,0.6411521323997453,0.6120305537873966,0.5184065351156376,Q3,0
County_170,FL,8.1,4.9,7.6,0.5103437301082113,0.5724061107574793,0.2980585614258434,0.4602694674305113,Q2,0
County_171,AZ,9.7,6.3,11.0,0.6228516868236792,0.7969446212603437,0.707511139401655,0.709102482495226,Q4_MostVulnerable,1
County_172,OH,14.5,6.6,11.3,0.8738064926798218,0.8302036919159771,0.7404519414385742,0.8148207086781243,Q4_MostVulnerable,1
County_173,AK,9.6,6.8,8.6,0.617600254614895,0.8486632718014003,0.41215786123488224,0.6261404625503925,Q3,0
County_174,WV,14.7,6.8,14.8,0.8814449395289624,0.8486632718014003,0.9522597071928708,0.8941226395077445,Q4_MostVulnerable,1
County_175,FL,5.5,1.4,6.7,0.2936028007638447,0.055856142584341184,0.20321451304901336,0.18422448546573308,Q1_LeastVulnerable,0
County_176,NC,0.9,4.4,6.0,0.011775938892425206,0.47422024188415024,0.1341502227880331,0.20671546785486952,Q1_LeastVulnerable,0
County_177,ME,13.1,4.5,11.9,0.8107893061744113,0.49267982176957353,0.8017186505410566,0.7017292594950137,Q3,0
County_178,CA,6.6,5.9,6.2,0.3835136855506047,0.7418841502227881,0.1522915340547422,0.4258964566093783,Q2,0
County_179,MI,3.8,3.0,8.8,0.16008911521323999,0.22469764481222151,0.4377784850413749,0.2741884150222788,Q1_LeastVulnerable,0
County_180,MS,16.9,8.8,14.6,0.9433481858688734,0.9704010184595799,0.9463717377466582,0.9533736473583705,Q4_MostVulnerable,1
County_181,TN,4.1,4.9,3.1,0.1839592616168046,0.5724061107574793,0.01639083386378103,0.25758540207935493,Q1_LeastVulnerable,0
County_182,OK,5.7,4.3,8.4,0.30919796308084024,0.45401018459579884,0.38749204328453213,0.3835667303203904,Q2,0
County_183,CA,8.4,5.3,7.6,0.534213876511776,0.6411521323997453,0.2980585614258434,0.49114152344578815,Q3,0
County_184,FL,7.8,5.0,11.1,0.4859961807765754,0.5911839592616168,0.7211966900063653,0.5994589433481858,Q3,0
County_185,IL,5.1,0.5,4.7,0.25732017823042647,0.015436028007638446,0.058243157224697646,0.11033312115425419,Q1_LeastVulnerable,0
County_186,CA,11.7,5.7,10.1,0.7458625079567155,0.7092616168045831,0.6020050922978994,0.6857097390197326,Q3,0
County_187,MA,4.2,1.6,7.8,0.19478039465308722,0.07001909611712286,0.31954169318905157,0.1947803946530872,Q1_LeastVulnerable,0
County_188,WI,14.0,6.5,12.1,0.8559834500318269,0.8200190961171229,0.8168364099299809,0.8309463186929769,Q4_MostVulnerable,1
County_189,MN,18.5,5.8,15.8,0.9715149586250795,0.7245385105028644,0.9774029280712921,0.8911521323997453,Q4_MostVulnerable,1
County_190,OR,9.2,3.0,6.6,0.5902291534054742,0.22469764481222151,0.19080203691915978,0.3352429450456185,Q2,0
County_191,ND,9.3,7.2,13.0,0.5983450031826862,0.8887651177593889,0.8779439847231063,0.7883513685550604,Q4_MostVulnerable,1
County_192,TN,4.0,4.8,8.1,0.17457033736473584,0.5514003819223424,0.35534691279439845,0.3604392106938256,Q2,0
County_193,FL,21.7,8.5,18.6,0.9929980903882877,0.9602164226607256,0.9980903882877148,0.9837683004455761,Q4_MostVulnerable,1
County_194,PA,3.6,3.3,8.5,0.1465626989178867,0.2686187141947804,0.39942711648631446,0.27153617653299383,Q1_LeastVulnerable,0
County_195,TX,8.6,4.2,9.3,0.5488542329726289,0.4328453214513049,0.4990451941438574,0.4935815828559304,Q3,0
County_196,CO,15.4,7.5,10.1,0.8994271164863145,0.9127943984723106,0.6020050922978994,0.8047422024188414,Q4_MostVulnerable,1
County_197,IA,4.7,2.4,6.2,0.22756206238064927,0.14528962444302992,0.1522915340547422,0.17504774029280712,Q1_LeastVulnerable,0
County_198,WA,7.8,5.8,12.1,0.4859961807765754,0.7245385105028644,0.8168364099299809,0.675790367069807,Q3,0
County_199,PA,4.2,2.9,9.9,0.19478039465308722,0.20926161680458308,0.5786123488224061,0.3275514534266921,Q2,0
County_200,IL,11.6,4.9,9.6,0.7396562698917887,0.5724061107574793,0.5383513685550605,0.6168045830681095,Q3,0
County_201,MO,13.9,6.2,6.3,0.8515276893698281,0.7835773392743476,0.16152132399745386,0.5988754508805432,Q3,0
County_202,KY,3.9,2.3,6.5,0.16709102482495225,0.13319541693189052,0.18125397835773394,0.16051347337152558,Q1_LeastVulnerable,0
County_203,MI,1.7,3.0,5.3,0.03930617441120306,0.22469764481222151,0.08625079567154678,0.11675153829832378,Q1_LeastVulnerable,0
County_204,IA,0.5,1.3,4.8,0.005569700827498409,0.050127307447485676,0.06206238064926798,0.039253129641417354,Q1_LeastVulnerable,0
County_205,ID,4.8,4.1,8.4,0.23424570337364736,0.41263526416295354,0.38749204328453213,0.34479100360704434,Q2,0
County_206,NC,8.0,6.2,10.8,0.5028644175684277,0.7835773392743476,0.683004455760662,0.6564820708678124,Q3,0
County_207,PA,15.9,5.7,14.9,0.9156588160407384,0.7092616168045831,0.9540101845957989,0.8596435391470401,Q4_MostVulnerable,1
County_208,TX,9.2,4.6,10.5,0.5902291534054742,0.5119350732017823,0.6451304901336729,0.5824315722469765,Q3,0
County_209,CO,7.5,4.9,5.2,0.4619669000636537,0.5724061107574793,0.08020369191597708,0.3715255675790366,Q2,0
County_210,TN,12.1,5.0,10.4,0.7689369828134945,0.5911839592616168,0.6325588796944621,0.6642266072565245,Q3,0
County_211,GA,11.1,6.0,15.2,0.7122851686823679,0.7577975811584978,0.9616486314449395,0.8105771270952684,Q4_MostVulnerable,1
County_212,LA,6.6,4.8,9.1,0.3835136855506047,0.5514003819223424,0.47374283895607894,0.46955230214300875,Q2,0
County_213,TX,2.7,4.4,7.1,0.09070655633354552,0.47422024188415024,0.2437937619350732,0.269573520050923,Q1_LeastVulnerable,0
County_214,MA,12.8,4.9,12.1,0.8009229789942711,0.5724061107574793,0.8168364099299809,0.7300551665605771,Q4_MostVulnerable,1
County_215,DE,9.2,3.4,10.4,0.5902291534054742,0.28580521960534694,0.6325588796944621,0.5028644175684277,Q3,0
County_216,CO,2.6,2.3,1.5,0.08402291534054743,0.13319541693189052,0.0027052832590706557,0.0733078718438362,Q1_LeastVulnerable,0
County_217,MI,9.6,3.4,9.3,0.617600254614895,0.28580521960534694,0.4990451941438574,0.46748355612136644,Q2,0
County_218,PA,5.2,4.4,7.5,0.26718650541056654,0.47422024188415024,0.285964353914704,0.3424570337364736,Q2,0
County_219,WY,15.7,5.0,15.4,0.9081795035009548,0.5911839592616168,0.9676957352005092,0.8223530659876936,Q4_MostVulnerable,1
County_220,PA,4.3,6.8,7.3,0.20305537873965626,0.8486632718014003,0.2625716104392107,0.43809675366008904,Q2,0
County_221,TX,13.1,7.9,8.3,0.8107893061744113,0.936187141947804,0.37619350732017826,0.7077233184807978,Q3,0
County_222,OR,16.9,7.1,14.3,0.9433481858688734,0.8771483131763208,0.9352323360916613,0.9185762783789518,Q4_MostVulnerable,1
County_223,TX,6.1,5.1,6.5,0.33800127307447486,0.6078930617441121,0.18125397835773394,0.37571610439210695,Q2,0
County_224,CA,8.0,1.9,6.5,0.5028644175684277,0.09245703373647358,0.18125397835773394,0.25885847655421174,Q1_LeastVulnerable,0
County_225,VA,10.3,8.9,8.5,0.6618395926161681,0.973901973265436,0.39942711648631446,0.6783895607893062,Q3,0
County_226,KY,9.2,3.9,10.7,0.5902291534054742,0.3771483131763208,0.6691597708465945,0.5455124124761298,Q3,0
County_227,VA,2.4,2.5,8.7,0.0728835136855506,0.1581795035009548,0.4252068746021642,0.2187566305962232,Q1_LeastVulnerable,0
County_228,CA,6.1,1.1,9.0,0.33800127307447486,0.03739656269891789,0.4619669000636537,0.2791215786123488,Q1_LeastVulnerable,0
County_229,OH,14.0,6.9,13.3,0.8559834500318269,0.8590070019096118,0.8949713558243158,0.8699872692552515,Q4_MostVulnerable,1
County_230,OK,6.7,2.4,9.3,0.39417568427753025,0.14528962444302992,0.4990451941438574,0.34617016762147257,Q2,0
County_231,WY,16.9,7.2,13.7,0.9433481858688734,0.8887651177593889,0.9143857415658816,0.9154996817313812,Q4_MostVulnerable,1
County_232,PA,13.8,5.3,13.3,0.8465945257797581,0.6411521323997453,0.8949713558243158,0.794239338001273,Q4_MostVulnerable,1
County_233,KY,6.9,2.4,3.6,0.4135900700190961,0.14528962444302992,0.026416295353278166,0.1950986632718014,Q1_LeastVulnerable,0
County_234,MO,5.8,2.5,8.1,0.3166772756206238,0.1581795035009548,0.35534691279439845,0.27673456397199236,Q1_LeastVulnerable,0
County_235,KS,3.4,3.4,4.6,0.13542329726288987,0.28580521960534694,0.0549013367281986,0.1587099511988118,Q1_LeastVulnerable,0
County_236,DE,3.6,1.1,9.1,0.1465626989178867,0.03739656269891789,0.47374283895607894,0.21923403352429452,Q1_LeastVulnerable,0
County_237,GA,6.7,2.9,8.1,0.39417568427753025,0.20926161680458308,0.35534691279439845,0.31959473795883725,Q2,0
County_238,FL,5.2,4.6,7.7,0.26718650541056654,0.5119350732017823,0.30887969446212604,0.3626670910248249,Q2,0
County_239,MO,7.1,8.0,5.6,0.43014003819223423,0.9400063653723743,0.10471037555697009,0.4916189263738595,Q3,0
County_240,TX,13.1,6.7,13.6,0.8107893061744113,0.83991088478676,0.9096117122851687,0.8534373010821134,Q4_MostVulnerable,1
County_241,UT,9.2,3.4,10.8,0.5902291534054742,0.28580521960534694,0.683004455760662,0.5196796095904944,Q3,0
County_242,CA,12.3,5.1,12.3,0.777689369828135,0.6078930617441121,0.8308402291534055,0.7388075535752175,Q4_MostVulnerable,1
County_243,CA,7.2,4.2,7.0,0.4387332908975175,0.4328453214513049,0.23313176320814769,0.36823679185232333,Q2,0
County_244,GA,9.2,4.2,8.0,0.5902291534054742,0.4328453214513049,0.343093570973902,0.455389348610227,Q2,0
County_245,GA,6.7,5.4,8.8,0.39417568427753025,0.6578612348822406,0.4377784850413749,0.4966051347337152,Q3,0
County_246,CA,6.8,4.4,7.0,0.40388287714831317,0.47422024188415024,0.23313176320814769,0.370411627413537,Q2,0
County_247,KY,18.0,8.8,14.9,0.9648313176320815,0.9704010184595799,0.9540101845957989,0.9630808402291535,Q4_MostVulnerable,1
County_248,NV,5.6,3.2,3.5,0.3020369191597708,0.25302355187778486,0.024029280712921704,0.19302991725015914,Q1_LeastVulnerable,0
County_249,MT,10.0,7.0,9.0,0.6419478039465308,0.8682367918523234,0.4619669000636537,0.6573838319541693,Q3,0
County_250,MO,4.6,3.1,10.9,0.22135582431572248,0.23949713558243158,0.6950986632718014,0.38531720772331846,Q2,0
County_251,IN,17.7,5.8,14.7,0.9605346912794398,0.7245385105028644,0.9500318268618714,0.8783683428813919,Q4_MostVulnerable,1
County_252,OH,4.1,6.5,7.4,0.1839592616168046,0.8200190961171229,0.2737110120942075,0.4258964566093783,Q2,0
County_253,TN,4.4,0.6,11.1,0.20910248249522598,0.018141311266709103,0.7211966900063653,0.31614682792276677,Q2,0
County_254,IA,14.1,5.1,7.4,0.8599618077657543,0.6078930617441121,0.2737110120942075,0.5805219605346913,Q3,0
County_255,CA,10.4,4.2,8.6,0.6685232336091661,0.4328453214513049,0.41215786123488224,0.5045088054317844,Q3,0
County_256,IL,6.7,7.8,7.6,0.39417568427753025,0.9310948440483768,0.2980585614258434,0.5411096965839168,Q3,0
County_257,CO,11.4,8.1,12.4,0.7289942711648632,0.9436664544875876,0.8384786760025461,0.8370464672183323,Q4_MostVulnerable,1
County_258,MI,7.6,6.5,10.5,0.4711966900063654,0.8200190961171229,0.6451304901336729,0.645448758752387,Q3,0
County_259,CO,5.8,3.2,6.1,0.3166772756206238,0.25302355187778486,0.14306174411203054,0.2375875238701464,Q1_LeastVulnerable,0
County_260,MA,6.5,7.6,10.3,0.3733290897517505,0.9194780394653087,0.6222151495862508,0.6383407596011033,Q3,0
County_261,FL,16.4,7.5,12.4,0.9302991725015913,0.9127943984723106,0.8384786760025461,0.893857415658816,Q4_MostVulnerable,1
County_262,OK,13.0,7.4,13.9,0.8068109484404837,0.9061107574793126,0.9218650541056652,0.8782622533418204,Q4_MostVulnerable,1
County_263,AZ,10.1,5.3,8.0,0.6484723106301719,0.6411521323997453,0.343093570973902,0.544239338001273,Q3,0
County_264,MO,8.4,4.4,9.0,0.534213876511776,0.47422024188415024,0.4619669000636537,0.49013367281986,Q3,0
County_265,CO,6.1,3.5,7.1,0.33800127307447486,0.30394653087205603,0.2437937619350732,0.2952471886272014,Q2,0
County_266,AL,5.9,3.5,10.1,0.32511139401655,0.30394653087205603,0.6020050922978994,0.41035433906216845,Q2,0
County_267,TX,12.6,6.7,10.3,0.7915340547422024,0.83991088478676,0.6222151495862508,0.751220029705071,Q4_MostVulnerable,1
County_268,NC,2.8,3.4,6.3,0.09723106301718651,0.28580521960534694,0.16152132399745386,0.18151920220666243,Q1_LeastVulnerable,0
County_269,CA,2.1,2.6,7.0,0.059516231699554424,0.16931890515595163,0.23313176320814769,0.15398896668788456,Q1_LeastVulnerable,0
County_270,NC,11.2,7.6,11.7,0.7176957352005092,0.9194780394653087,0.7824633991088479,0.8065457245915552,Q4_MostVulnerable,1
County_271,NM,5.4,0.0,9.5,0.28516868236791854,0.004455760661998727,0.5264162953532782,0.27201357946106514,Q1_LeastVulnerable,0
County_272,MI,14.1,7.0,12.5,0.8599618077657543,0.8682367918523234,0.8467536600891152,0.8583174199023977,Q4_MostVulnerable,1
County_273,LA,13.3,7.1,10.8,0.8209739019732655,0.8771483131763208,0.683004455760662,0.7937088903034161,Q4_MostVulnerable,1
County_274,TX,8.2,6.2,8.4,0.5181413112667091,0.7835773392743476,0.38749204328453213,0.5630702312751963,Q3,0
County_275,GA,13.3,5.9,11.7,0.8209739019732655,0.7418841502227881,0.7824633991088479,0.7817738171016337,Q4_MostVulnerable,1
County_276,KY,13.5,6.4,12.3,0.8329089751750477,0.8095162316995544,0.8308402291534055,0.8244218120093358,Q4_MostVulnerable,1
County_277,IN,15.4,8.1,12.4,0.8994271164863145,0.9436664544875876,0.8384786760025461,0.893857415658816,Q4_MostVulnerable,1
County_278,PA,6.0,6.0,8.0,0.33195416931890515,0.7577975811584978,0.343093570973902,0.47761510715043504,Q2,0
County_279,VT,1.7,2.1,2.8,0.03930617441120306,0.11171228516868237,0.012730744748567792,0.0545830681094844,Q1_LeastVulnerable,0
County_280,TN,0.4,2.5,6.5,0.003500954805856143,0.1581795035009548,0.18125397835773394,0.11431147888818162,Q1_LeastVulnerable,0
County_281,SC,13.3,8.5,12.0,0.8209739019732655,0.9602164226607256,0.8087205601527689,0.8633036282622534,Q4_MostVulnerable,1
County_282,WI,7.7,1.1,10.8,0.47835773392743475,0.03739656269891789,0.683004455760662,0.39958625079567156,Q2,0
County_283,OH,3.6,2.0,6.8,0.1465626989178867,0.10232336091661362,0.2145130490133673,0.15446636961595586,Q1_LeastVulnerable,0
County_284,OR,8.7,6.8,5.9,0.5550604710375557,0.8486632718014003,0.12587523870146403,0.50986632718014,Q3,0
County_285,WI,7.5,5.9,8.0,0.4619669000636537,0.7418841502227881,0.343093570973902,0.5156482070867813,Q3,0
County_286,AL,8.2,5.2,8.7,0.5181413112667091,0.6247612985359644,0.4252068746021642,0.5227031614682792,Q3,0
County_287,NY,6.9,3.4,10.0,0.4135900700190961,0.28580521960534694,0.5910248249522597,0.4301400381922343,Q2,0
County_288,OK,11.9,4.3,6.8,0.7568427753023552,0.45401018459579884,0.2145130490133673,0.47512200297050716,Q2,0
County_289,VT,3.7,2.2,6.9,0.1532463399108848,0.1223742838956079,0.22294716740929343,0.16618926373859536,Q1_LeastVulnerable,0
County_290,TX,7.3,6.5,9.7,0.4473265436028008,0.8200190961171229,0.5517186505410566,0.6063547634203267,Q3,0
County_291,TN,5.1,2.6,6.2,0.25732017823042647,0.16931890515595163,0.1522915340547422,0.19297687248037343,Q1_LeastVulnerable,0
County_292,WA,10.9,5.4,10.6,0.7000318268618714,0.6578612348822406,0.6573838319541693,0.6717589645660937,Q3,0
County_293,MS,4.8,2.3,6.1,0.23424570337364736,0.13319541693189052,0.14306174411203054,0.17016762147252282,Q1_LeastVulnerable,0
County_294,AL,2.9,4.1,5.0,0.10280076384468491,0.41263526416295354,0.06954169318905155,0.19499257373223,Q1_LeastVulnerable,0
County_295,AL,9.8,4.1,9.1,0.6295353278166773,0.41263526416295354,0.47374283895607894,0.50530447697857,Q3,0
County_296,MO,9.2,4.6,8.2,0.5902291534054742,0.5119350732017823,0.3663271801400382,0.4894971355824316,Q3,0
County_297,ME,2.3,0.2,7.5,0.06795035009548059,0.010025461489497135,0.285964353914704,0.12131338849989391,Q1_LeastVulnerable,0
County_298,MA,14.2,3.8,10.6,0.8636218968809676,0.3582113303628262,0.6573838319541693,0.626405686399321,Q3,0
County_299,KY,9.5,4.9,7.9,0.6120305537873966,0.5724061107574793,0.33131763208147674,0.5052514322087842,Q3,0
County_300,VT,6.2,1.9,11.6,0.3475493316359007,0.09245703373647358,0.77466581795035,0.40489072777424145,Q2,0
County_301,IA,1.2,5.5,7.5,0.019255251432208784,0.6744112030553787,0.285964353914704,0.32654360280076383,Q2,0
County_302,TX,12.5,2.7,7.5,0.7862826225334182,0.18061744112030553,0.285964353914704,0.4176214725228092,Q2,0
County_303,TX,9.2,3.5,8.0,0.5902291534054742,0.30394653087205603,0.343093570973902,0.4124230850838107,Q2,0
County_304,MN,10.8,5.3,10.9,0.6917568427753024,0.6411521323997453,0.6950986632718014,0.6760025461489496,Q3,0
County_305,MA,9.6,4.3,10.4,0.617600254614895,0.45401018459579884,0.6325588796944621,0.5680564396350519,Q3,0
County_306,PA,1.8,0.9,2.9,0.045035009548058565,0.027530235518777847,0.014003819223424571,0.028856354763420328,Q1_LeastVulnerable,0
County_307,OH,6.5,2.5,10.6,0.3733290897517505,0.1581795035009548,0.6573838319541693,0.39629747506895824,Q2,0
County_308,IN,12.7,4.3,13.0,0.7969446212603437,0.45401018459579884,0.8779439847231063,0.7096329301930829,Q4_MostVulnerable,1
County_309,CA,2.6,2.3,7.3,0.08402291534054743,0.13319541693189052,0.2625716104392107,0.15992998090388288,Q1_LeastVulnerable,0
County_310,GA,7.2,7.1,11.3,0.4387332908975175,0.8771483131763208,0.7404519414385742,0.6854445151708042,Q3,0
County_311,CA,3.2,3.1,7.5,0.11950986632718014,0.23949713558243158,0.285964353914704,0.2149904519414386,Q1_LeastVulnerable,0
County_312,IL,11.8,7.3,11.8,0.7517504774029281,0.8992679821769574,0.7921705919796308,0.8143963505198387,Q4_MostVulnerable,1
County_313,GA,7.7,5.1,12.0,0.47835773392743475,0.6078930617441121,0.8087205601527689,0.6316571186081053,Q3,0
County_314,NY,11.5,7.1,13.0,0.7342457033736474,0.8771483131763208,0.8779439847231063,0.8297793337576915,Q4_MostVulnerable,1
County_315,WA,11.0,1.1,8.8,0.7067154678548695,0.03739656269891789,0.4377784850413749,0.3939635051983874,Q2,0
County_316,ND,17.4,6.8,15.0,0.9546467218332273,0.8486632718014003,0.9563971992361553,0.9199023976235944,Q4_MostVulnerable,1
County_317,VA,16.9,9.0,12.1,0.9433481858688734,0.9759707192870783,0.8168364099299809,0.9120517716953108,Q4_MostVulnerable,1
County_318,PA,2.7,1.9,7.3,0.09070655633354552,0.09245703373647358,0.2625716104392107,0.14857840016974325,Q1_LeastVulnerable,0
County_319,OK,10.3,7.7,11.1,0.6618395926161681,0.9250477402928071,0.7211966900063653,0.7693613409717802,Q4_MostVulnerable,1
County_320,LA,18.3,9.7,11.4,0.9696053469127944,0.9882240611075748,0.7522278803309994,0.9033524294504561,Q4_MostVulnerable,1
County_321,IN,9.4,4.1,9.5,0.6053469127943985,0.41263526416295354,0.5264162953532782,0.5147994907702101,Q3,0
County_322,TN,19.4,7.1,15.2,0.98026734563972,0.8771483131763208,0.9616486314449395,0.9396880967536602,Q4_MostVulnerable,1
County_323,TX,6.8,2.5,7.5,0.40388287714831317,0.1581795035009548,0.285964353914704,0.28267557818799066,Q1_LeastVulnerable,0
County_324,MA,13.6,5.1,12.4,0.838319541693189,0.6078930617441121,0.8384786760025461,0.7615637598132824,Q4_MostVulnerable,1
County_325,AL,18.0,5.5,15.6,0.9648313176320815,0.6744112030553787,0.9734245703373647,0.8708890303416084,Q4_MostVulnerable,1
County_326,RI,4.1,3.9,7.0,0.1839592616168046,0.3771483131763208,0.23313176320814769,0.26474644600042435,Q1_LeastVulnerable,0
County_327,IL,7.1,1.9,9.0,0.43014003819223423,0.09245703373647358,0.4619669000636537,0.3281879906641205,Q2,0
County_328,AL,18.1,8.3,16.8,0.9669000636537237,0.9524188415022279,0.9899745385105029,0.9697644812221515,Q4_MostVulnerable,1
County_329,SC,8.8,5.6,10.3,0.5614258434118395,0.6920751113940166,0.6222151495862508,0.6252387014640356,Q3,0
County_330,MS,12.0,3.1,11.4,0.7627307447485678,0.23949713558243158,0.7522278803309994,0.5848185868873329,Q3,0
County_331,ND,13.5,8.4,9.8,0.8329089751750477,0.9565563335455124,0.5658816040738384,0.7851156375981327,Q4_MostVulnerable,1
County_332,UT,5.5,4.4,9.1,0.2936028007638447,0.47422024188415024,0.47374283895607894,0.4138552938680246,Q2,0
County_333,MS,12.3,6.8,11.8,0.777689369828135,0.8486632718014003,0.7921705919796308,0.8061744112030554,Q4_MostVulnerable,1
County_334,MN,10.5,4.0,12.8,0.6745703373647358,0.39449395289624445,0.8647358370464672,0.6446000424358158,Q3,0
County_335,IL,5.3,4.5,7.7,0.27641629535327816,0.49267982176957353,0.30887969446212604,0.3593252705283259,Q2,0
County_336,IL,6.2,5.5,4.4,0.3475493316359007,0.6744112030553787,0.0483768300445576,0.3567791215786123,Q2,0
County_337,SC,18.3,7.3,10.7,0.9696053469127944,0.8992679821769574,0.6691597708465945,0.8460110333121155,Q4_MostVulnerable,1
County_338,MA,4.2,6.3,8.6,0.19478039465308722,0.7969446212603437,0.41215786123488224,0.46796095904943774,Q2,0
County_339,CO,13.1,6.0,10.4,0.8107893061744113,0.7577975811584978,0.6325588796944621,0.7337152556757904,Q4_MostVulnerable,1
County_340,CA,9.2,6.5,10.5,0.5902291534054742,0.8200190961171229,0.6451304901336729,0.6851262465520899,Q3,0
County_341,MI,13.7,6.5,12.1,0.8424570337364736,0.8200190961171229,0.8168364099299809,0.8264375132611925,Q4_MostVulnerable,1
County_342,MI,12.8,6.7,11.1,0.8009229789942711,0.83991088478676,0.7211966900063653,0.787343517929132,Q4_MostVulnerable,1
County_343,NY,8.3,2.0,9.0,0.5256206238064927,0.10232336091661362,0.4619669000636537,0.3633036282622533,Q2,0
County_344,MI,5.6,4.2,6.0,0.3020369191597708,0.4328453214513049,0.1341502227880331,0.289677487799703,Q2,0
County_345,CO,16.7,5.9,13.3,0.9385741565881605,0.7418841502227881,0.8949713558243158,0.8584765542117547,Q4_MostVulnerable,1
County_346,MN,15.1,5.3,11.4,0.8913112667091024,0.6411521323997453,0.7522278803309994,0.7615637598132823,Q4_MostVulnerable,1
County_347,TX,9.7,7.5,9.1,0.6228516868236792,0.9127943984723106,0.47374283895607894,0.6697963080840229,Q3,0
County_348,CO,8.8,4.3,8.8,0.5614258434118395,0.45401018459579884,0.4377784850413749,0.4844048376830044,Q2,0
County_349,OH,3.8,1.6,6.4,0.16008911521323999,0.07001909611712286,0.1717059197963081,0.13393804370889031,Q1_LeastVulnerable,0
County_350,NV,13.3,5.5,13.5,0.8209739019732655,0.6744112030553787,0.9048376830044558,0.8000742626777,Q4_MostVulnerable,1
County_351,OR,17.3,5.2,13.4,0.952577975811585,0.6247612985359644,0.9005410566518142,0.8259601103331212,Q4_MostVulnerable,1
County_352,CO,3.7,5.3,8.9,0.1532463399108848,0.6411521323997453,0.45019096117122853,0.41486314449395284,Q2,0
County_353,VA,4.3,2.2,10.2,0.20305537873965626,0.1223742838956079,0.6120305537873966,0.31248673880755357,Q2,0
County_354,NM,5.6,4.5,9.5,0.3020369191597708,0.49267982176957353,0.5264162953532782,0.44037767876087414,Q2,0
County_355,TN,5.7,5.8,8.9,0.30919796308084024,0.7245385105028644,0.45019096117122853,0.49464247825164437,Q3,0
County_356,GA,8.3,3.7,9.8,0.5256206238064927,0.3392743475493316,0.5658816040738384,0.4769255251432209,Q2,0
County_357,OR,7.8,5.1,10.6,0.4859961807765754,0.6078930617441121,0.6573838319541693,0.5837576914916189,Q3,0
County_358,PA,3.5,1.5,6.9,0.14035646085295989,0.06253978357733928,0.22294716740929343,0.14194780394653086,Q1_LeastVulnerable,0
County_359,KY,17.6,11.0,15.8,0.9586250795671547,0.9980903882877148,0.9774029280712921,0.9780394653087207,Q4_MostVulnerable,1
County_360,KY,4.3,4.7,8.4,0.20305537873965626,0.5316677275620624,0.38749204328453213,0.3740717165287502,Q2,0
County_361,NY,8.0,4.1,8.3,0.5028644175684277,0.41263526416295354,0.37619350732017826,0.43056439635051985,Q2,0
County_362,CA,5.1,2.4,9.3,0.25732017823042647,0.14528962444302992,0.4990451941438574,0.30055166560577123,Q2,0
County_363,OK,15.2,6.4,12.8,0.8941756842775302,0.8095162316995544,0.8647358370464672,0.856142584341184,Q4_MostVulnerable,1
County_364,AR,6.5,3.4,8.0,0.3733290897517505,0.28580521960534694,0.343093570973902,0.33407596011033314,Q2,0
County_365,CT,9.1,7.7,8.6,0.5819541693189052,0.9250477402928071,0.41215786123488224,0.6397199236155315,Q3,0
County_366,NC,18.1,5.6,14.4,0.9669000636537237,0.6920751113940166,0.9398472310630172,0.8662741353702524,Q4_MostVulnerable,1
County_367,CA,6.8,4.2,10.4,0.40388287714831317,0.4328453214513049,0.6325588796944621,0.48976235943136004,Q3,0
County_368,WV,9.9,4.9,11.7,0.6360598345003182,0.5724061107574793,0.7824633991088479,0.6636431147888818,Q3,0
County_369,TX,4.7,3.2,8.0,0.22756206238064927,0.25302355187778486,0.343093570973902,0.27455972841077875,Q1_LeastVulnerable,0
County_370,NY,7.9,4.2,10.2,0.4949077021005729,0.4328453214513049,0.6120305537873966,0.5132611924464249,Q3,0
County_371,SD,11.6,5.3,13.3,0.7396562698917887,0.6411521323997453,0.8949713558243158,0.7585932527052832,Q4_MostVulnerable,1
County_372,TX,3.7,4.4,6.5,0.1532463399108848,0.47422024188415024,0.18125397835773394,0.269573520050923,Q1_LeastVulnerable,0
County_373,GA,6.9,5.0,6.2,0.4135900700190961,0.5911839592616168,0.1522915340547422,0.38568852111181834,Q2,0
County_374,TN,10.1,5.7,12.7,0.6484723106301719,0.7092616168045831,0.8580521960534692,0.7385953744960747,Q4_MostVulnerable,1
County_375,DE,2.2,0.0,5.0,0.06397199236155315,0.004455760661998727,0.06954169318905155,0.04598981540420114,Q1_LeastVulnerable,0
County_376,LA,11.3,5.9,9.3,0.7232654360280076,0.7418841502227881,0.4990451941438574,0.6547315934648844,Q3,0
County_377,MO,9.6,2.4,6.2,0.617600254614895,0.14528962444302992,0.1522915340547422,0.3050604710375557,Q2,0
County_378,OH,5.9,4.7,9.1,0.32511139401655,0.5316677275620624,0.47374283895607894,0.44350732017823047,Q2,0
County_379,AZ,8.6,6.8,6.1,0.5488542329726289,0.8486632718014003,0.14306174411203054,0.5135264162953533,Q3,0
County_380,IL,18.0,6.0,12.5,0.9648313176320815,0.7577975811584978,0.8467536600891152,0.8564608529598982,Q4_MostVulnerable,1
County_381,NJ,2.9,2.5,7.6,0.10280076384468491,0.1581795035009548,0.2980585614258434,0.18634627625716105,Q1_LeastVulnerable,0
County_382,IA,8.3,3.6,10.6,0.5256206238064927,0.3217695735200509,0.6573838319541693,0.5015913430935709,Q3,0
County_383,PA,15.1,8.4,11.3,0.8913112667091024,0.9565563335455124,0.7404519414385742,0.8627731805643964,Q4_MostVulnerable,1
County_384,NY,4.8,3.6,7.1,0.23424570337364736,0.3217695735200509,0.2437937619350732,0.2666030129429238,Q1_LeastVulnerable,0
County_385,FL,6.4,6.5,6.5,0.3647358370464672,0.8200190961171229,0.18125397835773394,0.4553363038404414,Q2,0
County_386,CO,13.9,6.8,10.9,0.8515276893698281,0.8486632718014003,0.6950986632718014,0.7984298748143432,Q4_MostVulnerable,1
County_387,NY,8.3,4.9,9.7,0.5256206238064927,0.5724061107574793,0.5517186505410566,0.5499151283683429,Q3,0
County_388,MA,5.6,3.8,6.8,0.3020369191597708,0.3582113303628262,0.2145130490133673,0.2915870995119881,Q2,0
County_389,CO,3.4,4.3,6.2,0.13542329726288987,0.45401018459579884,0.1522915340547422,0.24724167197114363,Q1_LeastVulnerable,0
County_390,IN,12.7,3.2,8.4,0.7969446212603437,0.25302355187778486,0.38749204328453213,0.4791534054742202,Q2,0
County_391,IL,19.3,7.9,16.9,0.9789942711648632,0.936187141947804,0.9910884786760026,0.9687566305962232,Q4_MostVulnerable,1
County_392,CA,9.2,4.7,10.6,0.5902291534054742,0.5316677275620624,0.6573838319541693,0.593093570973902,Q3,0
County_393,MO,12.3,6.8,12.7,0.777689369828135,0.8486632718014003,0.8580521960534692,0.8281349458943348,Q4_MostVulnerable,1
County_394,PA,5.9,3.5,10.5,0.32511139401655,0.30394653087205603,0.6451304901336729,0.424729471674093,Q2,0
County_395,MT,4.2,1.7,5.4,0.19478039465308722,0.07670273711012095,0.0918204964990452,0.12110120942075113,Q1_LeastVulnerable,0
County_396,TN,3.0,2.9,5.8,0.10789306174411203,0.20926161680458308,0.11887332908975175,0.1453426692128156,Q1_LeastVulnerable,0
County_397,CA,11.0,3.7,6.7,0.7067154678548695,0.3392743475493316,0.20321451304901336,0.4164014428177381,Q2,0
County_398,ME,15.2,3.7,18.9,0.8941756842775302,0.3392743475493316,0.9988860598345003,0.7441120305537874,Q4_MostVulnerable,1
County_399,NJ,7.1,5.2,8.2,0.43014003819223423,0.6247612985359644,0.3663271801400382,0.47374283895607894,Q2,0
County_400,NC,12.2,6.5,13.2,0.7733927434754934,0.8200190961171229,0.8886059834500318,0.8273392743475494,Q4_MostVulnerable,1
County_401,OH,7.9,5.1,6.5,0.4949077021005729,0.6078930617441121,0.18125397835773394,0.4280182474008063,Q2,0
County_402,OK,11.4,7.4,12.7,0.7289942711648632,0.9061107574793126,0.8580521960534692,0.8310524082325483,Q4_MostVulnerable,1
County_403,NY,6.8,3.0,12.1,0.40388287714831317,0.22469764481222151,0.8168364099299809,0.4818056439635052,Q2,0
County_404,CA,1.4,0.3,5.6,0.02816677275620624,0.0120942075111394,0.10471037555697009,0.04832378527477191,Q1_LeastVulnerable,0
County_405,OH,4.9,3.4,5.4,0.24188415022278803,0.28580521960534694,0.0918204964990452,0.20650328877572674,Q1_LeastVulnerable,0
County_406,OK,5.7,3.2,7.6,0.30919796308084024,0.25302355187778486,0.2980585614258434,0.28676002546148954,Q1_LeastVulnerable,0
County_407,WI,7.8,3.1,4.5,0.4859961807765754,0.23949713558243158,0.051559516231699555,0.25901761086356884,Q1_LeastVulnerable,0
County_408,OH,10.7,5.1,10.3,0.6853914704010184,0.6078930617441121,0.6222151495862508,0.6384998939104604,Q3,0
County_409,OH,2.4,1.8,7.9,0.0728835136855506,0.08338637810311904,0.33131763208147674,0.16252917462338212,Q1_LeastVulnerable,0
County_410,MN,3.3,0.2,6.6,0.12842138765117758,0.010025461489497135,0.19080203691915978,0.10974962868661149,Q1_LeastVulnerable,0
County_411,TX,7.4,3.5,8.1,0.45385105028644174,0.30394653087205603,0.35534691279439845,0.3710481646509654,Q2,0
County_412,WY,16.4,5.2,14.2,0.9302991725015913,0.6247612985359644,0.9307765754296626,0.8286123488224062,Q4_MostVulnerable,1
County_413,PA,10.1,5.4,11.2,0.6484723106301719,0.6578612348822406,0.7313812858052197,0.6792382771058775,Q3,0
County_414,NM,3.4,2.0,3.4,0.13542329726288987,0.10232336091661362,0.021801400381922343,0.08651601952047527,Q1_LeastVulnerable,0
County_415,CA,2.4,4.4,6.4,0.0728835136855506,0.47422024188415024,0.1717059197963081,0.23960322512200297,Q1_LeastVulnerable,0
County_416,OK,6.7,6.4,13.2,0.39417568427753025,0.8095162316995544,0.8886059834500318,0.6974326331423722,Q3,0
County_417,OH,7.2,5.2,5.9,0.4387332908975175,0.6247612985359644,0.12587523870146403,0.39645660937831534,Q2,0
County_418,PA,14.1,3.9,11.9,0.8599618077657543,0.3771483131763208,0.8017186505410566,0.6796095904943772,Q3,0
County_419,CA,3.3,5.2,10.5,0.12842138765117758,0.6247612985359644,0.6451304901336729,0.46610439210693827,Q2,0
County_420,NY,10.5,7.5,12.5,0.6745703373647358,0.9127943984723106,0.8467536600891152,0.8113727986420539,Q4_MostVulnerable,1
County_421,IL,3.4,3.1,5.7,0.13542329726288987,0.23949713558243158,0.11187141947803947,0.16226395077445363,Q1_LeastVulnerable,0
County_422,PA,15.6,8.7,13.2,0.9048376830044558,0.9662635264162953,0.8886059834500318,0.9199023976235944,Q4_MostVulnerable,1
County_423,GA,13.9,5.3,11.9,0.8515276893698281,0.6411521323997453,0.8017186505410566,0.7647994907702101,Q4_MostVulnerable,1
County_424,ND,13.4,3.2,10.2,0.8271801400381922,0.25302355187778486,0.6120305537873966,0.5640780819011245,Q3,0
County_425,IL,13.5,4.9,11.6,0.8329089751750477,0.5724061107574793,0.77466581795035,0.7266603012942924,Q4_MostVulnerable,1
County_426,AL,6.2,6.5,7.6,0.3475493316359007,0.8200190961171229,0.2980585614258434,0.488542329726289,Q2,0
County_427,NY,16.6,4.7,13.5,0.936187141947804,0.5316677275620624,0.9048376830044558,0.790897517504774,Q4_MostVulnerable,1
County_428,CA,7.2,4.2,7.1,0.4387332908975175,0.4328453214513049,0.2437937619350732,0.37179079142796523,Q2,0
County_429,NY,10.6,5.2,7.7,0.6806174411203055,0.6247612985359644,0.30887969446212604,0.5380861447061319,Q3,0
County_430,VA,16.9,6.3,13.4,0.9433481858688734,0.7969446212603437,0.9005410566518142,0.8802779545936771,Q4_MostVulnerable,1
County_431,WA,2.0,1.9,9.4,0.054423933800127305,0.09245703373647358,0.5135264162953532,0.2201357946106514,Q1_LeastVulnerable,0
County_432,GA,14.3,6.4,12.3,0.867600254614895,0.8095162316995544,0.8308402291534055,0.8359855718226182,Q4_MostVulnerable,1
County_433,SC,10.9,4.4,9.8,0.7000318268618714,0.47422024188415024,0.5658816040738384,0.58004455760662,Q3,0
County_434,IA,12.0,3.5,12.5,0.7627307447485678,0.30394653087205603,0.8467536600891152,0.6378103119032464,Q3,0
County_435,TX,4.3,3.6,6.9,0.20305537873965626,0.3217695735200509,0.22294716740929343,0.2492573732230002,Q1_LeastVulnerable,0
County_436,PA,4.5,4.9,11.0,0.21530872056015277,0.5724061107574793,0.707511139401655,0.49840865690642905,Q3,0
County_437,CA,8.0,5.7,9.0,0.5028644175684277,0.7092616168045831,0.4619669000636537,0.5580309781455548,Q3,0
County_438,LA,8.0,3.2,10.4,0.5028644175684277,0.25302355187778486,0.6325588796944621,0.4628156163802249,Q2,0
County_439,IN,6.1,1.9,6.5,0.33800127307447486,0.09245703373647358,0.18125397835773394,0.20390409505622745,Q1_LeastVulnerable,0
County_440,PA,15.6,6.2,13.8,0.9048376830044558,0.7835773392743476,0.9186823679185232,0.8690324633991088,Q4_MostVulnerable,1
County_441,LA,0.4,4.5,5.7,0.003500954805856143,0.49267982176957353,0.11187141947803947,0.20268406535115638,Q1_LeastVulnerable,0
County_442,ND,6.9,5.0,8.3,0.4135900700190961,0.5911839592616168,0.37619350732017826,0.460322512200297,Q2,0
County_443,NJ,2.7,3.9,5.3,0.09070655633354552,0.3771483131763208,0.08625079567154678,0.1847018883938044,Q1_LeastVulnerable,0
County_444,WV,16.3,8.2,11.9,0.9269573520050923,0.9481222151495863,0.8017186505410566,0.8922660725652451,Q4_MostVulnerable,1
County_445,VA,10.1,5.7,10.6,0.6484723106301719,0.7092616168045831,0.6573838319541693,0.6717059197963081,Q3,0
County_446,LA,6.6,4.2,9.6,0.3835136855506047,0.4328453214513049,0.5383513685550605,0.4515701251856567,Q2,0
County_447,OK,3.7,4.1,6.6,0.1532463399108848,0.41263526416295354,0.19080203691915978,0.25222788033099935,Q1_LeastVulnerable,0
County_448,TN,9.8,4.1,10.5,0.6295353278166773,0.41263526416295354,0.6451304901336729,0.562433694037768,Q3,0
County_449,TX,3.0,0.8,6.4,0.10789306174411203,0.023870146403564607,0.1717059197963081,0.10115637598132825,Q1_LeastVulnerable,0
County_450,CA,10.1,6.1,10.3,0.6484723106301719,0.7705283259070655,0.6222151495862508,0.6804052620411628,Q3,0
County_451,IL,17.5,9.1,13.3,0.9567154678548695,0.9780394653087205,0.8949713558243158,0.9432420963293019,Q4_MostVulnerable,1
County_452,IN,16.5,5.3,13.3,0.9334818586887333,0.6411521323997453,0.8949713558243158,0.8232017823042649,Q4_MostVulnerable,1
County_453,ME,4.3,4.5,12.6,0.20305537873965626,0.49267982176957353,0.8526416295353278,0.5161256100148526,Q3,0
County_454,CO,16.2,9.4,13.7,0.9239338001273074,0.9840865690642903,0.9143857415658816,0.9408020369191599,Q4_MostVulnerable,1
County_455,MI,1.5,2.4,7.0,0.03166772756206238,0.14528962444302992,0.23313176320814769,0.13669637173774665,Q1_LeastVulnerable,0
County_456,NC,6.8,2.8,9.3,0.40388287714831317,0.19462126034373012,0.4990451941438574,0.3658497772119669,Q2,0
County_457,MI,4.5,3.5,6.7,0.21530872056015277,0.30394653087205603,0.20321451304901336,0.2408232548270741,Q1_LeastVulnerable,0
County_458,NC,1.2,1.5,8.2,0.019255251432208784,0.06253978357733928,0.3663271801400382,0.14937407171652875,Q1_LeastVulnerable,0
County_459,CA,12.6,4.9,10.7,0.7915340547422024,0.5724061107574793,0.6691597708465945,0.677699978782092,Q3,0
County_460,TX,14.1,6.9,14.2,0.8599618077657543,0.8590070019096118,0.9307765754296626,0.8832484617016764,Q4_MostVulnerable,1
County_461,VA,13.8,3.7,11.2,0.8465945257797581,0.3392743475493316,0.7313812858052197,0.6390833863781031,Q3,0
County_462,NM,8.8,2.5,7.5,0.5614258434118395,0.1581795035009548,0.285964353914704,0.33518990027583273,Q2,0
County_463,TX,9.8,5.0,10.6,0.6295353278166773,0.5911839592616168,0.6573838319541693,0.6260343730108211,Q3,0
County_464,CA,18.2,7.4,11.9,0.9684914067472947,0.9061107574793126,0.8017186505410566,0.892106938255888,Q4_MostVulnerable,1
County_465,SC,6.8,4.6,9.5,0.40388287714831317,0.5119350732017823,0.5264162953532782,0.4807447485677912,Q2,0
County_466,CA,9.9,7.8,7.5,0.6360598345003182,0.9310948440483768,0.285964353914704,0.6177063441544663,Q3,0
County_467,LA,5.7,3.9,7.2,0.30919796308084024,0.3771483131763208,0.25302355187778486,0.31312327604498197,Q2,0
County_468,IN,14.3,7.2,9.3,0.867600254614895,0.8887651177593889,0.4990451941438574,0.7518035221727137,Q4_MostVulnerable,1
County_469,NE,13.9,4.7,17.6,0.8515276893698281,0.5316677275620624,0.99506683640993,0.7927540844472736,Q4_MostVulnerable,1
County_470,IL,10.1,6.2,6.7,0.6484723106301719,0.7835773392743476,0.20321451304901336,0.5450880543178442,Q3,0
County_471,NY,8.7,3.8,9.4,0.5550604710375557,0.3582113303628262,0.5135264162953532,0.4755994058985784,Q2,0
County_472,KS,9.0,4.8,11.8,0.5749522597071929,0.5514003819223424,0.7921705919796308,0.6395077445363887,Q3,0
County_473,TX,9.8,4.8,12.0,0.6295353278166773,0.5514003819223424,0.8087205601527689,0.6632187566305963,Q3,0
County_474,NY,2.0,4.2,7.7,0.054423933800127305,0.4328453214513049,0.30887969446212604,0.26538298323785275,Q1_LeastVulnerable,0
County_475,FL,10.0,3.0,9.4,0.6419478039465308,0.22469764481222151,0.5135264162953532,0.4600572883513685,Q2,0
County_476,IN,17.1,3.7,16.2,0.9484404837683005,0.3392743475493316,0.9837683004455761,0.7571610439210694,Q4_MostVulnerable,1
County_477,TN,5.1,3.2,9.4,0.25732017823042647,0.25302355187778486,0.5135264162953532,0.34129004880118813,Q2,0
County_478,KY,9.7,5.6,10.3,0.6228516868236792,0.6920751113940166,0.6222151495862508,0.6457139826013155,Q3,0
County_479,MS,7.8,4.6,9.4,0.4859961807765754,0.5119350732017823,0.5135264162953532,0.5038192234245703,Q3,0
County_480,NY,6.3,5.7,7.6,0.35709739019732656,0.7092616168045831,0.2980585614258434,0.4548058561425843,Q2,0
County_481,IA,13.4,6.7,9.9,0.8271801400381922,0.83991088478676,0.5786123488224061,0.7485677912157861,Q4_MostVulnerable,1
County_482,IL,5.8,2.9,10.4,0.3166772756206238,0.20926161680458308,0.6325588796944621,0.38616592403988964,Q2,0
County_483,MI,12.6,2.3,13.9,0.7915340547422024,0.13319541693189052,0.9218650541056652,0.6155315085932527,Q3,0
County_484,FL,9.4,4.5,8.0,0.6053469127943985,0.49267982176957353,0.343093570973902,0.4803734351792914,Q2,0
County_485,IL,2.7,4.3,6.0,0.09070655633354552,0.45401018459579884,0.1341502227880331,0.22628898790579247,Q1_LeastVulnerable,0
County_486,CA,5.4,3.0,7.4,0.28516868236791854,0.22469764481222151,0.2737110120942075,0.2611924464247825,Q1_LeastVulnerable,0
County_487,IL,8.7,4.6,9.3,0.5550604710375557,0.5119350732017823,0.4990451941438574,0.5220135794610651,Q3,0
County_488,IN,5.7,4.4,8.0,0.30919796308084024,0.47422024188415024,0.343093570973902,0.37550392531296417,Q2,0
County_489,WA,7.6,2.8,10.7,0.4711966900063654,0.19462126034373012,0.6691597708465945,0.44499257373223,Q2,0
County_490,NV,7.9,5.3,7.4,0.4949077021005729,0.6411521323997453,0.2737110120942075,0.4699236155315085,Q2,0
County_491,PA,5.6,6.1,6.1,0.3020369191597708,0.7705283259070655,0.14306174411203054,0.40520899639295566,Q2,0
County_492,AR,3.7,2.9,9.3,0.1532463399108848,0.20926161680458308,0.4990451941438574,0.2871843836197751,Q1_LeastVulnerable,0
County_493,CA,10.8,3.5,9.5,0.6917568427753024,0.30394653087205603,0.5264162953532782,0.5073732230002123,Q3,0
County_494,SD,0.2,2.0,2.6,0.000795671546785487,0.10232336091661362,0.010184595798854232,0.03776787608741778,Q1_LeastVulnerable,0
County_495,NM,6.8,0.7,7.4,0.40388287714831317,0.021005728835136857,0.2737110120942075,0.23286653935921917,Q1_LeastVulnerable,0
County_496,CT,11.0,5.8,9.9,0.7067154678548695,0.7245385105028644,0.5786123488224061,0.66995544239338,Q3,0
County_497,KY,14.1,6.9,15.2,0.8599618077657543,0.8590070019096118,0.9616486314449395,0.8935391470401018,Q4_MostVulnerable,1
County_498,MS,7.0,6.6,10.4,0.42218332272437936,0.8302036919159771,0.6325588796944621,0.6283152981116061,Q3,0
County_499,TN,18.1,7.1,16.4,0.9669000636537237,0.8771483131763208,0.9867918523233609,0.9436134097178018,Q4_MostVulnerable,1
County_500,CA,3.3,3.6,8.3,0.12842138765117758,0.3217695735200509,0.37619350732017826,0.2754614894971356,Q1_LeastVulnerable,0
County_501,NV,8.8,3.3,11.3,0.5614258434118395,0.2686187141947804,0.7404519414385742,0.5234988330150647,Q3,0
County_502,OH,7.3,3.7,7.3,0.4473265436028008,0.3392743475493316,0.2625716104392107,0.34972416719711436,Q2,0
County_503,WV,2.7,0.5,6.0,0.09070655633354552,0.015436028007638446,0.1341502227880331,0.08009760237640569,Q1_LeastVulnerable,0
County_504,SC,10.3,4.8,8.2,0.6618395926161681,0.5514003819223424,0.3663271801400382,0.5265223848928495,Q3,0
County_505,ID,7.8,3.9,8.5,0.4859961807765754,0.3771483131763208,0.39942711648631446,0.4208572034797369,Q2,0
County_506,OH,3.2,3.4,8.0,0.11950986632718014,0.28580521960534694,0.343093570973902,0.249469552302143,Q1_LeastVulnerable,0
County_507,PA,10.2,4.1,10.4,0.6549968173138129,0.41263526416295354,0.6325588796944621,0.5667303203904095,Q3,0
County_508,OK,2.0,2.7,8.6,0.054423933800127305,0.18061744112030553,0.41215786123488224,0.21573307871843836,Q1_LeastVulnerable,0
County_509,TN,11.8,5.1,8.6,0.7517504774029281,0.6078930617441121,0.41215786123488224,0.590600466793974,Q3,0
County_510,TX,5.1,3.0,8.6,0.25732017823042647,0.22469764481222151,0.41215786123488224,0.29805856142584336,Q2,0
County_511,CA,20.7,8.3,12.9,0.9906110757479313,0.9524188415022279,0.8715786123488224,0.9382028431996604,Q4_MostVulnerable,1
County_512,CA,5.1,3.6,7.7,0.25732017823042647,0.3217695735200509,0.30887969446212604,0.29598981540420116,Q2,0
County_513,SC,7.8,5.5,10.4,0.4859961807765754,0.6744112030553787,0.6325588796944621,0.5976554211754721,Q3,0
County_514,GA,10.2,4.9,9.7,0.6549968173138129,0.5724061107574793,0.5517186505410566,0.5930405262041162,Q3,0
County_515,CA,5.8,3.2,9.0,0.3166772756206238,0.25302355187778486,0.4619669000636537,0.3438892425206874,Q2,0
County_516,KY,13.3,5.7,9.7,0.8209739019732655,0.7092616168045831,0.5517186505410566,0.6939847231063018,Q3,0
County_517,SD,8.8,3.6,6.0,0.5614258434118395,0.3217695735200509,0.1341502227880331,0.33911521323997457,Q2,0
County_518,CA,1.3,1.8,6.8,0.0241884150222788,0.08338637810311904,0.2145130490133673,0.10736261404625504,Q1_LeastVulnerable,0
County_519,NC,2.6,5.8,9.8,0.08402291534054743,0.7245385105028644,0.5658816040738384,0.45814767663908346,Q2,0
County_520,AL,14.2,4.9,10.1,0.8636218968809676,0.5724061107574793,0.6020050922978994,0.6793443666454487,Q3,0
County_521,CA,8.2,4.0,11.6,0.5181413112667091,0.39449395289624445,0.77466581795035,0.5624336940377679,Q3,0
County_522,IA,7.1,3.6,8.6,0.43014003819223423,0.3217695735200509,0.41215786123488224,0.3880224909823891,Q2,0
County_523,CA,8.0,4.0,6.3,0.5028644175684277,0.39449395289624445,0.16152132399745386,0.352959898154042,Q2,0
County_524,TN,3.1,2.4,4.3,0.11298535964353915,0.14528962444302992,0.045671546785486954,0.10131551029068535,Q1_LeastVulnerable,0
County_525,TX,6.8,4.5,8.5,0.40388287714831317,0.49267982176957353,0.39942711648631446,0.4319966051347337,Q2,0
County_526,PA,7.9,1.8,8.1,0.4949077021005729,0.08338637810311904,0.35534691279439845,0.31121366433269676,Q2,0
County_527,GA,20.7,9.8,12.7,0.9906110757479313,0.9896562698917887,0.8580521960534692,0.9461065138977297,Q4_MostVulnerable,1
County_528,MS,7.5,5.2,5.4,0.4619669000636537,0.6247612985359644,0.0918204964990452,0.39284956503288776,Q2,0
County_529,CO,7.3,2.3,7.0,0.4473265436028008,0.13319541693189052,0.23313176320814769,0.27121790791427963,Q1_LeastVulnerable,0
County_530,ID,8.3,1.1,9.5,0.5256206238064927,0.03739656269891789,0.5264162953532782,0.3631444939528962,Q2,0
County_531,MN,8.2,3.0,9.1,0.5181413112667091,0.22469764481222151,0.47374283895607894,0.40552726501166986,Q2,0
County_532,OK,6.9,3.7,7.4,0.4135900700190961,0.3392743475493316,0.2737110120942075,0.3421918098875451,Q2,0
County_533,CA,12.8,9.7,11.8,0.8009229789942711,0.9882240611075748,0.7921705919796308,0.8604392106938256,Q4_MostVulnerable,1
County_534,IL,6.7,4.8,10.4,0.39417568427753025,0.5514003819223424,0.6325588796944621,0.5260449819647782,Q3,0
County_535,VA,14.3,3.6,12.9,0.867600254614895,0.3217695735200509,0.8715786123488224,0.6869828134945895,Q3,0
County_536,LA,6.9,3.0,8.2,0.4135900700190961,0.22469764481222151,0.3663271801400382,0.3348716316571186,Q2,0
County_537,VA,12.9,5.8,13.3,0.8041056651814131,0.7245385105028644,0.8949713558243158,0.8078718438361978,Q4_MostVulnerable,1
County_538,WI,11.6,5.9,8.9,0.7396562698917887,0.7418841502227881,0.45019096117122853,0.6439104604286018,Q3,0
County_539,MS,6.3,1.9,7.7,0.35709739019732656,0.09245703373647358,0.30887969446212604,0.2528113727986421,Q1_LeastVulnerable,0
County_540,IL,2.7,2.6,5.9,0.09070655633354552,0.16931890515595163,0.12587523870146403,0.12863356673032036,Q1_LeastVulnerable,0
County_541,RI,18.1,6.4,11.6,0.9669000636537237,0.8095162316995544,0.77466581795035,0.8503607044345426,Q4_MostVulnerable,1
County_542,CO,6.8,2.4,7.6,0.40388287714831317,0.14528962444302992,0.2980585614258434,0.2824103543390622,Q1_LeastVulnerable,0
County_543,GA,9.1,5.1,5.4,0.5819541693189052,0.6078930617441121,0.0918204964990452,0.42722257585402085,Q2,0
County_544,PA,4.9,4.6,11.3,0.24188415022278803,0.5119350732017823,0.7404519414385742,0.49809038828771485,Q3,0
County_545,ME,5.5,4.9,5.9,0.2936028007638447,0.5724061107574793,0.12587523870146403,0.33062805007426266,Q2,0
County_546,FL,14.3,7.2,15.3,0.867600254614895,0.8887651177593889,0.9648313176320815,0.9070655633354553,Q4_MostVulnerable,1
County_547,NY,15.8,6.0,13.0,0.9119987269255252,0.7577975811584978,0.8779439847231063,0.8492467642690431,Q4_MostVulnerable,1
County_548,OK,10.8,6.3,11.5,0.6917568427753024,0.7969446212603437,0.7649586250795671,0.7512200297050712,Q4_MostVulnerable,1
County_549,CA,7.5,4.7,7.8,0.4619669000636537,0.5316677275620624,0.31954169318905157,0.43772544027158916,Q2,0
County_550,ID,11.5,5.7,11.2,0.7342457033736474,0.7092616168045831,0.7313812858052197,0.7249628686611501,Q4_MostVulnerable,1
County_551,FL,5.9,2.8,9.2,0.32511139401655,0.19462126034373012,0.4856779121578612,0.33513685550604705,Q2,0
County_552,KY,8.9,3.9,10.8,0.5682686187141948,0.3771483131763208,0.683004455760662,0.5428071292170592,Q3,0
County_553,PA,4.0,3.3,8.5,0.17457033736473584,0.2686187141947804,0.39942711648631446,0.2808720560152769,Q1_LeastVulnerable,0
County_554,OH,3.8,6.8,6.2,0.16008911521323999,0.8486632718014003,0.1522915340547422,0.38701464035646077,Q2,0
County_555,NC,10.6,5.6,9.4,0.6806174411203055,0.6920751113940166,0.5135264162953532,0.6287396562698918,Q3,0
County_556,AL,9.7,4.0,6.6,0.6228516868236792,0.39449395289624445,0.19080203691915978,0.40271589221302784,Q2,0
County_557,CO,9.3,3.5,10.7,0.5983450031826862,0.30394653087205603,0.6691597708465945,0.5238171016337789,Q3,0
County_558,FL,6.8,3.3,10.6,0.40388287714831317,0.2686187141947804,0.6573838319541693,0.4432951410990877,Q2,0
County_559,HI,9.3,8.1,12.9,0.5983450031826862,0.9436664544875876,0.8715786123488224,0.8045300233396987,Q4_MostVulnerable,1
County_560,CO,5.2,3.0,8.2,0.26718650541056654,0.22469764481222151,0.3663271801400382,0.2860704434542754,Q1_LeastVulnerable,0
County_561,LA,1.2,3.7,4.1,0.019255251432208784,0.3392743475493316,0.03962444302991725,0.13271801400381922,Q1_LeastVulnerable,0
County_562,CA,8.3,3.9,5.7,0.5256206238064927,0.3771483131763208,0.11187141947803947,0.3382134521536176,Q2,0
County_563,OR,2.8,3.2,8.5,0.09723106301718651,0.25302355187778486,0.39942711648631446,0.2498939104604286,Q1_LeastVulnerable,0
County_564,PA,12.4,6.9,7.6,0.7821451304901337,0.8590070019096118,0.2980585614258434,0.6464035646085295,Q3,0
County_565,MT,15.5,5.8,12.1,0.9018141311266709,0.7245385105028644,0.8168364099299809,0.8143963505198387,Q4_MostVulnerable,1
County_566,CA,19.0,6.7,14.1,0.9769255251432208,0.83991088478676,0.928230426479949,0.9150222788033101,Q4_MostVulnerable,1
County_567,TX,8.2,6.9,8.9,0.5181413112667091,0.8590070019096118,0.45019096117122853,0.6091130914491831,Q3,0
County_568,WA,4.8,4.9,7.5,0.23424570337364736,0.5724061107574793,0.285964353914704,0.3642053893486102,Q2,0
County_569,FL,9.1,5.9,9.8,0.5819541693189052,0.7418841502227881,0.5658816040738384,0.6299066412051773,Q3,0
County_570,OH,7.4,5.4,3.9,0.45385105028644174,0.6578612348822406,0.033895607893061744,0.381869297687248,Q2,0
County_571,TN,8.3,5.2,9.2,0.5256206238064927,0.6247612985359644,0.4856779121578612,0.5453532781667727,Q3,0
County_572,MS,14.2,9.3,7.6,0.8636218968809676,0.9823360916613622,0.2980585614258434,0.7146721833227243,Q4_MostVulnerable,1
County_573,IN,6.6,4.0,9.8,0.3835136855506047,0.39449395289624445,0.5658816040738384,0.4479630808402291,Q2,0
County_574,MI,7.5,5.1,7.7,0.4619669000636537,0.6078930617441121,0.30887969446212604,0.45957988542329725,Q2,0
County_575,MN,4.0,1.0,2.7,0.17457033736473584,0.03214513049013367,0.011298535964353915,0.0726713346064078,Q1_LeastVulnerable,0
County_576,KY,7.7,3.1,7.2,0.47835773392743475,0.23949713558243158,0.25302355187778486,0.3236261404625504,Q2,0
County_577,VA,17.3,5.4,12.5,0.952577975811585,0.6578612348822406,0.8467536600891152,0.8190642902609803,Q4_MostVulnerable,1
County_578,OR,5.2,5.5,10.0,0.26718650541056654,0.6744112030553787,0.5910248249522597,0.5108741778060684,Q3,0
County_579,GA,13.2,2.1,12.0,0.8155633354551242,0.11171228516868237,0.8087205601527689,0.5786653935921918,Q3,0
County_580,NE,7.2,3.6,9.3,0.4387332908975175,0.3217695735200509,0.4990451941438574,0.4198493528538086,Q2,0
County_581,OH,13.4,1.5,14.0,0.8271801400381922,0.06253978357733928,0.9253660089115213,0.6050286441756842,Q3,0
County_582,CO,12.5,4.5,11.1,0.7862826225334182,0.49267982176957353,0.7211966900063653,0.6667197114364524,Q3,0
County_583,IA,3.7,2.4,8.4,0.1532463399108848,0.14528962444302992,0.38749204328453213,0.22867600254614895,Q1_LeastVulnerable,0
County_584,TX,12.4,7.8,12.6,0.7821451304901337,0.9310948440483768,0.8526416295353278,0.8552938680246127,Q4_MostVulnerable,1
County_585,MO,2.6,3.4,3.7,0.08402291534054743,0.28580521960534694,0.02928071292170592,0.13303628262253345,Q1_LeastVulnerable,0
County_586,FL,3.1,1.7,9.5,0.11298535964353915,0.07670273711012095,0.5264162953532782,0.2387014640356461,Q1_LeastVulnerable,0
County_587,CA,6.9,5.7,5.6,0.4135900700190961,0.7092616168045831,0.10471037555697009,0.40918735412688306,Q2,0
County_588,MS,16.4,6.9,15.0,0.9302991725015913,0.8590070019096118,0.9563971992361553,0.9152344578824527,Q4_MostVulnerable,1
County_589,MO,10.5,5.2,7.2,0.6745703373647358,0.6247612985359644,0.25302355187778486,0.517451729259495,Q3,0
County_590,IN,4.2,1.5,8.3,0.19478039465308722,0.06253978357733928,0.37619350732017826,0.21117122851686823,Q1_LeastVulnerable,0
County_591,NY,1.6,1.0,9.5,0.03516868236791852,0.03214513049013367,0.5264162953532782,0.19791003607044344,Q1_LeastVulnerable,0
County_592,CA,11.4,4.2,10.3,0.7289942711648632,0.4328453214513049,0.6222151495862508,0.5946849140674729,Q3,0
County_593,CO,8.4,4.6,8.7,0.534213876511776,0.5119350732017823,0.4252068746021642,0.4904519414385742,Q3,0
County_594,MO,9.2,4.9,10.8,0.5902291534054742,0.5724061107574793,0.683004455760662,0.6152132399745386,Q3,0
County_595,CA,10.3,7.4,9.5,0.6618395926161681,0.9061107574793126,0.5264162953532782,0.6981222151495863,Q3,0
County_596,TX,14.3,6.9,15.8,0.867600254614895,0.8590070019096118,0.9774029280712921,0.9013367281985997,Q4_MostVulnerable,1
County_597,CO,7.7,0.2,9.2,0.47835773392743475,0.010025461489497135,0.4856779121578612,0.32468703585826436,Q2,0
County_598,NC,15.0,6.9,11.9,0.8887651177593889,0.8590070019096118,0.8017186505410566,0.8498302567366859,Q4_MostVulnerable,1
County_599,KY,4.6,1.2,6.2,0.22135582431572248,0.043602800763844686,0.1522915340547422,0.13908338637810314,Q1_LeastVulnerable,0
County_600,KY,1.9,1.1,4.1,0.050127307447485676,0.03739656269891789,0.03962444302991725,0.042382771058773604,Q1_LeastVulnerable,0
County_601,PA,13.5,4.8,10.5,0.8329089751750477,0.5514003819223424,0.6451304901336729,0.676479949077021,Q3,0
County_602,MN,3.3,2.0,5.9,0.12842138765117758,0.10232336091661362,0.12587523870146403,0.11887332908975175,Q1_LeastVulnerable,0
County_603,OK,9.0,2.6,8.5,0.5749522597071929,0.16931890515595163,0.39942711648631446,0.38123276044981963,Q2,0
County_604,MN,16.1,7.1,11.7,0.9204328453214513,0.8771483131763208,0.7824633991088479,0.86001485253554,Q4_MostVulnerable,1
County_605,NV,2.0,0.5,10.2,0.054423933800127305,0.015436028007638446,0.6120305537873966,0.22729683853172078,Q1_LeastVulnerable,0
County_606,PA,10.1,5.6,8.0,0.6484723106301719,0.6920751113940166,0.343093570973902,0.5612136643326968,Q3,0
County_607,NJ,1.8,5.9,6.2,0.045035009548058565,0.7418841502227881,0.1522915340547422,0.3130702312751963,Q2,0
County_608,NM,8.0,2.4,10.2,0.5028644175684277,0.14528962444302992,0.6120305537873966,0.4200615319329514,Q2,0
County_609,RI,0.4,1.7,6.5,0.003500954805856143,0.07670273711012095,0.18125397835773394,0.08715255675790368,Q1_LeastVulnerable,0
County_610,WA,2.8,0.0,6.3,0.09723106301718651,0.004455760661998727,0.16152132399745386,0.08773604922554636,Q1_LeastVulnerable,0
County_611,KS,4.9,3.0,6.9,0.24188415022278803,0.22469764481222151,0.22294716740929343,0.2298429874814343,Q1_LeastVulnerable,0
County_612,MT,1.7,3.5,6.7,0.03930617441120306,0.30394653087205603,0.20321451304901336,0.1821557394440908,Q1_LeastVulnerable,0
County_613,CA,10.9,6.3,11.0,0.7000318268618714,0.7969446212603437,0.707511139401655,0.7348291958412899,Q4_MostVulnerable,1
County_614,IA,9.8,5.1,9.4,0.6295353278166773,0.6078930617441121,0.5135264162953532,0.5836516019520476,Q3,0
County_615,LA,16.6,8.3,10.2,0.936187141947804,0.9524188415022279,0.6120305537873966,0.8335455124124761,Q4_MostVulnerable,1
County_616,TN,3.3,6.8,5.7,0.12842138765117758,0.8486632718014003,0.11187141947803947,0.3629853596435391,Q2,0
County_617,MN,6.5,6.5,6.0,0.3733290897517505,0.8200190961171229,0.1341502227880331,0.4424994695523022,Q2,0
County_618,OK,2.3,1.9,4.8,0.06795035009548059,0.09245703373647358,0.06206238064926798,0.07415658816040739,Q1_LeastVulnerable,0
County_619,AK,5.3,1.4,7.7,0.27641629535327816,0.055856142584341184,0.30887969446212604,0.2137173774665818,Q1_LeastVulnerable,0
County_620,MI,17.9,6.7,14.6,0.9630808402291534,0.83991088478676,0.9463717377466582,0.9164544875875239,Q4_MostVulnerable,1
County_621,TX,11.9,4.2,14.5,0.7568427753023552,0.4328453214513049,0.9428707829408021,0.710852959898154,Q4_MostVulnerable,1
County_622,FL,3.2,3.6,5.5,0.11950986632718014,0.3217695735200509,0.098026734563972,0.17976872480373438,Q1_LeastVulnerable,0
County_623,AZ,0.9,0.5,7.0,0.011775938892425206,0.015436028007638446,0.23313176320814769,0.08678124336940378,Q1_LeastVulnerable,0
County_624,ME,0.8,2.1,6.0,0.009548058561425843,0.11171228516868237,0.1341502227880331,0.0851368555060471,Q1_LeastVulnerable,0
County_625,OH,11.0,6.6,13.1,0.7067154678548695,0.8302036919159771,0.8838319541693189,0.8069170379800551,Q4_MostVulnerable,1
County_626,MA,4.8,3.3,8.5,0.23424570337364736,0.2686187141947804,0.39942711648631446,0.3007638446849141,Q2,0
County_627,MA,22.1,7.2,14.1,0.9941120305537874,0.8887651177593889,0.928230426479949,0.9370358582643751,Q4_MostVulnerable,1
County_628,NC,7.3,6.0,5.2,0.4473265436028008,0.7577975811584978,0.08020369191597708,0.4284426055590919,Q2,0
County_629,GA,5.1,0.7,8.2,0.25732017823042647,0.021005728835136857,0.3663271801400382,0.21488436240186717,Q1_LeastVulnerable,0
County_630,OR,2.4,2.2,5.2,0.0728835136855506,0.1223742838956079,0.08020369191597708,0.09182049649904518,Q1_LeastVulnerable,0
County_631,CO,13.4,6.0,9.8,0.8271801400381922,0.7577975811584978,0.5658816040738384,0.7169531084235095,Q4_MostVulnerable,1
County_632,KY,5.9,3.8,5.4,0.32511139401655,0.3582113303628262,0.0918204964990452,0.2583810736261405,Q1_LeastVulnerable,0
County_633,NY,7.8,4.6,9.2,0.4859961807765754,0.5119350732017823,0.4856779121578612,0.494536388712073,Q3,0
County_634,TN,8.4,5.4,12.2,0.534213876511776,0.6578612348822406,0.8249522597071929,0.6723424570337365,Q3,0
County_635,RI,7.5,4.2,7.9,0.4619669000636537,0.4328453214513049,0.33131763208147674,0.40870995119881176,Q2,0
County_636,OK,11.7,4.9,12.0,0.7458625079567155,0.5724061107574793,0.8087205601527689,0.7089963929556546,Q4_MostVulnerable,1
County_637,IA,2.7,2.2,6.1,0.09070655633354552,0.1223742838956079,0.14306174411203054,0.11871419478039465,Q1_LeastVulnerable,0
County_638,CA,7.2,3.2,6.0,0.4387332908975175,0.25302355187778486,0.1341502227880331,0.2753023551877785,Q1_LeastVulnerable,0
County_639,FL,6.0,5.0,9.5,0.33195416931890515,0.5911839592616168,0.5264162953532782,0.48318480797793334,Q2,0
County_640,TX,12.0,4.6,8.8,0.7627307447485678,0.5119350732017823,0.4377784850413749,0.5708147676639084,Q3,0
County_641,TX,14.0,7.5,12.1,0.8559834500318269,0.9127943984723106,0.8168364099299809,0.8618714194780394,Q4_MostVulnerable,1
County_642,WA,3.8,3.2,6.2,0.16008911521323999,0.25302355187778486,0.1522915340547422,0.188468067048589,Q1_LeastVulnerable,0
County_643,CA,12.1,4.9,12.8,0.7689369828134945,0.5724061107574793,0.8647358370464672,0.7353596435391471,Q4_MostVulnerable,1
County_644,MS,2.7,3.7,4.2,0.09070655633354552,0.3392743475493316,0.0429662635264163,0.15764905580309782,Q1_LeastVulnerable,0
County_645,NY,7.4,3.1,9.5,0.45385105028644174,0.23949713558243158,0.5264162953532782,0.4065881604073838,Q2,0
County_646,OH,7.9,5.3,7.3,0.4949077021005729,0.6411521323997453,0.2625716104392107,0.4662104816465096,Q2,0
County_647,NY,13.6,6.4,10.8,0.838319541693189,0.8095162316995544,0.683004455760662,0.7769467430511351,Q4_MostVulnerable,1
County_648,PA,11.7,4.6,3.6,0.7458625079567155,0.5119350732017823,0.026416295353278166,0.42807129217059203,Q2,0
County_649,IA,2.9,3.7,10.6,0.10280076384468491,0.3392743475493316,0.6573838319541693,0.3664863144493953,Q2,0
County_650,CO,11.5,6.3,11.8,0.7342457033736474,0.7969446212603437,0.7921705919796308,0.7744536388712073,Q4_MostVulnerable,1
County_651,FL,8.9,6.4,7.9,0.5682686187141948,0.8095162316995544,0.33131763208147674,0.5697008274984087,Q3,0
County_652,AL,17.7,8.8,11.6,0.9605346912794398,0.9704010184595799,0.77466581795035,0.9018671758964567,Q4_MostVulnerable,1
County_653,IA,5.3,4.3,6.7,0.27641629535327816,0.45401018459579884,0.20321451304901336,0.31121366433269676,Q2,0
County_654,CA,6.4,2.2,9.6,0.3647358370464672,0.1223742838956079,0.5383513685550605,0.3418204964990452,Q2,0
County_655,IN,18.6,11.3,10.5,0.9726288987905792,0.9993634627625716,0.6451304901336729,0.8723742838956078,Q4_MostVulnerable,1
County_656,NY,14.6,4.3,12.0,0.8776257161043921,0.45401018459579884,0.8087205601527689,0.7134521536176534,Q4_MostVulnerable,1
County_657,TX,2.9,4.3,10.0,0.10280076384468491,0.45401018459579884,0.5910248249522597,0.3826119244642478,Q2,0
County_658,TN,7.5,4.9,6.5,0.4619669000636537,0.5724061107574793,0.18125397835773394,0.40520899639295554,Q2,0
County_659,GA,10.2,3.3,10.3,0.6549968173138129,0.2686187141947804,0.6222151495862508,0.5152768936982813,Q3,0
County_660,CO,12.0,5.4,15.4,0.7627307447485678,0.6578612348822406,0.9676957352005092,0.7960959049437726,Q4_MostVulnerable,1
County_661,CT,3.5,2.9,8.0,0.14035646085295989,0.20926161680458308,0.343093570973902,0.23090388287714828,Q1_LeastVulnerable,0
County_662,WA,16.7,9.0,13.6,0.9385741565881605,0.9759707192870783,0.9096117122851687,0.9413855293868024,Q4_MostVulnerable,1
County_663,MO,1.9,1.5,7.0,0.050127307447485676,0.06253978357733928,0.23313176320814769,0.11526628474432421,Q1_LeastVulnerable,0
County_664,CO,3.7,2.7,6.0,0.1532463399108848,0.18061744112030553,0.1341502227880331,0.15600466793974113,Q1_LeastVulnerable,0
County_665,TN,15.9,3.3,15.6,0.9156588160407384,0.2686187141947804,0.9734245703373647,0.7192340335242946,Q4_MostVulnerable,1
County_666,KY,8.1,7.0,8.3,0.5103437301082113,0.8682367918523234,0.37619350732017826,0.5849246764269044,Q3,0
County_667,TX,8.3,2.9,5.2,0.5256206238064927,0.20926161680458308,0.08020369191597708,0.27169531084235093,Q1_LeastVulnerable,0
County_668,GA,9.0,5.2,8.7,0.5749522597071929,0.6247612985359644,0.4252068746021642,0.5416401442817739,Q3,0
County_669,KY,4.2,3.1,5.2,0.19478039465308722,0.23949713558243158,0.08020369191597708,0.17149374071716528,Q1_LeastVulnerable,0
County_670,MN,2.2,2.5,5.5,0.06397199236155315,0.1581795035009548,0.098026734563972,0.10672607680882666,Q1_LeastVulnerable,0
County_671,TX,9.9,6.2,9.4,0.6360598345003182,0.7835773392743476,0.5135264162953532,0.644387863356673,Q3,0
County_672,TX,10.8,7.7,12.8,0.6917568427753024,0.9250477402928071,0.8647358370464672,0.8271801400381923,Q4_MostVulnerable,1
County_673,MT,9.3,5.2,11.0,0.5983450031826862,0.6247612985359644,0.707511139401655,0.6435391470401018,Q3,0
County_674,FL,5.4,4.6,8.2,0.28516868236791854,0.5119350732017823,0.3663271801400382,0.38781031190324633,Q2,0
County_675,KY,3.3,3.5,6.7,0.12842138765117758,0.30394653087205603,0.20321451304901336,0.21186081052408234,Q1_LeastVulnerable,0
County_676,WV,6.8,5.6,6.3,0.40388287714831317,0.6920751113940166,0.16152132399745386,0.41915977084659445,Q2,0
County_677,NJ,19.2,7.1,10.2,0.9778803309993634,0.8771483131763208,0.6120305537873966,0.8223530659876936,Q4_MostVulnerable,1
County_678,PA,7.3,5.8,8.9,0.4473265436028008,0.7245385105028644,0.45019096117122853,0.5406853384256313,Q3,0
County_679,MA,6.5,5.6,9.8,0.3733290897517505,0.6920751113940166,0.5658816040738384,0.5437619350732018,Q3,0
County_680,MS,7.5,5.9,8.5,0.4619669000636537,0.7418841502227881,0.39942711648631446,0.5344260555909188,Q3,0
County_681,LA,7.1,3.1,7.5,0.43014003819223423,0.23949713558243158,0.285964353914704,0.3185338425631233,Q2,0
County_682,OH,16.0,6.5,13.9,0.9177275620623806,0.8200190961171229,0.9218650541056652,0.8865372374283895,Q4_MostVulnerable,1
County_683,TN,11.7,5.9,10.7,0.7458625079567155,0.7418841502227881,0.6691597708465945,0.718968809675366,Q4_MostVulnerable,1
County_684,MN,5.1,1.5,10.9,0.25732017823042647,0.06253978357733928,0.6950986632718014,0.33831954169318906,Q2,0
County_685,MI,6.1,6.2,10.5,0.33800127307447486,0.7835773392743476,0.6451304901336729,0.5889030341608318,Q3,0
County_686,IN,7.6,4.3,10.7,0.4711966900063654,0.45401018459579884,0.6691597708465945,0.5314555484829196,Q3,0
County_687,CO,8.7,5.0,10.9,0.5550604710375557,0.5911839592616168,0.6950986632718014,0.6137810311903246,Q3,0
County_688,VA,4.2,2.4,4.5,0.19478039465308722,0.14528962444302992,0.051559516231699555,0.13054317844260557,Q1_LeastVulnerable,0
County_689,IL,5.7,1.7,9.2,0.30919796308084024,0.07670273711012095,0.4856779121578612,0.2905262041162741,Q2,0
County_690,SC,17.0,6.2,14.2,0.9458943348185869,0.7835773392743476,0.9307765754296626,0.8867494165075325,Q4_MostVulnerable,1
County_691,OH,16.3,7.2,14.4,0.9269573520050923,0.8887651177593889,0.9398472310630172,0.9185232336091661,Q4_MostVulnerable,1
County_692,RI,6.2,4.9,9.1,0.3475493316359007,0.5724061107574793,0.47374283895607894,0.464566093783153,Q2,0
County_693,VA,5.8,4.0,8.8,0.3166772756206238,0.39449395289624445,0.4377784850413749,0.38298323785274774,Q2,0
County_694,NM,11.8,6.0,16.3,0.7517504774029281,0.7577975811584978,0.9856779121578613,0.8317419902397624,Q4_MostVulnerable,1
County_695,TX,1.6,2.0,5.7,0.03516868236791852,0.10232336091661362,0.11187141947803947,0.08312115425419053,Q1_LeastVulnerable,0
County_696,CO,15.4,7.4,14.6,0.8994271164863145,0.9061107574793126,0.9463717377466582,0.917303203904095,Q4_MostVulnerable,1
County_697,NY,5.0,5.7,6.6,0.24920432845321452,0.7092616168045831,0.19080203691915978,0.3830893273923191,Q2,0
County_698,PA,10.5,6.2,11.8,0.6745703373647358,0.7835773392743476,0.7921705919796308,0.7501060895395714,Q4_MostVulnerable,1
County_699,HI,1.9,3.8,7.8,0.050127307447485676,0.3582113303628262,0.31954169318905157,0.24262677699978782,Q1_LeastVulnerable,0
County_700,OR,12.0,6.0,11.7,0.7627307447485678,0.7577975811584978,0.7824633991088479,0.7676639083386378,Q4_MostVulnerable,1
County_701,PA,10.8,3.0,13.7,0.6917568427753024,0.22469764481222151,0.9143857415658816,0.6102800763844685,Q3,0
County_702,TN,10.1,3.5,8.3,0.6484723106301719,0.30394653087205603,0.37619350732017826,0.44287078294080207,Q2,0
County_703,IL,3.8,3.8,5.9,0.16008911521323999,0.3582113303628262,0.12587523870146403,0.21472522809251007,Q1_LeastVulnerable,0
County_704,ND,5.6,3.7,8.2,0.3020369191597708,0.3392743475493316,0.3663271801400382,0.33587948228304687,Q2,0
County_705,IL,9.3,5.4,11.4,0.5983450031826862,0.6578612348822406,0.7522278803309994,0.6694780394653087,Q3,0
County_706,OR,4.8,6.0,7.8,0.23424570337364736,0.7577975811584978,0.31954169318905157,0.43719499257373223,Q2,0
County_707,MA,4.7,4.5,9.9,0.22756206238064927,0.49267982176957353,0.5786123488224061,0.4329514109908763,Q2,0
County_708,NV,14.7,8.3,11.0,0.8814449395289624,0.9524188415022279,0.707511139401655,0.8471249734776151,Q4_MostVulnerable,1
County_709,LA,1.2,2.5,3.3,0.019255251432208784,0.1581795035009548,0.019096117122851686,0.06551029068533842,Q1_LeastVulnerable,0
County_710,CO,15.0,5.3,13.1,0.8887651177593889,0.6411521323997453,0.8838319541693189,0.8045830681094843,Q4_MostVulnerable,1
County_711,CO,3.8,3.0,6.7,0.16008911521323999,0.22469764481222151,0.20321451304901336,0.19600042435815831,Q1_LeastVulnerable,0
County_712,CA,11.3,4.2,11.8,0.7232654360280076,0.4328453214513049,0.7921705919796308,0.6494271164863145,Q3,0
County_713,NM,9.7,7.2,9.8,0.6228516868236792,0.8887651177593889,0.5658816040738384,0.6924994695523022,Q3,0
County_714,TN,3.6,4.3,6.1,0.1465626989178867,0.45401018459579884,0.14306174411203054,0.24787820920857204,Q1_LeastVulnerable,0
County_715,AK,4.9,4.3,7.3,0.24188415022278803,0.45401018459579884,0.2625716104392107,0.31948864841926583,Q2,0
County_716,CA,12.6,7.6,11.4,0.7915340547422024,0.9194780394653087,0.7522278803309994,0.8210799915128368,Q4_MostVulnerable,1
County_717,MA,6.7,1.0,7.7,0.39417568427753025,0.03214513049013367,0.30887969446212604,0.24506683640993,Q1_LeastVulnerable,0
County_718,OK,22.4,9.6,15.8,0.9952259707192871,0.9866327180140039,0.9774029280712921,0.986420538934861,Q4_MostVulnerable,1
County_719,CO,5.3,1.6,6.8,0.27641629535327816,0.07001909611712286,0.2145130490133673,0.18698281349458945,Q1_LeastVulnerable,0
County_720,HI,5.1,3.5,9.3,0.25732017823042647,0.30394653087205603,0.4990451941438574,0.3534373010821133,Q2,0
County_721,FL,3.0,2.4,6.9,0.10789306174411203,0.14528962444302992,0.22294716740929343,0.1587099511988118,Q1_LeastVulnerable,0
County_722,KY,4.7,4.4,11.8,0.22756206238064927,0.47422024188415024,0.7921705919796308,0.4979842987481435,Q3,0
County_723,FL,7.6,4.6,9.1,0.4711966900063654,0.5119350732017823,0.47374283895607894,0.4856248673880756,Q2,0
County_724,IA,21.0,10.3,14.4,0.9915658816040739,0.99506683640993,0.9398472310630172,0.975493316359007,Q4_MostVulnerable,1
County_725,OK,4.9,2.6,12.8,0.24188415022278803,0.16931890515595163,0.8647358370464672,0.42531296414173564,Q2,0
County_726,NM,1.1,3.4,6.4,0.015276893698281349,0.28580521960534694,0.1717059197963081,0.1575960110333121,Q1_LeastVulnerable,0
County_727,CA,5.6,3.9,9.8,0.3020369191597708,0.3771483131763208,0.5658816040738384,0.41502227880331,Q2,0
County_728,NY,8.4,2.1,10.4,0.534213876511776,0.11171228516868237,0.6325588796944621,0.4261616804583068,Q2,0
County_729,MI,15.1,5.2,13.8,0.8913112667091024,0.6247612985359644,0.9186823679185232,0.8115849777211966,Q4_MostVulnerable,1
County_730,VA,8.7,4.4,10.4,0.5550604710375557,0.47422024188415024,0.6325588796944621,0.553946530872056,Q3,0
County_731,IL,6.4,5.6,6.0,0.3647358370464672,0.6920751113940166,0.1341502227880331,0.39698705707617227,Q2,0
County_732,OK,5.2,4.3,8.3,0.26718650541056654,0.45401018459579884,0.37619350732017826,0.3657967324421812,Q2,0
County_733,OK,12.0,3.8,8.3,0.7627307447485678,0.3582113303628262,0.37619350732017826,0.49904519414385745,Q3,0
County_734,FL,8.0,4.2,8.6,0.5028644175684277,0.4328453214513049,0.41215786123488224,0.4492892000848716,Q2,0
County_735,TX,12.1,8.6,9.6,0.7689369828134945,0.9632399745385105,0.5383513685550605,0.7568427753023551,Q4_MostVulnerable,1
County_736,MI,3.2,3.1,7.3,0.11950986632718014,0.23949713558243158,0.2625716104392107,0.2071928707829408,Q1_LeastVulnerable,0
County_737,NC,5.7,3.2,8.5,0.30919796308084024,0.25302355187778486,0.39942711648631446,0.32054954381497985,Q2,0
County_738,CO,10.6,5.9,11.3,0.6806174411203055,0.7418841502227881,0.7404519414385742,0.7209845109272225,Q4_MostVulnerable,1
County_739,GA,2.4,3.9,6.8,0.0728835136855506,0.3771483131763208,0.2145130490133673,0.22151495862507956,Q1_LeastVulnerable,0
County_740,NE,3.7,2.4,5.6,0.1532463399108848,0.14528962444302992,0.10471037555697009,0.13441544663696162,Q1_LeastVulnerable,0
County_741,IN,7.2,4.9,8.1,0.4387332908975175,0.5724061107574793,0.35534691279439845,0.4554954381497984,Q2,0
County_742,MN,14.1,5.7,13.9,0.8599618077657543,0.7092616168045831,0.9218650541056652,0.8303628262253341,Q4_MostVulnerable,1
County_743,KS,16.5,8.0,15.4,0.9334818586887333,0.9400063653723743,0.9676957352005092,0.9470613197538723,Q4_MostVulnerable,1
County_744,NY,4.0,3.4,4.7,0.17457033736473584,0.28580521960534694,0.058243157224697646,0.17287290473159347,Q1_LeastVulnerable,0
County_745,MI,9.0,5.4,6.4,0.5749522597071929,0.6578612348822406,0.1717059197963081,0.4681731381285805,Q2,0
County_746,AL,15.4,5.5,11.3,0.8994271164863145,0.6744112030553787,0.7404519414385742,0.7714300869934224,Q4_MostVulnerable,1
County_747,NY,12.0,4.4,13.1,0.7627307447485678,0.47422024188415024,0.8838319541693189,0.7069276469340123,Q3,0
County_748,LA,8.5,6.0,11.7,0.5423297262889879,0.7577975811584978,0.7824633991088479,0.6941969021854445,Q3,0
County_749,IN,9.5,4.7,7.9,0.6120305537873966,0.5316677275620624,0.33131763208147674,0.49167197114364525,Q3,0
County_750,CA,4.2,3.7,7.7,0.19478039465308722,0.3392743475493316,0.30887969446212604,0.2809781455548483,Q1_LeastVulnerable,0
County_751,FL,6.0,3.3,11.7,0.33195416931890515,0.2686187141947804,0.7824633991088479,0.46101209420751116,Q2,0
County_752,FL,7.3,5.5,9.5,0.4473265436028008,0.6744112030553787,0.5264162953532782,0.549384680670486,Q3,0
County_753,VA,6.9,3.2,11.3,0.4135900700190961,0.25302355187778486,0.7404519414385742,0.4690218544451517,Q2,0
County_754,ME,6.5,3.7,10.2,0.3733290897517505,0.3392743475493316,0.6120305537873966,0.4415446636961596,Q2,0
County_755,AR,3.7,4.3,5.0,0.1532463399108848,0.45401018459579884,0.06954169318905155,0.2255994058985784,Q1_LeastVulnerable,0
County_756,CO,15.5,8.4,12.4,0.9018141311266709,0.9565563335455124,0.8384786760025461,0.8989497135582432,Q4_MostVulnerable,1
County_757,CA,7.9,3.6,9.0,0.4949077021005729,0.3217695735200509,0.4619669000636537,0.4262147252280925,Q2,0
County_758,NV,6.9,7.0,8.7,0.4135900700190961,0.8682367918523234,0.4252068746021642,0.5690112454911945,Q3,0
County_759,CO,2.9,3.3,8.3,0.10280076384468491,0.2686187141947804,0.37619350732017826,0.24920432845321452,Q1_LeastVulnerable,0
County_760,MI,10.2,3.5,10.9,0.6549968173138129,0.30394653087205603,0.6950986632718014,0.5513473371525568,Q3,0
County_761,KS,4.7,4.0,1.5,0.22756206238064927,0.39449395289624445,0.0027052832590706557,0.20825376617865476,Q1_LeastVulnerable,0
County_762,SC,4.9,2.9,4.8,0.24188415022278803,0.20926161680458308,0.06206238064926798,0.17106938255887968,Q1_LeastVulnerable,0
County_763,IN,5.8,4.4,3.5,0.3166772756206238,0.47422024188415024,0.024029280712921704,0.27164226607256525,Q1_LeastVulnerable,0
County_764,MA,11.7,5.4,11.2,0.7458625079567155,0.6578612348822406,0.7313812858052197,0.7117016762147252,Q4_MostVulnerable,1
County_765,OH,9.7,5.0,10.3,0.6228516868236792,0.5911839592616168,0.6222151495862508,0.6120835985571822,Q3,0
County_766,ME,1.7,1.1,6.4,0.03930617441120306,0.03739656269891789,0.1717059197963081,0.08280288563547634,Q1_LeastVulnerable,0
County_767,RI,15.2,8.0,10.7,0.8941756842775302,0.9400063653723743,0.6691597708465945,0.834447273498833,Q4_MostVulnerable,1
County_768,NC,9.1,3.0,10.9,0.5819541693189052,0.22469764481222151,0.6950986632718014,0.5005834924676428,Q3,0
County_769,LA,8.9,3.0,10.9,0.5682686187141948,0.22469764481222151,0.6950986632718014,0.4960216422660726,Q3,0
County_770,MN,4.1,3.8,4.5,0.1839592616168046,0.3582113303628262,0.051559516231699555,0.19791003607044344,Q1_LeastVulnerable,0
County_771,WA,13.5,8.4,8.8,0.8329089751750477,0.9565563335455124,0.4377784850413749,0.742414597920645,Q4_MostVulnerable,1
County_772,NC,7.6,3.7,8.8,0.4711966900063654,0.3392743475493316,0.4377784850413749,0.4160831741990239,Q2,0
County_773,TX,5.1,4.6,11.1,0.25732017823042647,0.5119350732017823,0.7211966900063653,0.49681731381285804,Q3,0
County_774,CO,2.4,4.3,9.6,0.0728835136855506,0.45401018459579884,0.5383513685550605,0.35508168894547,Q2,0
County_775,MI,7.0,5.3,9.6,0.42218332272437936,0.6411521323997453,0.5383513685550605,0.5338956078930618,Q3,0
County_776,UT,14.5,5.9,10.8,0.8738064926798218,0.7418841502227881,0.683004455760662,0.7662316995544239,Q4_MostVulnerable,1
County_777,IN,5.1,1.9,9.3,0.25732017823042647,0.09245703373647358,0.4990451941438574,0.2829408020369191,Q1_LeastVulnerable,0
County_778,WA,2.2,0.0,5.2,0.06397199236155315,0.004455760661998727,0.08020369191597708,0.04954381497984298,Q1_LeastVulnerable,0
County_779,CA,5.6,3.3,6.2,0.3020369191597708,0.2686187141947804,0.1522915340547422,0.2409823891364311,Q1_LeastVulnerable,0
County_780,TX,5.0,5.3,3.2,0.24920432845321452,0.6411521323997453,0.017345639719923617,0.3025673668576278,Q2,0
County_781,MD,8.3,2.8,9.3,0.5256206238064927,0.19462126034373012,0.4990451941438574,0.4064290260980267,Q2,0
County_782,CA,3.9,4.2,5.7,0.16709102482495225,0.4328453214513049,0.11187141947803947,0.2372692552514322,Q1_LeastVulnerable,0
County_783,TX,4.6,2.0,7.5,0.22135582431572248,0.10232336091661362,0.285964353914704,0.20321451304901336,Q1_LeastVulnerable,0
County_784,GA,2.7,3.0,1.8,0.09070655633354552,0.22469764481222151,0.004137492043284532,0.10651389772968385,Q1_LeastVulnerable,0
County_785,AK,10.4,6.2,10.5,0.6685232336091661,0.7835773392743476,0.6451304901336729,0.6990770210057288,Q3,0
County_786,CO,4.9,2.5,2.6,0.24188415022278803,0.1581795035009548,0.010184595798854232,0.13674941650753236,Q1_LeastVulnerable,0
County_787,NY,4.4,3.6,9.4,0.20910248249522598,0.3217695735200509,0.5135264162953532,0.34813282410354335,Q2,0
County_788,WV,13.5,5.4,12.8,0.8329089751750477,0.6578612348822406,0.8647358370464672,0.7851686823679186,Q4_MostVulnerable,1
County_789,CA,15.9,7.8,12.4,0.9156588160407384,0.9310948440483768,0.8384786760025461,0.8950774453638871,Q4_MostVulnerable,1
County_790,MA,11.3,5.7,11.8,0.7232654360280076,0.7092616168045831,0.7921705919796308,0.7415658816040738,Q4_MostVulnerable,1
County_791,CO,14.9,6.6,10.5,0.8859007001909611,0.8302036919159771,0.6451304901336729,0.7870782940802036,Q4_MostVulnerable,1
County_792,OR,12.7,8.1,11.5,0.7969446212603437,0.9436664544875876,0.7649586250795671,0.8351899002758328,Q4_MostVulnerable,1
County_793,CA,6.5,4.9,9.8,0.3733290897517505,0.5724061107574793,0.5658816040738384,0.503872268194356,Q3,0
County_794,GA,3.2,1.9,0.4,0.11950986632718014,0.09245703373647358,0.00031826861871419476,0.07076172289412264,Q1_LeastVulnerable,0
County_795,DE,5.3,3.5,6.8,0.27641629535327816,0.30394653087205603,0.2145130490133673,0.2649586250795672,Q1_LeastVulnerable,0
County_796,MO,4.7,3.3,7.3,0.22756206238064927,0.2686187141947804,0.2625716104392107,0.2529174623382135,Q1_LeastVulnerable,0
County_797,TX,10.7,5.3,10.0,0.6853914704010184,0.6411521323997453,0.5910248249522597,0.6391894759176745,Q3,0
County_798,MN,7.1,7.9,11.5,0.43014003819223423,0.936187141947804,0.7649586250795671,0.7104286017398684,Q4_MostVulnerable,1
County_799,CA,1.3,3.0,3.4,0.0241884150222788,0.22469764481222151,0.021801400381922343,0.09022915340547422,Q1_LeastVulnerable,0
County_800,MO,5.3,0.5,6.4,0.27641629535327816,0.015436028007638446,0.1717059197963081,0.15451941438574157,Q1_LeastVulnerable,0
County_801,SC,2.4,1.9,2.4,0.0728835136855506,0.09245703373647358,0.008274984086569064,0.057871843836197756,Q1_LeastVulnerable,0
County_802,CA,7.0,1.2,11.5,0.42218332272437936,0.043602800763844686,0.7649586250795671,0.41024824952259703,Q2,0
County_803,CA,13.7,5.6,11.4,0.8424570337364736,0.6920751113940166,0.7522278803309994,0.7622533418204966,Q4_MostVulnerable,1
County_804,CT,3.3,0.0,5.8,0.12842138765117758,0.004455760661998727,0.11887332908975175,0.08391682580097602,Q1_LeastVulnerable,0
County_805,OR,15.7,5.4,12.8,0.9081795035009548,0.6578612348822406,0.8647358370464672,0.8102588584765541,Q4_MostVulnerable,1
County_806,NV,7.5,2.0,10.0,0.4619669000636537,0.10232336091661362,0.5910248249522597,0.38510502864417573,Q2,0
County_807,MS,10.7,5.8,11.1,0.6853914704010184,0.7245385105028644,0.7211966900063653,0.7103755569700828,Q4_MostVulnerable,1
County_808,GA,4.2,3.3,12.4,0.19478039465308722,0.2686187141947804,0.8384786760025461,0.4339592616168046,Q2,0
County_809,IN,7.7,4.8,9.8,0.47835773392743475,0.5514003819223424,0.5658816040738384,0.5318799066412051,Q3,0
County_810,WA,15.7,6.6,11.9,0.9081795035009548,0.8302036919159771,0.8017186505410566,0.8467006153193295,Q4_MostVulnerable,1
County_811,GA,14.5,4.2,11.1,0.8738064926798218,0.4328453214513049,0.7211966900063653,0.6759495013791641,Q3,0
County_812,TX,7.9,5.1,8.2,0.4949077021005729,0.6078930617441121,0.3663271801400382,0.48970931466157436,Q3,0
County_813,NE,6.7,6.9,5.3,0.39417568427753025,0.8590070019096118,0.08625079567154678,0.4464778272862296,Q2,0
County_814,CA,8.3,5.1,9.2,0.5256206238064927,0.6078930617441121,0.4856779121578612,0.5397305325694887,Q3,0
County_815,MI,9.6,4.3,11.4,0.617600254614895,0.45401018459579884,0.7522278803309994,0.6079461065138977,Q3,0
County_816,WA,16.7,4.9,12.1,0.9385741565881605,0.5724061107574793,0.8168364099299809,0.775938892425207,Q4_MostVulnerable,1
County_817,LA,4.9,2.1,5.8,0.24188415022278803,0.11171228516868237,0.11887332908975175,0.15748992149374072,Q1_LeastVulnerable,0
County_818,TX,4.6,4.1,10.4,0.22135582431572248,0.41263526416295354,0.6325588796944621,0.42218332272437936,Q2,0
County_819,GA,6.3,5.5,5.3,0.35709739019732656,0.6744112030553787,0.08625079567154678,0.3725864629747507,Q2,0
County_820,MT,3.2,3.4,2.5,0.11950986632718014,0.28580521960534694,0.009388924252068746,0.13823467006153192,Q1_LeastVulnerable,0
County_821,TN,10.9,6.5,8.2,0.7000318268618714,0.8200190961171229,0.3663271801400382,0.6287927010396775,Q3,0
County_822,VA,2.1,3.7,3.0,0.059516231699554424,0.3392743475493316,0.015117759388924252,0.13796944621260343,Q1_LeastVulnerable,0
County_823,MI,17.3,7.9,14.4,0.952577975811585,0.936187141947804,0.9398472310630172,0.9428707829408021,Q4_MostVulnerable,1
County_824,NY,8.4,3.5,8.5,0.534213876511776,0.30394653087205603,0.39942711648631446,0.4125291746233821,Q2,0
County_825,AL,11.4,5.7,10.3,0.7289942711648632,0.7092616168045831,0.6222151495862508,0.6868236791852323,Q3,0
County_826,GA,1.4,1.1,8.0,0.02816677275620624,0.03739656269891789,0.343093570973902,0.13621896880967535,Q1_LeastVulnerable,0
County_827,ID,11.7,5.5,9.5,0.7458625079567155,0.6744112030553787,0.5264162953532782,0.6488966687884575,Q3,0
County_828,CA,9.8,5.4,11.4,0.6295353278166773,0.6578612348822406,0.7522278803309994,0.6798748143433059,Q3,0
County_829,ID,10.4,7.6,13.2,0.6685232336091661,0.9194780394653087,0.8886059834500318,0.8255357521748355,Q4_MostVulnerable,1
County_830,IN,7.1,2.2,7.6,0.43014003819223423,0.1223742838956079,0.2980585614258434,0.28352429450456185,Q1_LeastVulnerable,0
County_831,WA,12.7,6.5,12.8,0.7969446212603437,0.8200190961171229,0.8647358370464672,0.8272331848079779,Q4_MostVulnerable,1
County_832,NC,3.9,5.4,6.4,0.16709102482495225,0.6578612348822406,0.1717059197963081,0.3322193931678336,Q2,0
County_833,LA,9.9,6.1,11.8,0.6360598345003182,0.7705283259070655,0.7921705919796308,0.7329195841290049,Q4_MostVulnerable,1
County_834,WI,2.0,3.9,2.9,0.054423933800127305,0.3771483131763208,0.014003819223424571,0.14852535539995756,Q1_LeastVulnerable,0
County_835,CO,3.2,3.8,3.3,0.11950986632718014,0.3582113303628262,0.019096117122851686,0.1656057712709527,Q1_LeastVulnerable,0
County_836,MI,16.1,8.8,12.3,0.9204328453214513,0.9704010184595799,0.8308402291534055,0.9072246976448123,Q4_MostVulnerable,1
County_837,NY,4.8,1.8,5.6,0.23424570337364736,0.08338637810311904,0.10471037555697009,0.1407808190112455,Q1_LeastVulnerable,0
County_838,CA,3.7,1.0,5.8,0.1532463399108848,0.03214513049013367,0.11887332908975175,0.10142159983025674,Q1_LeastVulnerable,0
County_839,OH,9.3,4.8,9.2,0.5983450031826862,0.5514003819223424,0.4856779121578612,0.5451410990876299,Q3,0
County_840,CA,15.0,3.3,14.0,0.8887651177593889,0.2686187141947804,0.9253660089115213,0.6942499469552302,Q3,0
County_841,CO,5.8,5.6,7.1,0.3166772756206238,0.6920751113940166,0.2437937619350732,0.41751538298323787,Q2,0
County_842,CO,20.4,9.9,13.5,0.9882240611075748,0.9907702100572884,0.9048376830044558,0.9612773180564397,Q4_MostVulnerable,1
County_843,VA,5.0,2.8,6.8,0.24920432845321452,0.19462126034373012,0.2145130490133673,0.21944621260343733,Q1_LeastVulnerable,0
County_844,ND,13.4,5.5,10.1,0.8271801400381922,0.6744112030553787,0.6020050922978994,0.7011988117971567,Q3,0
County_845,NY,8.6,4.5,7.4,0.5488542329726289,0.49267982176957353,0.2737110120942075,0.4384150222788033,Q2,0
County_846,MO,6.2,3.9,4.9,0.3475493316359007,0.3771483131763208,0.06572246976448122,0.2634733715255676,Q1_LeastVulnerable,0
County_847,IL,10.7,5.4,10.5,0.6853914704010184,0.6578612348822406,0.6451304901336729,0.6627943984723106,Q3,0
County_848,NM,2.6,3.6,5.2,0.08402291534054743,0.3217695735200509,0.08020369191597708,0.16199872692552517,Q1_LeastVulnerable,0
County_849,LA,7.1,3.9,10.5,0.43014003819223423,0.3771483131763208,0.6451304901336729,0.48413961383407594,Q2,0
County_850,CO,6.4,5.3,5.3,0.3647358370464672,0.6411521323997453,0.08625079567154678,0.36404625503925314,Q2,0
County_851,OH,10.1,5.7,9.0,0.6484723106301719,0.7092616168045831,0.4619669000636537,0.6065669424994695,Q3,0
County_852,CA,8.7,3.7,13.0,0.5550604710375557,0.3392743475493316,0.8779439847231063,0.5907596011033313,Q3,0
County_853,CT,10.4,7.1,8.3,0.6685232336091661,0.8771483131763208,0.37619350732017826,0.6406216847018884,Q3,0
County_854,SD,12.7,3.8,10.9,0.7969446212603437,0.3582113303628262,0.6950986632718014,0.6167515382983239,Q3,0
County_855,NC,7.3,4.0,6.2,0.4473265436028008,0.39449395289624445,0.1522915340547422,0.3313706768512625,Q2,0
County_856,NY,9.1,6.2,6.8,0.5819541693189052,0.7835773392743476,0.2145130490133673,0.5266815192022066,Q3,0
County_857,LA,17.1,6.0,16.6,0.9484404837683005,0.7577975811584978,0.9882240611075748,0.8981540420114577,Q4_MostVulnerable,1
County_858,KY,8.8,5.1,9.8,0.5614258434118395,0.6078930617441121,0.5658816040738384,0.5784001697432634,Q3,0
County_859,OH,7.1,4.9,8.8,0.43014003819223423,0.5724061107574793,0.4377784850413749,0.4801082113303628,Q2,0
County_860,OR,13.0,4.6,8.1,0.8068109484404837,0.5119350732017823,0.35534691279439845,0.5580309781455549,Q3,0
County_861,MN,7.4,4.1,9.4,0.45385105028644174,0.41263526416295354,0.5135264162953532,0.4600042435815828,Q2,0
County_862,WA,17.7,7.1,16.2,0.9605346912794398,0.8771483131763208,0.9837683004455761,0.9404837683004456,Q4_MostVulnerable,1
County_863,WA,14.8,5.6,14.7,0.8836728198599618,0.6920751113940166,0.9500318268618714,0.8419265860386166,Q4_MostVulnerable,1
County_864,LA,5.8,7.2,9.2,0.3166772756206238,0.8887651177593889,0.4856779121578612,0.5637067685126246,Q3,0
County_865,TN,6.5,2.8,6.0,0.3733290897517505,0.19462126034373012,0.1341502227880331,0.23403352429450455,Q1_LeastVulnerable,0
County_866,MO,13.6,7.6,12.4,0.838319541693189,0.9194780394653087,0.8384786760025461,0.8654254190536813,Q4_MostVulnerable,1
County_867,MN,13.0,5.3,12.8,0.8068109484404837,0.6411521323997453,0.8647358370464672,0.7708996392955654,Q4_MostVulnerable,1
County_868,CA,14.2,4.6,8.5,0.8636218968809676,0.5119350732017823,0.39942711648631446,0.5916613621896881,Q3,0
County_869,MT,7.6,4.4,6.6,0.4711966900063654,0.47422024188415024,0.19080203691915978,0.37873965626989187,Q2,0
County_870,TX,8.6,5.5,11.1,0.5488542329726289,0.6744112030553787,0.7211966900063653,0.6481540420114577,Q3,0
County_871,PA,7.0,5.5,10.2,0.42218332272437936,0.6744112030553787,0.6120305537873966,0.5695416931890516,Q3,0
County_872,PA,7.0,6.4,5.4,0.42218332272437936,0.8095162316995544,0.0918204964990452,0.44117335030765964,Q2,0
County_873,CO,5.1,7.9,9.1,0.25732017823042647,0.936187141947804,0.47374283895607894,0.5557500530447698,Q3,0
County_874,IA,14.7,6.8,12.6,0.8814449395289624,0.8486632718014003,0.8526416295353278,0.8609166136218969,Q4_MostVulnerable,1
County_875,FL,10.0,4.0,11.5,0.6419478039465308,0.39449395289624445,0.7649586250795671,0.6004667939741141,Q3,0
County_876,IL,10.3,5.8,8.9,0.6618395926161681,0.7245385105028644,0.45019096117122853,0.6121896880967537,Q3,0
County_877,NE,14.2,5.9,13.4,0.8636218968809676,0.7418841502227881,0.9005410566518142,0.83534903458519,Q4_MostVulnerable,1
County_878,KS,1.7,3.9,7.6,0.03930617441120306,0.3771483131763208,0.2980585614258434,0.23817101633778912,Q1_LeastVulnerable,0
County_879,MO,10.0,3.1,9.3,0.6419478039465308,0.23949713558243158,0.4990451941438574,0.46016337789094,Q2,0
County_880,MD,15.2,10.1,12.6,0.8941756842775302,0.9926798217695735,0.8526416295353278,0.9131657118608105,Q4_MostVulnerable,1
County_881,IL,3.3,4.3,5.3,0.12842138765117758,0.45401018459579884,0.08625079567154678,0.22289412263950772,Q1_LeastVulnerable,0
County_882,CA,14.3,3.8,15.4,0.867600254614895,0.3582113303628262,0.9676957352005092,0.7311691067260768,Q4_MostVulnerable,1
County_883,TX,10.1,4.0,9.8,0.6484723106301719,0.39449395289624445,0.5658816040738384,0.5362826225334182,Q3,0
County_884,AL,9.3,6.0,7.8,0.5983450031826862,0.7577975811584978,0.31954169318905157,0.5585614258434118,Q3,0
County_885,AL,9.5,6.6,8.3,0.6120305537873966,0.8302036919159771,0.37619350732017826,0.606142584341184,Q3,0
County_886,TN,4.0,1.3,7.3,0.17457033736473584,0.050127307447485676,0.2625716104392107,0.16242308508381073,Q1_LeastVulnerable,0
County_887,WY,1.3,3.5,7.1,0.0241884150222788,0.30394653087205603,0.2437937619350732,0.19064290260980268,Q1_LeastVulnerable,0
County_888,OK,13.2,3.0,8.9,0.8155633354551242,0.22469764481222151,0.45019096117122853,0.49681731381285804,Q3,0
County_889,AL,3.6,2.9,10.5,0.1465626989178867,0.20926161680458308,0.6451304901336729,0.3336516019520475,Q2,0
County_890,FL,6.0,5.5,8.6,0.33195416931890515,0.6744112030553787,0.41215786123488224,0.472841077869722,Q2,0
County_891,WV,21.0,7.5,16.4,0.9915658816040739,0.9127943984723106,0.9867918523233609,0.9637173774665818,Q4_MostVulnerable,1
County_892,SC,8.5,2.3,9.0,0.5423297262889879,0.13319541693189052,0.4619669000636537,0.3791640144281774,Q2,0
County_893,MO,10.5,5.4,10.3,0.6745703373647358,0.6578612348822406,0.6222151495862508,0.6515489072777424,Q3,0
County_894,GA,5.5,2.7,7.5,0.2936028007638447,0.18061744112030553,0.285964353914704,0.25339486526628474,Q1_LeastVulnerable,0
County_895,AL,15.1,7.5,14.6,0.8913112667091024,0.9127943984723106,0.9463717377466582,0.9168258009760236,Q4_MostVulnerable,1
County_896,AK,1.9,1.2,5.9,0.050127307447485676,0.043602800763844686,0.12587523870146403,0.07320178230426479,Q1_LeastVulnerable,0
County_897,NM,13.1,4.8,13.1,0.8107893061744113,0.5514003819223424,0.8838319541693189,0.7486738807553576,Q4_MostVulnerable,1
County_898,AK,2.8,0.0,5.5,0.09723106301718651,0.004455760661998727,0.098026734563972,0.0665711860810524,Q1_LeastVulnerable,0
County_899,WI,18.8,7.9,14.8,0.975493316359007,0.936187141947804,0.9522597071928708,0.9546467218332273,Q4_MostVulnerable,1
County_900,CO,11.3,5.2,9.0,0.7232654360280076,0.6247612985359644,0.4619669000636537,0.6033312115425419,Q3,0
County_901,OH,3.8,1.4,9.3,0.16008911521323999,0.055856142584341184,0.4990451941438574,0.23833015064714616,Q1_LeastVulnerable,0
County_902,CO,8.2,4.8,7.4,0.5181413112667091,0.5514003819223424,0.2737110120942075,0.44775090176108634,Q2,0
County_903,MS,11.5,7.0,10.1,0.7342457033736474,0.8682367918523234,0.6020050922978994,0.7348291958412899,Q4_MostVulnerable,1
County_904,CA,5.4,3.3,7.0,0.28516868236791854,0.2686187141947804,0.23313176320814769,0.2623063865902822,Q1_LeastVulnerable,0
County_905,PA,6.5,4.3,7.5,0.3733290897517505,0.45401018459579884,0.285964353914704,0.37110120942075114,Q2,0
County_906,NE,15.6,7.1,14.3,0.9048376830044558,0.8771483131763208,0.9352323360916613,0.9057394440908126,Q4_MostVulnerable,1
County_907,CA,8.4,2.7,8.6,0.534213876511776,0.18061744112030553,0.41215786123488224,0.3756630596223212,Q2,0
County_908,TN,14.5,9.4,15.1,0.8738064926798218,0.9840865690642903,0.9589433481858689,0.9389454699766603,Q4_MostVulnerable,1
County_909,MO,10.4,4.4,8.6,0.6685232336091661,0.47422024188415024,0.41215786123488224,0.5183004455760661,Q3,0
County_910,VA,11.3,6.4,11.0,0.7232654360280076,0.8095162316995544,0.707511139401655,0.7467642690430724,Q4_MostVulnerable,1
County_911,VT,13.7,7.3,10.3,0.8424570337364736,0.8992679821769574,0.6222151495862508,0.7879800551665607,Q4_MostVulnerable,1
County_912,VA,16.9,6.9,14.3,0.9433481858688734,0.8590070019096118,0.9352323360916613,0.9125291746233821,Q4_MostVulnerable,1
County_913,CA,4.1,4.1,7.0,0.1839592616168046,0.41263526416295354,0.23313176320814769,0.27657542966263526,Q1_LeastVulnerable,0
County_914,CA,12.6,6.1,11.0,0.7915340547422024,0.7705283259070655,0.707511139401655,0.756524506683641,Q4_MostVulnerable,1
County_915,WI,18.8,5.5,16.8,0.975493316359007,0.6744112030553787,0.9899745385105029,0.8799596859749629,Q4_MostVulnerable,1
County_916,MI,12.7,5.3,10.0,0.7969446212603437,0.6411521323997453,0.5910248249522597,0.6763738595374496,Q3,0
County_917,GA,9.7,4.0,11.0,0.6228516868236792,0.39449395289624445,0.707511139401655,0.5749522597071929,Q3,0
County_918,PA,15.7,6.0,11.3,0.9081795035009548,0.7577975811584978,0.7404519414385742,0.8021430086993423,Q4_MostVulnerable,1
County_919,GA,20.5,6.2,15.5,0.9891788669637174,0.7835773392743476,0.970560152768937,0.9144387863356673,Q4_MostVulnerable,1
County_920,OK,10.8,6.9,8.0,0.6917568427753024,0.8590070019096118,0.343093570973902,0.6312858052196054,Q3,0
County_921,TN,11.8,7.9,9.6,0.7517504774029281,0.936187141947804,0.5383513685550605,0.7420963293019308,Q4_MostVulnerable,1
County_922,PA,11.4,6.9,10.5,0.7289942711648632,0.8590070019096118,0.6451304901336729,0.7443772544027158,Q4_MostVulnerable,1
County_923,ID,2.5,4.7,9.9,0.07829408020369191,0.5316677275620624,0.5786123488224061,0.39619138552938676,Q2,0
County_924,KY,13.1,5.4,11.8,0.8107893061744113,0.6578612348822406,0.7921705919796308,0.7536070443454275,Q4_MostVulnerable,1
County_925,LA,2.8,1.9,9.7,0.09723106301718651,0.09245703373647358,0.5517186505410566,0.24713558243157227,Q1_LeastVulnerable,0
County_926,MI,11.9,4.4,11.4,0.7568427753023552,0.47422024188415024,0.7522278803309994,0.6610969658391682,Q3,0
County_927,CO,2.3,3.7,5.4,0.06795035009548059,0.3392743475493316,0.0918204964990452,0.16634839804795246,Q1_LeastVulnerable,0
County_928,MA,3.8,3.5,10.0,0.16008911521323999,0.30394653087205603,0.5910248249522597,0.35168682367918525,Q2,0
County_929,MN,6.4,3.8,9.1,0.3647358370464672,0.3582113303628262,0.47374283895607894,0.3988966687884575,Q2,0
County_930,MS,5.7,5.7,6.6,0.30919796308084024,0.7092616168045831,0.19080203691915978,0.4030872056015277,Q2,0
County_931,SD,13.5,6.7,12.7,0.8329089751750477,0.83991088478676,0.8580521960534692,0.843624018671759,Q4_MostVulnerable,1
County_932,MS,7.0,2.8,7.9,0.42218332272437936,0.19462126034373012,0.33131763208147674,0.3160407383831954,Q2,0
County_933,FL,3.0,1.9,2.5,0.10789306174411203,0.09245703373647358,0.009388924252068746,0.06991300657755146,Q1_LeastVulnerable,0
County_934,NC,5.3,4.6,9.5,0.27641629535327816,0.5119350732017823,0.5264162953532782,0.43825588796944626,Q2,0
County_935,SC,9.3,6.4,11.9,0.5983450031826862,0.8095162316995544,0.8017186505410566,0.7365266284744325,Q4_MostVulnerable,1
County_936,IN,9.2,5.6,13.3,0.5902291534054742,0.6920751113940166,0.8949713558243158,0.7257585402079355,Q4_MostVulnerable,1
County_937,NY,9.5,7.7,10.6,0.6120305537873966,0.9250477402928071,0.6573838319541693,0.7314873753447909,Q4_MostVulnerable,1
County_938,CO,13.5,8.5,11.2,0.8329089751750477,0.9602164226607256,0.7313812858052197,0.8415022278803309,Q4_MostVulnerable,1
County_939,IN,15.0,7.2,14.2,0.8887651177593889,0.8887651177593889,0.9307765754296626,0.9027689369828135,Q4_MostVulnerable,1
County_940,UT,11.4,4.2,12.4,0.7289942711648632,0.4328453214513049,0.8384786760025461,0.666772756206238,Q3,0
County_941,UT,7.8,2.4,12.2,0.4859961807765754,0.14528962444302992,0.8249522597071929,0.4854126883089327,Q2,0
County_942,MT,6.5,3.4,8.2,0.3733290897517505,0.28580521960534694,0.3663271801400382,0.3418204964990452,Q2,0
County_943,OH,19.0,8.8,14.2,0.9769255251432208,0.9704010184595799,0.9307765754296626,0.9593677063441545,Q4_MostVulnerable,1
County_944,TN,9.1,7.5,8.1,0.5819541693189052,0.9127943984723106,0.35534691279439845,0.6166984935285381,Q3,0
County_945,WA,10.6,5.8,11.4,0.6806174411203055,0.7245385105028644,0.7522278803309994,0.7191279439847231,Q4_MostVulnerable,1
County_946,MI,5.9,5.5,4.8,0.32511139401655,0.6744112030553787,0.06206238064926798,0.3538616592403989,Q2,0
County_947,MO,5.8,3.4,9.5,0.3166772756206238,0.28580521960534694,0.5264162953532782,0.3762995968597496,Q2,0
County_948,LA,3.6,4.0,8.0,0.1465626989178867,0.39449395289624445,0.343093570973902,0.29471674092934436,Q2,0
County_949,CA,8.6,5.8,10.5,0.5488542329726289,0.7245385105028644,0.6451304901336729,0.6395077445363887,Q3,0
County_950,LA,5.8,0.8,8.2,0.3166772756206238,0.023870146403564607,0.3663271801400382,0.23562486738807553,Q1_LeastVulnerable,0
County_951,RI,6.7,3.4,11.4,0.39417568427753025,0.28580521960534694,0.7522278803309994,0.4774029280712922,Q2,0
County_952,SC,14.8,7.9,14.1,0.8836728198599618,0.936187141947804,0.928230426479949,0.9160301294292382,Q4_MostVulnerable,1
County_953,TX,2.6,3.2,5.1,0.08402291534054743,0.25302355187778486,0.07447485677912158,0.13717377466581795,Q1_LeastVulnerable,0
County_954,CA,5.1,1.7,6.4,0.25732017823042647,0.07670273711012095,0.1717059197963081,0.16857627837895184,Q1_LeastVulnerable,0
County_955,MS,9.8,1.3,8.2,0.6295353278166773,0.050127307447485676,0.3663271801400382,0.3486632718014004,Q2,0
County_956,CA,9.4,4.3,10.8,0.6053469127943985,0.45401018459579884,0.683004455760662,0.5807871843836198,Q3,0
County_957,FL,16.8,6.9,11.4,0.9406429026098027,0.8590070019096118,0.7522278803309994,0.8506259282834714,Q4_MostVulnerable,1
County_958,TX,1.7,1.2,8.0,0.03930617441120306,0.043602800763844686,0.343093570973902,0.14200084871631657,Q1_LeastVulnerable,0
County_959,MI,15.6,6.9,15.5,0.9048376830044558,0.8590070019096118,0.970560152768937,0.9114682792276682,Q4_MostVulnerable,1
County_960,PA,3.3,3.8,4.9,0.12842138765117758,0.3582113303628262,0.06572246976448122,0.18411839592616167,Q1_LeastVulnerable,0
County_961,CA,6.8,5.0,8.0,0.40388287714831317,0.5911839592616168,0.343093570973902,0.446053469127944,Q2,0
County_962,LA,2.5,0.0,6.3,0.07829408020369191,0.004455760661998727,0.16152132399745386,0.08142372162104816,Q1_LeastVulnerable,0
County_963,NC,0.6,0.2,7.1,0.007479312539783577,0.010025461489497135,0.2437937619350732,0.08709951198811798,Q1_LeastVulnerable,0
County_964,CA,15.5,6.2,15.9,0.9018141311266709,0.7835773392743476,0.9793125397835774,0.8882346700615319,Q4_MostVulnerable,1
County_965,IN,4.6,4.2,3.9,0.22135582431572248,0.4328453214513049,0.033895607893061744,0.22936558455336306,Q1_LeastVulnerable,0
County_966,CA,12.0,6.3,10.4,0.7627307447485678,0.7969446212603437,0.6325588796944621,0.7307447485677913,Q4_MostVulnerable,1
County_967,NY,5.8,4.4,7.4,0.3166772756206238,0.47422024188415024,0.2737110120942075,0.3548695098663272,Q2,0
County_968,WA,17.0,6.5,10.7,0.9458943348185869,0.8200190961171229,0.6691597708465945,0.8116910672607681,Q4_MostVulnerable,1
County_969,TN,6.2,3.4,7.1,0.3475493316359007,0.28580521960534694,0.2437937619350732,0.2923827710587736,Q2,0
County_970,WV,7.3,3.1,9.5,0.4473265436028008,0.23949713558243158,0.5264162953532782,0.40441332484617015,Q2,0
County_971,TN,5.1,4.7,7.0,0.25732017823042647,0.5316677275620624,0.23313176320814769,0.3407065563335456,Q2,0
County_972,TN,3.6,1.7,3.7,0.1465626989178867,0.07670273711012095,0.02928071292170592,0.08418204964990451,Q1_LeastVulnerable,0
County_973,MT,12.8,7.1,17.2,0.8009229789942711,0.8771483131763208,0.9931572246976448,0.8904095056227455,Q4_MostVulnerable,1
County_974,MS,8.4,4.8,9.7,0.534213876511776,0.5514003819223424,0.5517186505410566,0.5457776363250583,Q3,0
County_975,LA,0.8,2.2,5.6,0.009548058561425843,0.1223742838956079,0.10471037555697009,0.0788775726713346,Q1_LeastVulnerable,0
County_976,SD,17.3,6.2,11.4,0.952577975811585,0.7835773392743476,0.7522278803309994,0.8294610651389774,Q4_MostVulnerable,1
County_977,CO,7.4,2.2,9.2,0.45385105028644174,0.1223742838956079,0.4856779121578612,0.3539677487799702,Q2,0
County_978,CA,3.8,2.2,6.6,0.16008911521323999,0.1223742838956079,0.19080203691915978,0.1577551453426692,Q1_LeastVulnerable,0
County_979,WA,2.3,2.2,2.4,0.06795035009548059,0.1223742838956079,0.008274984086569064,0.06619987269255252,Q1_LeastVulnerable,0
County_980,AL,4.0,0.0,4.8,0.17457033736473584,0.004455760661998727,0.06206238064926798,0.08036282622533418,Q1_LeastVulnerable,0
County_981,WV,10.3,4.8,11.7,0.6618395926161681,0.5514003819223424,0.7824633991088479,0.6652344578824528,Q3,0
County_982,OK,13.3,7.4,15.5,0.8209739019732655,0.9061107574793126,0.970560152768937,0.8992149374071716,Q4_MostVulnerable,1
County_983,IN,6.9,4.9,9.2,0.4135900700190961,0.5724061107574793,0.4856779121578612,0.4905580309781455,Q3,0
County_984,OH,24.4,8.6,19.4,0.9996817313812858,0.9632399745385105,0.9993634627625716,0.9874283895607894,Q4_MostVulnerable,1
County_985,SD,6.2,3.9,7.8,0.3475493316359007,0.3771483131763208,0.31954169318905157,0.3480797793337577,Q2,0
County_986,GA,7.8,3.5,8.7,0.4859961807765754,0.30394653087205603,0.4252068746021642,0.40504986208359856,Q2,0
County_987,PA,3.3,3.2,8.8,0.12842138765117758,0.25302355187778486,0.4377784850413749,0.2730744748567791,Q1_LeastVulnerable,0
County_988,SC,7.5,6.6,12.1,0.4619669000636537,0.8302036919159771,0.8168364099299809,0.7030023339698706,Q3,0
County_989,GA,13.8,7.6,14.5,0.8465945257797581,0.9194780394653087,0.9428707829408021,0.9029811160619564,Q4_MostVulnerable,1
County_990,AR,18.7,8.4,12.2,0.9740611075747931,0.9565563335455124,0.8249522597071929,0.9185232336091661,Q4_MostVulnerable,1
County_991,FL,12.0,4.8,10.8,0.7627307447485678,0.5514003819223424,0.683004455760662,0.6657118608105241,Q3,0
County_992,FL,1.8,3.7,6.4,0.045035009548058565,0.3392743475493316,0.1717059197963081,0.18533842563123273,Q1_LeastVulnerable,0
County_993,CA,3.0,0.4,6.0,0.10789306174411203,0.013526416295353278,0.1341502227880331,0.0851899002758328,Q1_LeastVulnerable,0
County_994,OK,1.8,2.2,6.7,0.045035009548058565,0.1223742838956079,0.20321451304901336,0.12354126883089327,Q1_LeastVulnerable,0
County_995,KY,4.2,4.1,8.7,0.19478039465308722,0.41263526416295354,0.4252068746021642,0.3442075111394017,Q2,0
County_996,TX,5.4,4.7,9.7,0.28516868236791854,0.5316677275620624,0.5517186505410566,0.45618502015701257,Q2,0
County_997,GA,3.6,4.1,10.2,0.1465626989178867,0.41263526416295354,0.6120305537873966,0.3904095056227456,Q2,0
County_998,MA,11.4,5.9,10.0,0.7289942711648632,0.7418841502227881,0.5910248249522597,0.6873010821133038,Q3,0
County_999,NY,3.5,2.7,4.0,0.14035646085295989,0.18061744112030553,0.0364417568427753,0.11913855293868024,Q1_LeastVulnerable,0
County_1000,TX,10.3,5.9,10.9,0.6618395926161681,0.7418841502227881,0.6950986632718014,0.6996074687035859,Q3,0
County_1001,MS,12.7,4.4,15.1,0.7969446212603437,0.47422024188415024,0.9589433481858689,0.7433694037767875,Q4_MostVulnerable,1
County_1002,KS,6.7,2.7,7.4,0.39417568427753025,0.18061744112030553,0.2737110120942075,0.28283471249734776,Q1_LeastVulnerable,0
County_1003,TX,14.9,6.6,13.8,0.8859007001909611,0.8302036919159771,0.9186823679185232,0.8782622533418204,Q4_MostVulnerable,1
County_1004,IL,11.0,5.6,11.9,0.7067154678548695,0.6920751113940166,0.8017186505410566,0.7335030765966476,Q4_MostVulnerable,1
County_1005,CA,5.3,0.9,8.0,0.27641629535327816,0.027530235518777847,0.343093570973902,0.21568003394865265,Q1_LeastVulnerable,0
County_1006,MD,7.7,5.0,8.9,0.47835773392743475,0.5911839592616168,0.45019096117122853,0.5065775514534266,Q3,0
County_1007,PA,5.7,4.9,6.0,0.30919796308084024,0.5724061107574793,0.1341502227880331,0.3385847655421175,Q2,0
County_1008,AZ,12.5,5.6,6.7,0.7862826225334182,0.6920751113940166,0.20321451304901336,0.5605240823254827,Q3,0
County_1009,NE,11.2,8.9,8.4,0.7176957352005092,0.973901973265436,0.38749204328453213,0.6930299172501592,Q3,0
County_1010,NV,9.5,3.8,9.0,0.6120305537873966,0.3582113303628262,0.4619669000636537,0.47740292807129214,Q2,0
County_1011,VA,2.5,2.2,8.5,0.07829408020369191,0.1223742838956079,0.39942711648631446,0.2000318268618714,Q1_LeastVulnerable,0
County_1012,IL,5.1,2.9,7.3,0.25732017823042647,0.20926161680458308,0.2625716104392107,0.2430511351580734,Q1_LeastVulnerable,0
County_1013,ID,4.4,3.2,6.2,0.20910248249522598,0.25302355187778486,0.1522915340547422,0.2048058561425843,Q1_LeastVulnerable,0
County_1014,MD,1.2,1.9,3.8,0.019255251432208784,0.09245703373647358,0.03166772756206238,0.04779333757691492,Q1_LeastVulnerable,0
County_1015,IA,3.1,0.8,7.9,0.11298535964353915,0.023870146403564607,0.33131763208147674,0.15605771270952684,Q1_LeastVulnerable,0
County_1016,OK,3.2,2.1,9.3,0.11950986632718014,0.11171228516868237,0.4990451941438574,0.24342244854657333,Q1_LeastVulnerable,0
County_1017,NY,6.8,3.9,10.5,0.40388287714831317,0.3771483131763208,0.6451304901336729,0.4753872268194356,Q2,0
County_1018,PA,12.1,7.5,12.3,0.7689369828134945,0.9127943984723106,0.8308402291534055,0.8375238701464035,Q4_MostVulnerable,1
County_1019,SD,5.6,7.0,4.8,0.3020369191597708,0.8682367918523234,0.06206238064926798,0.41077869722045407,Q2,0
County_1020,VA,7.1,6.1,7.8,0.43014003819223423,0.7705283259070655,0.31954169318905157,0.5067366857627839,Q3,0
County_1021,LA,7.1,3.0,12.4,0.43014003819223423,0.22469764481222151,0.8384786760025461,0.49777211966900065,Q3,0
County_1022,WI,7.7,3.3,11.1,0.47835773392743475,0.2686187141947804,0.7211966900063653,0.48939104604286016,Q3,0
County_1023,FL,8.3,4.3,6.1,0.5256206238064927,0.45401018459579884,0.14306174411203054,0.37423085083810737,Q2,0
County_1024,OH,14.8,9.1,12.3,0.8836728198599618,0.9780394653087205,0.8308402291534055,0.8975175047740293,Q4_MostVulnerable,1
County_1025,MS,6.7,3.8,9.1,0.39417568427753025,0.3582113303628262,0.47374283895607894,0.40870995119881176,Q2,0
County_1026,SD,14.9,4.5,10.9,0.8859007001909611,0.49267982176957353,0.6950986632718014,0.6912263950774453,Q3,0
County_1027,MI,8.1,3.7,4.4,0.5103437301082113,0.3392743475493316,0.0483768300445576,0.29933163590070017,Q2,0
County_1028,PA,7.3,5.3,8.9,0.4473265436028008,0.6411521323997453,0.45019096117122853,0.5128898790579249,Q3,0
County_1029,VA,21.2,9.4,14.0,0.9923615531508593,0.9840865690642903,0.9253660089115213,0.9672713770422235,Q4_MostVulnerable,1
County_1030,OK,13.2,5.7,10.0,0.8155633354551242,0.7092616168045831,0.5910248249522597,0.7052832590706557,Q3,0
County_1031,PA,1.3,3.4,4.9,0.0241884150222788,0.28580521960534694,0.06572246976448122,0.12523870146403565,Q1_LeastVulnerable,0
County_1032,CA,10.1,1.6,9.8,0.6484723106301719,0.07001909611712286,0.5658816040738384,0.4281243369403777,Q2,0
County_1033,FL,3.3,3.1,6.6,0.12842138765117758,0.23949713558243158,0.19080203691915978,0.18624018671758966,Q1_LeastVulnerable,0
County_1034,WV,8.4,5.8,7.4,0.534213876511776,0.7245385105028644,0.2737110120942075,0.5108211330362826,Q3,0
County_1035,OH,3.7,1.9,6.4,0.1532463399108848,0.09245703373647358,0.1717059197963081,0.13913643114788884,Q1_LeastVulnerable,0
County_1036,MO,9.3,3.5,6.1,0.5983450031826862,0.30394653087205603,0.14306174411203054,0.34845109272225755,Q2,0
County_1037,KS,17.4,4.4,14.3,0.9546467218332273,0.47422024188415024,0.9352323360916613,0.7880330999363463,Q4_MostVulnerable,1
County_1038,AR,10.6,7.6,4.6,0.6806174411203055,0.9194780394653087,0.0549013367281986,0.5516656057712709,Q3,0
County_1039,KS,6.3,2.8,7.6,0.35709739019732656,0.19462126034373012,0.2980585614258434,0.2832590706556334,Q1_LeastVulnerable,0
County_1040,MI,5.7,4.1,9.7,0.30919796308084024,0.41263526416295354,0.5517186505410566,0.42451729259495014,Q2,0
County_1041,FL,15.9,7.7,10.8,0.9156588160407384,0.9250477402928071,0.683004455760662,0.8412370040314024,Q4_MostVulnerable,1
County_1042,CO,10.3,7.4,11.6,0.6618395926161681,0.9061107574793126,0.77466581795035,0.780872056015277,Q4_MostVulnerable,1
County_1043,MN,15.3,6.4,15.0,0.897040101845958,0.8095162316995544,0.9563971992361553,0.8876511775938892,Q4_MostVulnerable,1
County_1044,NE,11.7,4.7,4.2,0.7458625079567155,0.5316677275620624,0.0429662635264163,0.4401654996817314,Q2,0
County_1045,GA,7.5,4.5,8.4,0.4619669000636537,0.49267982176957353,0.38749204328453213,0.44737958837258646,Q2,0
County_1046,NV,9.8,6.9,4.1,0.6295353278166773,0.8590070019096118,0.03962444302991725,0.5093889242520688,Q3,0
County_1047,TX,18.5,7.3,14.0,0.9715149586250795,0.8992679821769574,0.9253660089115213,0.9320496499045193,Q4_MostVulnerable,1
County_1048,MI,7.9,2.9,8.9,0.4949077021005729,0.20926161680458308,0.45019096117122853,0.3847867600254615,Q2,0
County_1049,TX,5.5,1.3,2.8,0.2936028007638447,0.050127307447485676,0.012730744748567792,0.11882028431996605,Q1_LeastVulnerable,0
County_1050,VA,5.2,1.7,11.4,0.26718650541056654,0.07670273711012095,0.7522278803309994,0.36537237428389563,Q2,0
County_1051,CA,11.9,6.9,11.5,0.7568427753023552,0.8590070019096118,0.7649586250795671,0.7936028007638448,Q4_MostVulnerable,1
County_1052,CA,6.1,3.3,6.3,0.33800127307447486,0.2686187141947804,0.16152132399745386,0.2560471037555697,Q1_LeastVulnerable,0
County_1053,MI,6.9,3.1,11.4,0.4135900700190961,0.23949713558243158,0.7522278803309994,0.46843836197750904,Q2,0
County_1054,NV,13.9,5.1,8.4,0.8515276893698281,0.6078930617441121,0.38749204328453213,0.615637598132824,Q3,0
County_1055,LA,3.0,3.0,4.1,0.10789306174411203,0.22469764481222151,0.03962444302991725,0.12407171652875026,Q1_LeastVulnerable,0
County_1056,IN,8.4,4.2,4.6,0.534213876511776,0.4328453214513049,0.0549013367281986,0.34065351156375984,Q2,0
County_1057,NY,14.7,6.0,16.0,0.8814449395289624,0.7577975811584978,0.9810630171865055,0.8734351792913219,Q4_MostVulnerable,1
County_1058,AL,9.5,6.9,10.4,0.6120305537873966,0.8590070019096118,0.6325588796944621,0.7011988117971568,Q3,0
County_1059,WA,8.5,6.8,10.5,0.5423297262889879,0.8486632718014003,0.6451304901336729,0.6787078294080203,Q3,0
County_1060,FL,11.3,3.0,11.3,0.7232654360280076,0.22469764481222151,0.7404519414385742,0.5628050074262677,Q3,0
County_1061,VT,9.7,5.4,11.0,0.6228516868236792,0.6578612348822406,0.707511139401655,0.662741353702525,Q3,0
County_1062,CA,7.4,3.0,8.8,0.45385105028644174,0.22469764481222151,0.4377784850413749,0.3721090600466794,Q2,0
County_1063,GA,1.5,2.1,6.3,0.03166772756206238,0.11171228516868237,0.16152132399745386,0.10163377890939955,Q1_LeastVulnerable,0
County_1064,GA,11.7,6.0,11.1,0.7458625079567155,0.7577975811584978,0.7211966900063653,0.7416189263738596,Q4_MostVulnerable,1
County_1065,WY,2.7,2.5,5.1,0.09070655633354552,0.1581795035009548,0.07447485677912158,0.10778697220454063,Q1_LeastVulnerable,0
County_1066,AL,12.2,6.0,11.0,0.7733927434754934,0.7577975811584978,0.707511139401655,0.7462338213452154,Q4_MostVulnerable,1
County_1067,NY,1.5,3.5,6.3,0.03166772756206238,0.30394653087205603,0.16152132399745386,0.1657118608105241,Q1_LeastVulnerable,0
County_1068,TX,4.0,3.6,7.2,0.17457033736473584,0.3217695735200509,0.25302355187778486,0.2497878209208572,Q1_LeastVulnerable,0
County_1069,NC,9.3,3.8,6.7,0.5983450031826862,0.3582113303628262,0.20321451304901336,0.38659028219817526,Q2,0
County_1070,KS,7.0,3.2,5.8,0.42218332272437936,0.25302355187778486,0.11887332908975175,0.26469340123063867,Q1_LeastVulnerable,0
County_1071,WA,6.2,1.7,10.3,0.3475493316359007,0.07670273711012095,0.6222151495862508,0.3488224061107575,Q2,0
County_1072,TX,20.4,6.9,14.6,0.9882240611075748,0.8590070019096118,0.9463717377466582,0.9312009335879482,Q4_MostVulnerable,1
County_1073,ME,12.4,8.7,12.4,0.7821451304901337,0.9662635264162953,0.8384786760025461,0.862295777636325,Q4_MostVulnerable,1
County_1074,MT,1.6,1.3,3.6,0.03516868236791852,0.050127307447485676,0.026416295353278166,0.03723742838956079,Q1_LeastVulnerable,0
County_1075,WA,14.7,4.6,9.4,0.8814449395289624,0.5119350732017823,0.5135264162953532,0.6356354763420327,Q3,0
County_1076,WI,13.6,6.6,10.1,0.838319541693189,0.8302036919159771,0.6020050922978994,0.7568427753023551,Q4_MostVulnerable,1
County_1077,MA,10.8,5.1,10.0,0.6917568427753024,0.6078930617441121,0.5910248249522597,0.6302249098238915,Q3,0
County_1078,TN,5.6,3.4,6.5,0.3020369191597708,0.28580521960534694,0.18125397835773394,0.2563653723742839,Q1_LeastVulnerable,0
County_1079,IL,11.9,7.7,13.5,0.7568427753023552,0.9250477402928071,0.9048376830044558,0.8622427328665393,Q4_MostVulnerable,1
County_1080,KS,8.5,5.4,9.6,0.5423297262889879,0.6578612348822406,0.5383513685550605,0.579514109908763,Q3,0
County_1081,CO,13.1,5.1,15.2,0.8107893061744113,0.6078930617441121,0.9616486314449395,0.7934436664544876,Q4_MostVulnerable,1
County_1082,FL,4.3,2.6,7.9,0.20305537873965626,0.16931890515595163,0.33131763208147674,0.23456397199236156,Q1_LeastVulnerable,0
County_1083,NY,5.3,2.8,2.8,0.27641629535327816,0.19462126034373012,0.012730744748567792,0.16125610014852534,Q1_LeastVulnerable,0
County_1084,MN,3.3,4.3,8.8,0.12842138765117758,0.45401018459579884,0.4377784850413749,0.34007001909611706,Q2,0
County_1085,FL,4.5,2.9,4.2,0.21530872056015277,0.20926161680458308,0.0429662635264163,0.15584553363038403,Q1_LeastVulnerable,0
County_1086,KY,6.0,1.1,8.5,0.33195416931890515,0.03739656269891789,0.39942711648631446,0.2562592828347125,Q1_LeastVulnerable,0
County_1087,KS,9.7,4.8,8.3,0.6228516868236792,0.5514003819223424,0.37619350732017826,0.5168151920220666,Q3,0
County_1088,WI,4.6,1.1,11.6,0.22135582431572248,0.03739656269891789,0.77466581795035,0.34447273498833014,Q2,0
County_1089,TN,8.1,7.7,12.0,0.5103437301082113,0.9250477402928071,0.8087205601527689,0.7480373435179292,Q4_MostVulnerable,1
County_1090,KY,14.6,4.9,10.8,0.8776257161043921,0.5724061107574793,0.683004455760662,0.7110120942075112,Q4_MostVulnerable,1
County_1091,UT,10.8,5.0,10.1,0.6917568427753024,0.5911839592616168,0.6020050922978994,0.6283152981116061,Q3,0
County_1092,IN,5.9,4.2,8.4,0.32511139401655,0.4328453214513049,0.38749204328453213,0.3818162529174623,Q2,0
County_1093,NC,0.5,1.7,7.0,0.005569700827498409,0.07670273711012095,0.23313176320814769,0.10513473371525568,Q1_LeastVulnerable,0
County_1094,WA,8.4,4.1,9.3,0.534213876511776,0.41263526416295354,0.4990451941438574,0.48196477827286227,Q2,0
County_1095,KY,5.6,4.3,5.7,0.3020369191597708,0.45401018459579884,0.11187141947803947,0.28930617441120304,Q2,0
County_1096,NC,3.5,5.3,5.3,0.14035646085295989,0.6411521323997453,0.08625079567154678,0.28925312964141736,Q1_LeastVulnerable,0
County_1097,IL,8.6,5.7,9.3,0.5488542329726289,0.7092616168045831,0.4990451941438574,0.5857203479736898,Q3,0
County_1098,GA,13.6,8.3,14.3,0.838319541693189,0.9524188415022279,0.9352323360916613,0.9086569064290261,Q4_MostVulnerable,1
County_1099,MT,5.2,2.0,8.4,0.26718650541056654,0.10232336091661362,0.38749204328453213,0.2523339698705708,Q1_LeastVulnerable,0
County_1100,WV,12.6,6.3,9.8,0.7915340547422024,0.7969446212603437,0.5658816040738384,0.7181200933587949,Q4_MostVulnerable,1
County_1101,MA,7.0,4.3,9.8,0.42218332272437936,0.45401018459579884,0.5658816040738384,0.4806917037980056,Q2,0
County_1102,VA,10.3,5.6,9.4,0.6618395926161681,0.6920751113940166,0.5135264162953532,0.6224803734351793,Q3,0
County_1103,UT,14.4,8.4,14.0,0.8711012094207511,0.9565563335455124,0.9253660089115213,0.9176745172925949,Q4_MostVulnerable,1
County_1104,GA,0.5,1.8,10.3,0.005569700827498409,0.08338637810311904,0.6222151495862508,0.2370570761722894,Q1_LeastVulnerable,0
County_1105,KY,10.6,4.6,9.6,0.6806174411203055,0.5119350732017823,0.5383513685550605,0.5769679609590495,Q3,0
County_1106,NY,19.7,8.7,16.5,0.9832908975175048,0.9662635264162953,0.9875875238701464,0.9790473159346488,Q4_MostVulnerable,1
County_1107,MS,16.1,4.2,11.6,0.9204328453214513,0.4328453214513049,0.77466581795035,0.7093146615743687,Q4_MostVulnerable,1
County_1108,CA,3.7,2.7,6.6,0.1532463399108848,0.18061744112030553,0.19080203691915978,0.17488860598345002,Q1_LeastVulnerable,0
County_1109,WI,9.5,4.6,9.8,0.6120305537873966,0.5119350732017823,0.5658816040738384,0.5632824103543391,Q3,0
County_1110,OR,21.5,7.1,15.4,0.9926798217695735,0.8771483131763208,0.9676957352005092,0.9458412900488011,Q4_MostVulnerable,1
County_1111,MD,6.3,5.5,13.1,0.35709739019732656,0.6744112030553787,0.8838319541693189,0.6384468491406747,Q3,0
County_1112,NM,14.4,4.7,11.6,0.8711012094207511,0.5316677275620624,0.77466581795035,0.7258115849777212,Q4_MostVulnerable,1
County_1113,CA,9.0,4.5,10.7,0.5749522597071929,0.49267982176957353,0.6691597708465945,0.5789306174411203,Q3,0
County_1114,MI,6.6,4.4,4.4,0.3835136855506047,0.47422024188415024,0.0483768300445576,0.3020369191597709,Q2,0
County_1115,VA,14.3,8.3,13.0,0.867600254614895,0.9524188415022279,0.8779439847231063,0.8993210269467431,Q4_MostVulnerable,1
County_1116,TX,14.3,6.3,14.4,0.867600254614895,0.7969446212603437,0.9398472310630172,0.8681307023127519,Q4_MostVulnerable,1
County_1117,IN,3.9,4.6,5.9,0.16709102482495225,0.5119350732017823,0.12587523870146403,0.2683004455760662,Q1_LeastVulnerable,0
County_1118,MS,15.9,7.8,7.9,0.9156588160407384,0.9310948440483768,0.33131763208147674,0.726023764056864,Q4_MostVulnerable,1
County_1119,OH,0.2,2.2,5.0,0.000795671546785487,0.1223742838956079,0.06954169318905155,0.06423721621048165,Q1_LeastVulnerable,0
County_1120,IN,6.4,2.3,8.2,0.3647358370464672,0.13319541693189052,0.3663271801400382,0.288086144706132,Q1_LeastVulnerable,0
County_1121,CA,8.7,2.5,10.8,0.5550604710375557,0.1581795035009548,0.683004455760662,0.4654148100997242,Q2,0
County_1122,MN,6.3,4.1,12.2,0.35709739019732656,0.41263526416295354,0.8249522597071929,0.5315616380224909,Q3,0
County_1123,NJ,8.4,3.7,8.4,0.534213876511776,0.3392743475493316,0.38749204328453213,0.42032675578187995,Q2,0
County_1124,AL,5.5,5.0,6.0,0.2936028007638447,0.5911839592616168,0.1341502227880331,0.33964566093783155,Q2,0
County_1125,CA,7.9,5.5,6.6,0.4949077021005729,0.6744112030553787,0.19080203691915978,0.4533736473583705,Q2,0
County_1126,FL,12.6,5.5,11.7,0.7915340547422024,0.6744112030553787,0.7824633991088479,0.7494695523021431,Q4_MostVulnerable,1
County_1127,IA,8.3,2.8,10.1,0.5256206238064927,0.19462126034373012,0.6020050922978994,0.4407489921493741,Q2,0
County_1128,MS,18.7,8.4,13.3,0.9740611075747931,0.9565563335455124,0.8949713558243158,0.9418629323148737,Q4_MostVulnerable,1
County_1129,IL,8.2,2.9,10.7,0.5181413112667091,0.20926161680458308,0.6691597708465945,0.4655208996392956,Q2,0
County_1130,ID,6.9,2.9,9.4,0.4135900700190961,0.20926161680458308,0.5135264162953532,0.3787927010396775,Q2,0
County_1131,TX,22.5,7.3,16.3,0.9955442393380013,0.8992679821769574,0.9856779121578613,0.96016337789094,Q4_MostVulnerable,1
County_1132,CO,14.6,6.2,10.5,0.8776257161043921,0.7835773392743476,0.6451304901336729,0.7687778485041376,Q4_MostVulnerable,1
County_1133,MI,11.6,7.2,9.8,0.7396562698917887,0.8887651177593889,0.5658816040738384,0.7314343305750054,Q4_MostVulnerable,1
County_1134,WA,2.0,2.6,1.2,0.054423933800127305,0.16931890515595163,0.0009548058561425843,0.07489921493740717,Q1_LeastVulnerable,0
County_1135,NY,17.4,6.6,14.2,0.9546467218332273,0.8302036919159771,0.9307765754296626,0.9052089963929557,Q4_MostVulnerable,1
County_1136,OH,12.7,3.5,11.4,0.7969446212603437,0.30394653087205603,0.7522278803309994,0.6177063441544665,Q3,0
County_1137,LA,3.2,3.8,7.0,0.11950986632718014,0.3582113303628262,0.23313176320814769,0.236950986632718,Q1_LeastVulnerable,0
County_1138,AK,11.2,4.2,11.6,0.7176957352005092,0.4328453214513049,0.77466581795035,0.6417356248673881,Q3,0
County_1139,NY,4.1,3.4,7.8,0.1839592616168046,0.28580521960534694,0.31954169318905157,0.2631020581370677,Q1_LeastVulnerable,0
County_1140,NY,16.0,6.3,12.8,0.9177275620623806,0.7969446212603437,0.8647358370464672,0.8598026734563972,Q4_MostVulnerable,1
County_1141,CA,16.5,8.2,13.4,0.9334818586887333,0.9481222151495863,0.9005410566518142,0.927381710163378,Q4_MostVulnerable,1
County_1142,MA,13.6,5.8,9.0,0.838319541693189,0.7245385105028644,0.4619669000636537,0.6749416507532358,Q3,0
County_1143,UT,5.6,3.6,6.6,0.3020369191597708,0.3217695735200509,0.19080203691915978,0.27153617653299383,Q1_LeastVulnerable,0
County_1144,FL,13.2,6.7,11.7,0.8155633354551242,0.83991088478676,0.7824633991088479,0.8126458731169107,Q4_MostVulnerable,1
County_1145,MA,2.6,5.9,4.8,0.08402291534054743,0.7418841502227881,0.06206238064926798,0.29598981540420116,Q2,0
County_1146,MA,9.1,6.1,11.3,0.5819541693189052,0.7705283259070655,0.7404519414385742,0.697644812221515,Q3,0
County_1147,SC,6.8,3.9,7.1,0.40388287714831317,0.3771483131763208,0.2437937619350732,0.34160831741990244,Q2,0
County_1148,TN,6.6,4.0,8.7,0.3835136855506047,0.39449395289624445,0.4252068746021642,0.40107150434967115,Q2,0
County_1149,PA,2.8,2.1,6.6,0.09723106301718651,0.11171228516868237,0.19080203691915978,0.13324846170167623,Q1_LeastVulnerable,0
County_1150,KS,8.8,3.2,10.9,0.5614258434118395,0.25302355187778486,0.6950986632718014,0.5031826861871419,Q3,0
County_1151,CA,3.9,2.3,8.7,0.16709102482495225,0.13319541693189052,0.4252068746021642,0.24183110545300232,Q1_LeastVulnerable,0
County_1152,IA,5.8,2.6,9.3,0.3166772756206238,0.16931890515595163,0.4990451941438574,0.3283471249734776,Q2,0
County_1153,NC,11.5,6.4,6.6,0.7342457033736474,0.8095162316995544,0.19080203691915978,0.5781879906641206,Q3,0
County_1154,OH,8.7,3.0,11.7,0.5550604710375557,0.22469764481222151,0.7824633991088479,0.5207405049862084,Q3,0
County_1155,WA,5.9,5.8,11.0,0.32511139401655,0.7245385105028644,0.707511139401655,0.5857203479736898,Q3,0
County_1156,MA,4.0,4.3,6.0,0.17457033736473584,0.45401018459579884,0.1341502227880331,0.2542435815828559,Q1_LeastVulnerable,0
County_1157,NY,10.4,5.1,10.7,0.6685232336091661,0.6078930617441121,0.6691597708465945,0.6485253553999576,Q3,0
County_1158,MS,10.8,5.2,8.6,0.6917568427753024,0.6247612985359644,0.41215786123488224,0.5762253341820497,Q3,0
County_1159,CO,5.1,2.7,3.6,0.25732017823042647,0.18061744112030553,0.026416295353278166,0.15478463823467006,Q1_LeastVulnerable,0
County_1160,MA,6.2,4.3,6.6,0.3475493316359007,0.45401018459579884,0.19080203691915978,0.33078718438361976,Q2,0
County_1161,MO,8.9,6.3,8.4,0.5682686187141948,0.7969446212603437,0.38749204328453213,0.5842350944196902,Q3,0
County_1162,WA,3.9,2.1,6.2,0.16709102482495225,0.11171228516868237,0.1522915340547422,0.14369828134945895,Q1_LeastVulnerable,0
County_1163,KS,9.8,2.6,8.0,0.6295353278166773,0.16931890515595163,0.343093570973902,0.38064926798217696,Q2,0
County_1164,WV,3.4,4.1,5.2,0.13542329726288987,0.41263526416295354,0.08020369191597708,0.20942075111394018,Q1_LeastVulnerable,0
County_1165,MS,4.3,3.8,7.1,0.20305537873965626,0.3582113303628262,0.2437937619350732,0.2683534903458519,Q1_LeastVulnerable,0
County_1166,GA,0.2,0.4,3.6,0.000795671546785487,0.013526416295353278,0.026416295353278166,0.013579461065138977,Q1_LeastVulnerable,0
County_1167,CT,4.2,2.1,8.2,0.19478039465308722,0.11171228516868237,0.3663271801400382,0.22427328665393595,Q1_LeastVulnerable,0
County_1168,CO,1.4,1.1,7.1,0.02816677275620624,0.03739656269891789,0.2437937619350732,0.10311903246339911,Q1_LeastVulnerable,0
County_1169,MA,6.0,2.7,12.8,0.33195416931890515,0.18061744112030553,0.8647358370464672,0.45910248249522595,Q2,0
County_1170,AK,5.1,3.1,9.8,0.25732017823042647,0.23949713558243158,0.5658816040738384,0.3542329726288988,Q2,0
County_1171,MD,1.6,2.1,6.3,0.03516868236791852,0.11171228516868237,0.16152132399745386,0.10280076384468491,Q1_LeastVulnerable,0
County_1172,WI,8.1,3.5,7.8,0.5103437301082113,0.30394653087205603,0.31954169318905157,0.3779439847231063,Q2,0
County_1173,NC,15.8,5.6,13.5,0.9119987269255252,0.6920751113940166,0.9048376830044558,0.8363038404413325,Q4_MostVulnerable,1
County_1174,PA,20.0,7.7,15.7,0.9861553150859326,0.9250477402928071,0.9756524506683641,0.962285168682368,Q4_MostVulnerable,1
County_1175,CA,1.8,2.8,4.9,0.045035009548058565,0.19462126034373012,0.06572246976448122,0.10179291321875662,Q1_LeastVulnerable,0
County_1176,MI,9.3,4.3,11.2,0.5983450031826862,0.45401018459579884,0.7313812858052197,0.5945788245279017,Q3,0
County_1177,IL,10.6,6.9,7.5,0.6806174411203055,0.8590070019096118,0.285964353914704,0.6085295989815404,Q3,0
County_1178,TX,12.1,6.4,10.6,0.7689369828134945,0.8095162316995544,0.6573838319541693,0.7452790154890727,Q4_MostVulnerable,1
County_1179,CO,6.4,1.5,9.3,0.3647358370464672,0.06253978357733928,0.4990451941438574,0.3087736049225546,Q2,0
County_1180,MA,10.2,5.9,9.5,0.6549968173138129,0.7418841502227881,0.5264162953532782,0.6410990876299597,Q3,0
County_1181,NV,12.4,6.6,10.8,0.7821451304901337,0.8302036919159771,0.683004455760662,0.7651177593889242,Q4_MostVulnerable,1
County_1182,MN,17.2,6.5,13.3,0.9508274984086569,0.8200190961171229,0.8949713558243158,0.8886059834500318,Q4_MostVulnerable,1
County_1183,TN,8.8,2.4,7.7,0.5614258434118395,0.14528962444302992,0.30887969446212604,0.3385317207723319,Q2,0
County_1184,FL,1.2,2.4,7.9,0.019255251432208784,0.14528962444302992,0.33131763208147674,0.1652875026522385,Q1_LeastVulnerable,0
County_1185,KS,6.7,4.0,6.3,0.39417568427753025,0.39449395289624445,0.16152132399745386,0.31673032039040955,Q2,0
County_1186,RI,10.2,3.4,10.7,0.6549968173138129,0.28580521960534694,0.6691597708465945,0.5366539359219181,Q3,0
County_1187,MS,5.5,1.5,8.6,0.2936028007638447,0.06253978357733928,0.41215786123488224,0.2561001485253554,Q1_LeastVulnerable,0
County_1188,KY,11.7,5.4,8.9,0.7458625079567155,0.6578612348822406,0.45019096117122853,0.6179715680033948,Q3,0
County_1189,AZ,2.5,2.4,6.4,0.07829408020369191,0.14528962444302992,0.1717059197963081,0.13176320814767664,Q1_LeastVulnerable,0
County_1190,PA,19.3,7.2,12.8,0.9789942711648632,0.8887651177593889,0.8647358370464672,0.9108317419902398,Q4_MostVulnerable,1
County_1191,WV,5.4,3.5,10.5,0.28516868236791854,0.30394653087205603,0.6451304901336729,0.4114152344578825,Q2,0
County_1192,NM,3.0,1.2,4.2,0.10789306174411203,0.043602800763844686,0.0429662635264163,0.06482070867812434,Q1_LeastVulnerable,0
County_1193,TX,4.0,2.5,5.7,0.17457033736473584,0.1581795035009548,0.11187141947803947,0.14820708678124336,Q1_LeastVulnerable,0
County_1194,MS,14.6,7.2,9.8,0.8776257161043921,0.8887651177593889,0.5658816040738384,0.7774241459792064,Q4_MostVulnerable,1
County_1195,FL,4.3,2.8,4.4,0.20305537873965626,0.19462126034373012,0.0483768300445576,0.14868448970931467,Q1_LeastVulnerable,0
County_1196,AL,9.6,2.4,13.0,0.617600254614895,0.14528962444302992,0.8779439847231063,0.5469446212603438,Q3,0
County_1197,NY,17.5,6.5,14.8,0.9567154678548695,0.8200190961171229,0.9522597071928708,0.9096647570549544,Q4_MostVulnerable,1
County_1198,MI,3.8,1.5,7.2,0.16008911521323999,0.06253978357733928,0.25302355187778486,0.15855081688945472,Q1_LeastVulnerable,0
County_1199,PA,15.3,7.0,11.4,0.897040101845958,0.8682367918523234,0.7522278803309994,0.8391682580097601,Q4_MostVulnerable,1
County_1200,OH,12.3,6.2,12.9,0.777689369828135,0.7835773392743476,0.8715786123488224,0.8109484404837684,Q4_MostVulnerable,1
County_1201,WI,1.2,0.0,4.0,0.019255251432208784,0.004455760661998727,0.0364417568427753,0.02005092297899427,Q1_LeastVulnerable,0
County_1202,MN,13.2,7.1,13.2,0.8155633354551242,0.8771483131763208,0.8886059834500318,0.8604392106938256,Q4_MostVulnerable,1
County_1203,LA,13.3,4.3,9.9,0.8209739019732655,0.45401018459579884,0.5786123488224061,0.6178654784638234,Q3,0
County_1204,IL,1.1,4.7,4.2,0.015276893698281349,0.5316677275620624,0.0429662635264163,0.19663696159558666,Q1_LeastVulnerable,0
County_1205,MI,7.8,4.3,10.4,0.4859961807765754,0.45401018459579884,0.6325588796944621,0.5241884150222788,Q3,0
County_1206,TX,8.7,2.7,11.1,0.5550604710375557,0.18061744112030553,0.7211966900063653,0.4856248673880755,Q2,0
County_1207,AR,6.3,2.2,9.3,0.35709739019732656,0.1223742838956079,0.4990451941438574,0.32617228941226395,Q2,0
County_1208,WV,5.6,4.2,5.7,0.3020369191597708,0.4328453214513049,0.11187141947803947,0.2822512200297051,Q1_LeastVulnerable,0
County_1209,WI,2.2,2.1,5.2,0.06397199236155315,0.11171228516868237,0.08020369191597708,0.0852959898154042,Q1_LeastVulnerable,0
County_1210,NV,10.4,5.0,10.5,0.6685232336091661,0.5911839592616168,0.6451304901336729,0.6349458943348186,Q3,0
County_1211,IN,0.3,4.5,3.4,0.0019096117122851686,0.49267982176957353,0.021801400381922343,0.17213027795459368,Q1_LeastVulnerable,0
County_1212,FL,8.1,3.4,11.8,0.5103437301082113,0.28580521960534694,0.7921705919796308,0.5294398472310631,Q3,0
County_1213,ID,6.2,3.9,3.3,0.3475493316359007,0.3771483131763208,0.019096117122851686,0.24793125397835772,Q1_LeastVulnerable,0
County_1214,CA,7.1,6.2,7.0,0.43014003819223423,0.7835773392743476,0.23313176320814769,0.4822830468915766,Q2,0
County_1215,MI,11.1,5.7,9.5,0.7122851686823679,0.7092616168045831,0.5264162953532782,0.6493210269467431,Q3,0
County_1216,CA,6.2,1.5,2.4,0.3475493316359007,0.06253978357733928,0.008274984086569064,0.13945469976660302,Q1_LeastVulnerable,0
County_1217,OH,10.0,5.7,7.2,0.6419478039465308,0.7092616168045831,0.25302355187778486,0.5347443242096329,Q3,0
County_1218,KS,7.3,2.4,9.9,0.4473265436028008,0.14528962444302992,0.5786123488224061,0.3904095056227456,Q2,0
County_1219,FL,5.5,5.8,7.8,0.2936028007638447,0.7245385105028644,0.31954169318905157,0.4458943348185869,Q2,0
County_1220,MO,8.0,3.2,12.1,0.5028644175684277,0.25302355187778486,0.8168364099299809,0.5242414597920645,Q3,0
County_1221,WV,11.1,9.8,13.7,0.7122851686823679,0.9896562698917887,0.9143857415658816,0.8721090600466793,Q4_MostVulnerable,1
County_1222,OH,10.2,7.3,11.0,0.6549968173138129,0.8992679821769574,0.707511139401655,0.7539253129641418,Q4_MostVulnerable,1
County_1223,MI,0.5,1.0,5.9,0.005569700827498409,0.03214513049013367,0.12587523870146403,0.0545300233396987,Q1_LeastVulnerable,0
County_1224,PA,11.1,5.4,10.7,0.7122851686823679,0.6578612348822406,0.6691597708465945,0.6797687248037344,Q3,0
County_1225,OK,9.3,5.9,4.3,0.5983450031826862,0.7418841502227881,0.045671546785486954,0.46196690006365376,Q2,0
County_1226,TX,1.0,3.5,2.7,0.01336728198599618,0.30394653087205603,0.011298535964353915,0.10953744960746871,Q1_LeastVulnerable,0
County_1227,FL,12.2,6.3,11.3,0.7733927434754934,0.7969446212603437,0.7404519414385742,0.770263102058137,Q4_MostVulnerable,1
County_1228,TX,8.6,6.5,10.5,0.5488542329726289,0.8200190961171229,0.6451304901336729,0.6713346064078082,Q3,0
County_1229,IL,18.8,7.5,15.0,0.975493316359007,0.9127943984723106,0.9563971992361553,0.9482283046891578,Q4_MostVulnerable,1
County_1230,VA,3.9,2.6,5.2,0.16709102482495225,0.16931890515595163,0.08020369191597708,0.13887120729896033,Q1_LeastVulnerable,0
County_1231,ID,11.1,4.8,12.4,0.7122851686823679,0.5514003819223424,0.8384786760025461,0.7007214088690855,Q3,0
County_1232,VA,6.2,5.1,11.1,0.3475493316359007,0.6078930617441121,0.7211966900063653,0.558879694462126,Q3,0
County_1233,WA,15.1,7.1,14.4,0.8913112667091024,0.8771483131763208,0.9398472310630172,0.9027689369828135,Q4_MostVulnerable,1
County_1234,CO,7.7,4.8,10.8,0.47835773392743475,0.5514003819223424,0.683004455760662,0.5709208572034797,Q3,0
County_1235,WV,18.1,8.6,12.9,0.9669000636537237,0.9632399745385105,0.8715786123488224,0.9339062168470189,Q4_MostVulnerable,1
County_1236,CA,2.4,0.0,8.3,0.0728835136855506,0.004455760661998727,0.37619350732017826,0.15117759388924254,Q1_LeastVulnerable,0
County_1237,FL,8.9,5.1,9.7,0.5682686187141948,0.6078930617441121,0.5517186505410566,0.5759601103331211,Q3,0
County_1238,MD,11.1,5.6,11.6,0.7122851686823679,0.6920751113940166,0.77466581795035,0.7263420326755782,Q4_MostVulnerable,1
County_1239,WI,11.8,8.0,11.6,0.7517504774029281,0.9400063653723743,0.77466581795035,0.8221408869085508,Q4_MostVulnerable,1
County_1240,MI,15.9,4.5,12.7,0.9156588160407384,0.49267982176957353,0.8580521960534692,0.755463611287927,Q4_MostVulnerable,1
County_1241,MO,9.3,7.1,7.9,0.5983450031826862,0.8771483131763208,0.33131763208147674,0.602270316146828,Q3,0
County_1242,OH,1.7,2.6,5.7,0.03930617441120306,0.16931890515595163,0.11187141947803947,0.10683216634839805,Q1_LeastVulnerable,0
County_1243,WA,4.7,4.1,9.3,0.22756206238064927,0.41263526416295354,0.4990451941438574,0.37974750689582004,Q2,0
County_1244,PA,2.8,5.4,5.5,0.09723106301718651,0.6578612348822406,0.098026734563972,0.28437301082113303,Q1_LeastVulnerable,0
County_1245,FL,19.8,8.8,16.7,0.9842457033736474,0.9704010184595799,0.9888605983450032,0.9811691067260768,Q4_MostVulnerable,1
County_1246,IL,7.0,4.7,10.0,0.42218332272437936,0.5316677275620624,0.5910248249522597,0.5149586250795671,Q3,0
County_1247,CA,6.1,4.2,7.4,0.33800127307447486,0.4328453214513049,0.2737110120942075,0.3481858688733291,Q2,0
County_1248,NY,10.2,4.3,12.9,0.6549968173138129,0.45401018459579884,0.8715786123488224,0.6601952047528113,Q3,0
County_1249,CO,11.1,5.3,9.9,0.7122851686823679,0.6411521323997453,0.5786123488224061,0.644016549968173,Q3,0
County_1250,GA,7.7,3.2,11.9,0.47835773392743475,0.25302355187778486,0.8017186505410566,0.5110333121154254,Q3,0
County_1251,TX,9.9,4.9,10.8,0.6360598345003182,0.5724061107574793,0.683004455760662,0.6304901336728198,Q3,0
County_1252,IN,12.6,2.3,11.3,0.7915340547422024,0.13319541693189052,0.7404519414385742,0.5550604710375557,Q3,0
County_1253,MO,3.9,3.8,5.2,0.16709102482495225,0.3582113303628262,0.08020369191597708,0.2018353490345852,Q1_LeastVulnerable,0
County_1254,KY,9.8,4.8,9.7,0.6295353278166773,0.5514003819223424,0.5517186505410566,0.5775514534266922,Q3,0
County_1255,CA,9.3,4.3,9.2,0.5983450031826862,0.45401018459579884,0.4856779121578612,0.5126776999787821,Q3,0
County_1256,KS,13.3,6.3,9.1,0.8209739019732655,0.7969446212603437,0.47374283895607894,0.6972204540632294,Q3,0
County_1257,LA,13.6,3.9,11.3,0.838319541693189,0.3771483131763208,0.7404519414385742,0.651973265436028,Q3,0
County_1258,TX,5.3,6.5,6.0,0.27641629535327816,0.8200190961171229,0.1341502227880331,0.4101952047528114,Q2,0
County_1259,IN,2.0,2.4,7.2,0.054423933800127305,0.14528962444302992,0.25302355187778486,0.15091237004031402,Q1_LeastVulnerable,0
County_1260,KY,8.0,4.2,11.6,0.5028644175684277,0.4328453214513049,0.77466581795035,0.5701251856566942,Q3,0
County_1261,PA,10.5,3.7,7.8,0.6745703373647358,0.3392743475493316,0.31954169318905157,0.444462126034373,Q2,0
County_1262,PA,15.5,6.7,16.2,0.9018141311266709,0.83991088478676,0.9837683004455761,0.9084977721196689,Q4_MostVulnerable,1
County_1263,SC,3.3,5.1,6.4,0.12842138765117758,0.6078930617441121,0.1717059197963081,0.3026734563971993,Q2,0
County_1264,WA,1.9,4.1,4.0,0.050127307447485676,0.41263526416295354,0.0364417568427753,0.16640144281773817,Q1_LeastVulnerable,0
County_1265,SC,4.0,4.5,8.5,0.17457033736473584,0.49267982176957353,0.39942711648631446,0.35555909187354134,Q2,0
County_1266,LA,1.7,3.3,5.0,0.03930617441120306,0.2686187141947804,0.06954169318905155,0.12582219393167834,Q1_LeastVulnerable,0
County_1267,TN,9.8,4.4,9.7,0.6295353278166773,0.47422024188415024,0.5517186505410566,0.5518247400806281,Q3,0
County_1268,MN,8.7,2.4,8.5,0.5550604710375557,0.14528962444302992,0.39942711648631446,0.3665924039889667,Q2,0
County_1269,ID,10.6,4.9,8.7,0.6806174411203055,0.5724061107574793,0.4252068746021642,0.559410142159983,Q3,0
County_1270,IL,4.0,2.9,8.5,0.17457033736473584,0.20926161680458308,0.39942711648631446,0.26108635688521115,Q1_LeastVulnerable,0
County_1271,FL,12.2,7.2,10.5,0.7733927434754934,0.8887651177593889,0.6451304901336729,0.7690961171228516,Q4_MostVulnerable,1
County_1272,CO,4.7,3.9,4.5,0.22756206238064927,0.3771483131763208,0.051559516231699555,0.2187566305962232,Q1_LeastVulnerable,0
County_1273,CO,8.9,7.1,10.6,0.5682686187141948,0.8771483131763208,0.6573838319541693,0.7009335879482284,Q3,0
County_1274,CA,19.3,9.6,12.2,0.9789942711648632,0.9866327180140039,0.8249522597071929,0.93019308296202,Q4_MostVulnerable,1
County_1275,TX,4.3,2.6,4.8,0.20305537873965626,0.16931890515595163,0.06206238064926798,0.14481222151495862,Q1_LeastVulnerable,0
County_1276,VA,5.0,0.8,9.9,0.24920432845321452,0.023870146403564607,0.5786123488224061,0.28389560789306173,Q1_LeastVulnerable,0
County_1277,NE,3.9,5.2,4.6,0.16709102482495225,0.6247612985359644,0.0549013367281986,0.2822512200297051,Q1_LeastVulnerable,0
County_1278,TN,5.3,5.6,3.0,0.27641629535327816,0.6920751113940166,0.015117759388924252,0.3278697220454063,Q2,0
County_1279,CO,5.1,1.5,8.8,0.25732017823042647,0.06253978357733928,0.4377784850413749,0.25254614894971356,Q1_LeastVulnerable,0
County_1280,TX,5.6,5.9,7.2,0.3020369191597708,0.7418841502227881,0.25302355187778486,0.4323148737534479,Q2,0
County_1281,MN,6.6,4.5,7.8,0.3835136855506047,0.49267982176957353,0.31954169318905157,0.3985784001697433,Q2,0
County_1282,CA,10.1,5.3,9.4,0.6484723106301719,0.6411521323997453,0.5135264162953532,0.6010502864417567,Q3,0
County_1283,CO,13.8,8.6,12.4,0.8465945257797581,0.9632399745385105,0.8384786760025461,0.882771058773605,Q4_MostVulnerable,1
County_1284,IL,9.0,6.7,8.0,0.5749522597071929,0.83991088478676,0.343093570973902,0.5859855718226182,Q3,0
County_1285,AR,7.2,5.1,11.6,0.4387332908975175,0.6078930617441121,0.77466581795035,0.6070973901973266,Q3,0
County_1286,IL,1.3,3.1,2.7,0.0241884150222788,0.23949713558243158,0.011298535964353915,0.09166136218968811,Q1_LeastVulnerable,0
County_1287,CA,19.5,8.8,15.6,0.9810630171865055,0.9704010184595799,0.9734245703373647,0.9749628686611501,Q4_MostVulnerable,1
County_1288,GA,8.4,3.9,10.5,0.534213876511776,0.3771483131763208,0.6451304901336729,0.5188308932739232,Q3,0
County_1289,GA,8.7,4.5,7.9,0.5550604710375557,0.49267982176957353,0.33131763208147674,0.4596859749628687,Q2,0
County_1290,WI,16.4,5.6,11.1,0.9302991725015913,0.6920751113940166,0.7211966900063653,0.781190324633991,Q4_MostVulnerable,1
County_1291,GA,5.7,3.2,9.9,0.30919796308084024,0.25302355187778486,0.5786123488224061,0.38027795459367714,Q2,0
County_1292,GA,7.5,3.7,6.7,0.4619669000636537,0.3392743475493316,0.20321451304901336,0.33481858688733285,Q2,0
County_1293,OH,13.2,5.0,10.4,0.8155633354551242,0.5911839592616168,0.6325588796944621,0.6797687248037344,Q3,0
County_1294,TX,13.9,6.4,13.7,0.8515276893698281,0.8095162316995544,0.9143857415658816,0.8584765542117547,Q4_MostVulnerable,1
County_1295,KY,8.0,3.9,9.1,0.5028644175684277,0.3771483131763208,0.47374283895607894,0.4512518565669425,Q2,0
County_1296,TX,8.5,5.3,5.6,0.5423297262889879,0.6411521323997453,0.10471037555697009,0.4293974114152344,Q2,0
County_1297,IN,17.1,4.7,17.0,0.9484404837683005,0.5316677275620624,0.9918841502227881,0.8239974538510504,Q4_MostVulnerable,1
County_1298,DE,6.7,3.8,7.3,0.39417568427753025,0.3582113303628262,0.2625716104392107,0.338319541693189,Q2,0
County_1299,IN,6.9,4.3,7.7,0.4135900700190961,0.45401018459579884,0.30887969446212604,0.3921599830256737,Q2,0
County_1300,NJ,10.6,4.7,10.8,0.6806174411203055,0.5316677275620624,0.683004455760662,0.6317632081476766,Q3,0
County_1301,KS,7.0,3.8,9.7,0.42218332272437936,0.3582113303628262,0.5517186505410566,0.4440377678760874,Q2,0
County_1302,NC,7.2,1.8,12.5,0.4387332908975175,0.08338637810311904,0.8467536600891152,0.4562911096965839,Q2,0
County_1303,GA,11.0,5.8,7.2,0.7067154678548695,0.7245385105028644,0.25302355187778486,0.5614258434118395,Q3,0
County_1304,OH,12.4,6.7,12.9,0.7821451304901337,0.83991088478676,0.8715786123488224,0.8312115425419053,Q4_MostVulnerable,1
County_1305,IA,4.2,4.0,8.6,0.19478039465308722,0.39449395289624445,0.41215786123488224,0.3338107362614046,Q2,0
County_1306,MA,8.4,6.1,8.9,0.534213876511776,0.7705283259070655,0.45019096117122853,0.58497772119669,Q3,0
County_1307,MO,14.3,6.6,13.7,0.867600254614895,0.8302036919159771,0.9143857415658816,0.8707298960322513,Q4_MostVulnerable,1
County_1308,OH,10.9,6.0,12.3,0.7000318268618714,0.7577975811584978,0.8308402291534055,0.7628898790579249,Q4_MostVulnerable,1
County_1309,GA,8.9,4.9,6.7,0.5682686187141948,0.5724061107574793,0.20321451304901336,0.44796308084022907,Q2,0
County_1310,TN,10.4,6.1,13.7,0.6685232336091661,0.7705283259070655,0.9143857415658816,0.7844791003607045,Q4_MostVulnerable,1
County_1311,OK,3.3,0.6,3.5,0.12842138765117758,0.018141311266709103,0.024029280712921704,0.05686399321026946,Q1_LeastVulnerable,0
County_1312,FL,6.8,2.7,6.1,0.40388287714831317,0.18061744112030553,0.14306174411203054,0.2425206874602164,Q1_LeastVulnerable,0
County_1313,WV,4.5,5.7,6.7,0.21530872056015277,0.7092616168045831,0.20321451304901336,0.3759282834712497,Q2,0
County_1314,NC,8.8,1.0,13.3,0.5614258434118395,0.03214513049013367,0.8949713558243158,0.49618077657542964,Q3,0
County_1315,MA,16.1,6.6,12.4,0.9204328453214513,0.8302036919159771,0.8384786760025461,0.8630384044133249,Q4_MostVulnerable,1
County_1316,CO,4.1,5.0,7.0,0.1839592616168046,0.5911839592616168,0.23313176320814769,0.33609166136218976,Q2,0
County_1317,MS,7.9,4.2,11.8,0.4949077021005729,0.4328453214513049,0.7921705919796308,0.5733078718438361,Q3,0
County_1318,CO,5.0,2.9,6.9,0.24920432845321452,0.20926161680458308,0.22294716740929343,0.22713770422236368,Q1_LeastVulnerable,0
County_1319,LA,3.9,3.4,4.6,0.16709102482495225,0.28580521960534694,0.0549013367281986,0.16926586038616595,Q1_LeastVulnerable,0
County_1320,LA,9.8,4.4,9.1,0.6295353278166773,0.47422024188415024,0.47374283895607894,0.5258328028856355,Q3,0
County_1321,OH,3.5,3.1,9.5,0.14035646085295989,0.23949713558243158,0.5264162953532782,0.3020899639295565,Q2,0
County_1322,CT,10.2,4.0,10.2,0.6549968173138129,0.39449395289624445,0.6120305537873966,0.5538404413324846,Q3,0
County_1323,TN,10.8,6.9,14.3,0.6917568427753024,0.8590070019096118,0.9352323360916613,0.8286653935921918,Q4_MostVulnerable,1
County_1324,IN,5.2,5.7,9.1,0.26718650541056654,0.7092616168045831,0.47374283895607894,0.4833969870570762,Q2,0
County_1325,MD,8.3,4.3,7.9,0.5256206238064927,0.45401018459579884,0.33131763208147674,0.43698281349458945,Q2,0
County_1326,PA,20.2,6.0,15.2,0.9872692552514322,0.7577975811584978,0.9616486314449395,0.9022384892849565,Q4_MostVulnerable,1
County_1327,NY,1.1,1.5,3.8,0.015276893698281349,0.06253978357733928,0.03166772756206238,0.036494801612561,Q1_LeastVulnerable,0
County_1328,IL,6.7,3.7,7.0,0.39417568427753025,0.3392743475493316,0.23313176320814769,0.3221939316783365,Q2,0
County_1329,KY,18.0,8.1,22.9,0.9648313176320815,0.9436664544875876,1.0,0.9694992573732231,Q4_MostVulnerable,1
County_1330,IL,10.4,3.6,12.2,0.6685232336091661,0.3217695735200509,0.8249522597071929,0.6050816889454699,Q3,0
County_1331,NV,12.1,4.5,12.8,0.7689369828134945,0.49267982176957353,0.8647358370464672,0.7087842138765117,Q4_MostVulnerable,1
County_1332,IN,15.8,7.5,11.7,0.9119987269255252,0.9127943984723106,0.7824633991088479,0.8690855081688946,Q4_MostVulnerable,1
County_1333,OK,13.8,7.5,15.0,0.8465945257797581,0.9127943984723106,0.9563971992361553,0.9052620411627412,Q4_MostVulnerable,1
County_1334,NE,10.1,4.1,12.2,0.6484723106301719,0.41263526416295354,0.8249522597071929,0.6286866115001061,Q3,0
County_1335,CO,11.7,3.5,14.6,0.7458625079567155,0.30394653087205603,0.9463717377466582,0.6653935921918098,Q3,0
County_1336,IL,4.4,8.2,10.9,0.20910248249522598,0.9481222151495863,0.6950986632718014,0.6174411203055379,Q3,0
County_1337,FL,7.0,5.3,5.5,0.42218332272437936,0.6411521323997453,0.098026734563972,0.38712072989603225,Q2,0
County_1338,KY,16.1,6.4,10.8,0.9204328453214513,0.8095162316995544,0.683004455760662,0.8043178442605559,Q4_MostVulnerable,1
County_1339,MN,16.4,8.2,11.2,0.9302991725015913,0.9481222151495863,0.7313812858052197,0.8699342244854659,Q4_MostVulnerable,1
County_1340,MN,8.8,4.5,7.5,0.5614258434118395,0.49267982176957353,0.285964353914704,0.4466900063653723,Q2,0
County_1341,PA,7.8,5.6,9.6,0.4859961807765754,0.6920751113940166,0.5383513685550605,0.5721408869085508,Q3,0
County_1342,CT,4.4,3.6,6.1,0.20910248249522598,0.3217695735200509,0.14306174411203054,0.2246446000424358,Q1_LeastVulnerable,0
County_1343,WA,11.5,5.6,14.9,0.7342457033736474,0.6920751113940166,0.9540101845957989,0.7934436664544876,Q4_MostVulnerable,1
County_1344,IN,1.1,2.2,9.4,0.015276893698281349,0.1223742838956079,0.5135264162953532,0.21705919796308082,Q1_LeastVulnerable,0
County_1345,IL,4.6,1.2,7.3,0.22135582431572248,0.043602800763844686,0.2625716104392107,0.17584341183959262,Q1_LeastVulnerable,0
County_1346,ND,9.9,7.9,13.8,0.6360598345003182,0.936187141947804,0.9186823679185232,0.8303097814555485,Q4_MostVulnerable,1
County_1347,SC,9.1,3.3,12.5,0.5819541693189052,0.2686187141947804,0.8467536600891152,0.565775514534267,Q3,0
County_1348,KS,8.0,2.4,8.1,0.5028644175684277,0.14528962444302992,0.35534691279439845,0.33450031826861865,Q2,0
County_1349,OR,7.2,3.8,4.6,0.4387332908975175,0.3582113303628262,0.0549013367281986,0.28394865266284747,Q1_LeastVulnerable,0
County_1350,TX,2.0,1.2,5.6,0.054423933800127305,0.043602800763844686,0.10471037555697009,0.06757903670698069,Q1_LeastVulnerable,0
County_1351,PA,16.3,6.8,11.8,0.9269573520050923,0.8486632718014003,0.7921705919796308,0.8559304052620411,Q4_MostVulnerable,1
County_1352,AZ,5.0,4.5,7.9,0.24920432845321452,0.49267982176957353,0.33131763208147674,0.3577339274347549,Q2,0
County_1353,TN,9.4,6.3,9.9,0.6053469127943985,0.7969446212603437,0.5786123488224061,0.6603012942923828,Q3,0
County_1354,PA,17.3,8.4,13.8,0.952577975811585,0.9565563335455124,0.9186823679185232,0.9426055590918736,Q4_MostVulnerable,1
County_1355,NC,12.8,5.4,12.4,0.8009229789942711,0.6578612348822406,0.8384786760025461,0.7657542966263526,Q4_MostVulnerable,1
County_1356,PA,18.1,7.5,11.6,0.9669000636537237,0.9127943984723106,0.77466581795035,0.8847867600254614,Q4_MostVulnerable,1
County_1357,WV,4.9,4.1,8.3,0.24188415022278803,0.41263526416295354,0.37619350732017826,0.3435709739019733,Q2,0
County_1358,LA,6.3,1.2,7.3,0.35709739019732656,0.043602800763844686,0.2625716104392107,0.221090600466794,Q1_LeastVulnerable,0
County_1359,CA,14.4,7.2,12.6,0.8711012094207511,0.8887651177593889,0.8526416295353278,0.8708359855718225,Q4_MostVulnerable,1
County_1360,MA,7.5,2.1,10.7,0.4619669000636537,0.11171228516868237,0.6691597708465945,0.4142796520263102,Q2,0
County_1361,CA,4.1,6.3,4.6,0.1839592616168046,0.7969446212603437,0.0549013367281986,0.34526840653511565,Q2,0
County_1362,IL,18.7,7.0,13.8,0.9740611075747931,0.8682367918523234,0.9186823679185232,0.92032675578188,Q4_MostVulnerable,1
County_1363,NE,5.8,3.4,7.6,0.3166772756206238,0.28580521960534694,0.2980585614258434,0.3001803522172714,Q2,0
County_1364,IL,9.0,3.5,8.5,0.5749522597071929,0.30394653087205603,0.39942711648631446,0.4261086356885211,Q2,0
County_1365,ND,8.1,3.5,10.8,0.5103437301082113,0.30394653087205603,0.683004455760662,0.49909823891364313,Q3,0
County_1366,TN,9.4,8.2,8.3,0.6053469127943985,0.9481222151495863,0.37619350732017826,0.6432208784213876,Q3,0
County_1367,LA,5.0,4.9,6.4,0.24920432845321452,0.5724061107574793,0.1717059197963081,0.33110545300233396,Q2,0
County_1368,TX,1.1,0.0,4.1,0.015276893698281349,0.004455760661998727,0.03962444302991725,0.019785699130065778,Q1_LeastVulnerable,0
County_1369,CA,10.4,7.4,12.4,0.6685232336091661,0.9061107574793126,0.8384786760025461,0.8043708890303417,Q4_MostVulnerable,1
County_1370,TN,10.5,6.9,9.2,0.6745703373647358,0.8590070019096118,0.4856779121578612,0.6730850838107362,Q3,0
County_1371,TN,2.5,2.3,7.2,0.07829408020369191,0.13319541693189052,0.25302355187778486,0.15483768300445577,Q1_LeastVulnerable,0
County_1372,IN,6.5,4.4,12.2,0.3733290897517505,0.47422024188415024,0.8249522597071929,0.5575005304476979,Q3,0
County_1373,IL,2.5,2.7,6.1,0.07829408020369191,0.18061744112030553,0.14306174411203054,0.133991088478676,Q1_LeastVulnerable,0
County_1374,IL,12.5,8.7,13.5,0.7862826225334182,0.9662635264162953,0.9048376830044558,0.8857946106513898,Q4_MostVulnerable,1
County_1375,SD,2.6,1.6,9.7,0.08402291534054743,0.07001909611712286,0.5517186505410566,0.23525355399957562,Q1_LeastVulnerable,0
County_1376,TN,10.6,5.4,12.4,0.6806174411203055,0.6578612348822406,0.8384786760025461,0.7256524506683641,Q4_MostVulnerable,1
County_1377,IN,11.5,4.8,10.7,0.7342457033736474,0.5514003819223424,0.6691597708465945,0.6516019520475281,Q3,0
County_1378,NV,7.6,2.1,10.1,0.4711966900063654,0.11171228516868237,0.6020050922978994,0.39497135582431575,Q2,0
County_1379,CO,18.2,10.7,11.5,0.9684914067472947,0.9972947167409294,0.7649586250795671,0.9102482495225971,Q4_MostVulnerable,1
County_1380,MI,0.6,0.4,3.7,0.007479312539783577,0.013526416295353278,0.02928071292170592,0.016762147252280927,Q1_LeastVulnerable,0
County_1381,WY,12.6,6.1,10.1,0.7915340547422024,0.7705283259070655,0.6020050922978994,0.7213558243157224,Q4_MostVulnerable,1
County_1382,CO,10.2,2.5,14.6,0.6549968173138129,0.1581795035009548,0.9463717377466582,0.5865160195204753,Q3,0
County_1383,WA,14.5,5.8,10.6,0.8738064926798218,0.7245385105028644,0.6573838319541693,0.7519096117122852,Q4_MostVulnerable,1
County_1384,TN,18.4,8.2,12.6,0.9707192870782941,0.9481222151495863,0.8526416295353278,0.923827710587736,Q4_MostVulnerable,1
County_1385,WV,8.5,3.3,7.1,0.5423297262889879,0.2686187141947804,0.2437937619350732,0.3515807341396138,Q2,0
County_1386,CO,7.2,5.0,9.7,0.4387332908975175,0.5911839592616168,0.5517186505410566,0.5272119669000636,Q3,0
County_1387,FL,16.1,6.4,13.3,0.9204328453214513,0.8095162316995544,0.8949713558243158,0.8749734776151072,Q4_MostVulnerable,1
County_1388,AL,5.1,5.3,9.7,0.25732017823042647,0.6411521323997453,0.5517186505410566,0.4833969870570762,Q2,0
County_1389,OK,12.7,7.8,12.7,0.7969446212603437,0.9310948440483768,0.8580521960534692,0.8620305537873966,Q4_MostVulnerable,1
County_1390,NY,9.8,4.1,7.1,0.6295353278166773,0.41263526416295354,0.2437937619350732,0.4286547846382347,Q2,0
County_1391,CO,17.0,7.2,11.9,0.9458943348185869,0.8887651177593889,0.8017186505410566,0.8787927010396775,Q4_MostVulnerable,1
County_1392,RI,2.1,2.9,8.8,0.059516231699554424,0.20926161680458308,0.4377784850413749,0.23551877784850414,Q1_LeastVulnerable,0
County_1393,IL,1.8,3.5,5.5,0.045035009548058565,0.30394653087205603,0.098026734563972,0.14900275832802887,Q1_LeastVulnerable,0
County_1394,CO,6.2,3.9,10.5,0.3475493316359007,0.3771483131763208,0.6451304901336729,0.4566093783152982,Q2,0
County_1395,LA,8.3,4.8,8.9,0.5256206238064927,0.5514003819223424,0.45019096117122853,0.5090706556333545,Q3,0
County_1396,CA,11.6,5.1,8.9,0.7396562698917887,0.6078930617441121,0.45019096117122853,0.5992467642690431,Q3,0
County_1397,GA,4.1,3.4,6.5,0.1839592616168046,0.28580521960534694,0.18125397835773394,0.21700615319329516,Q1_LeastVulnerable,0
County_1398,KS,1.3,4.3,3.7,0.0241884150222788,0.45401018459579884,0.02928071292170592,0.16915977084659453,Q1_LeastVulnerable,0
County_1399,TN,21.1,9.3,14.4,0.9920432845321451,0.9823360916613622,0.9398472310630172,0.9714088690855082,Q4_MostVulnerable,1
County_1400,RI,6.1,4.9,8.4,0.33800127307447486,0.5724061107574793,0.38749204328453213,0.4326331423721621,Q2,0
County_1401,MD,13.9,7.3,13.0,0.8515276893698281,0.8992679821769574,0.8779439847231063,0.8762465520899639,Q4_MostVulnerable,1
County_1402,OK,3.6,2.9,3.6,0.1465626989178867,0.20926161680458308,0.026416295353278166,0.1274135370252493,Q1_LeastVulnerable,0
County_1403,MO,6.8,4.5,8.4,0.40388287714831317,0.49267982176957353,0.38749204328453213,0.4280182474008063,Q2,0
County_1404,IN,2.7,1.2,5.2,0.09070655633354552,0.043602800763844686,0.08020369191597708,0.07150434967112242,Q1_LeastVulnerable,0
County_1405,OK,19.5,9.7,13.4,0.9810630171865055,0.9882240611075748,0.9005410566518142,0.9566093783152981,Q4_MostVulnerable,1
County_1406,ND,5.6,0.0,8.1,0.3020369191597708,0.004455760661998727,0.35534691279439845,0.22061319753872266,Q1_LeastVulnerable,0
County_1407,NM,2.1,2.5,4.9,0.059516231699554424,0.1581795035009548,0.06572246976448122,0.09447273498833014,Q1_LeastVulnerable,0
County_1408,NM,16.4,8.6,15.9,0.9302991725015913,0.9632399745385105,0.9793125397835774,0.9576172289412265,Q4_MostVulnerable,1
County_1409,ND,6.2,1.8,10.5,0.3475493316359007,0.08338637810311904,0.6451304901336729,0.3586887332908975,Q2,0
County_1410,KY,17.5,7.9,16.1,0.9567154678548695,0.936187141947804,0.982176957352005,0.9583598557182262,Q4_MostVulnerable,1
County_1411,TX,10.3,4.1,9.2,0.6618395926161681,0.41263526416295354,0.4856779121578612,0.5200509229789942,Q3,0
County_1412,CO,8.6,4.0,7.4,0.5488542329726289,0.39449395289624445,0.2737110120942075,0.40568639932102696,Q2,0
County_1413,TX,12.6,7.2,11.5,0.7915340547422024,0.8887651177593889,0.7649586250795671,0.8150859325270529,Q4_MostVulnerable,1
County_1414,IN,4.7,3.7,7.1,0.22756206238064927,0.3392743475493316,0.2437937619350732,0.27021005728835135,Q1_LeastVulnerable,0
County_1415,CA,5.8,0.7,6.7,0.3166772756206238,0.021005728835136857,0.20321451304901336,0.18029917250159133,Q1_LeastVulnerable,0
County_1416,NH,9.0,3.2,7.2,0.5749522597071929,0.25302355187778486,0.25302355187778486,0.3603331211542542,Q2,0
County_1417,KS,12.5,7.2,11.2,0.7862826225334182,0.8887651177593889,0.7313812858052197,0.8021430086993423,Q4_MostVulnerable,1
County_1418,SD,8.4,5.2,8.4,0.534213876511776,0.6247612985359644,0.38749204328453213,0.5154890727774242,Q3,0
County_1419,LA,1.3,5.0,7.0,0.0241884150222788,0.5911839592616168,0.23313176320814769,0.28283471249734776,Q1_LeastVulnerable,0
County_1420,NC,9.3,7.3,11.0,0.5983450031826862,0.8992679821769574,0.707511139401655,0.7350413749204329,Q4_MostVulnerable,1
County_1421,IL,6.6,3.5,10.5,0.3835136855506047,0.30394653087205603,0.6451304901336729,0.44419690218544455,Q2,0
County_1422,FL,8.3,8.3,6.7,0.5256206238064927,0.9524188415022279,0.20321451304901336,0.5604179927859113,Q3,0
County_1423,KY,7.4,4.3,9.5,0.45385105028644174,0.45401018459579884,0.5264162953532782,0.4780925100785063,Q2,0
County_1424,NJ,7.3,2.8,7.2,0.4473265436028008,0.19462126034373012,0.25302355187778486,0.29832378527477194,Q2,0
County_1425,NY,8.6,3.6,6.9,0.5488542329726289,0.3217695735200509,0.22294716740929343,0.3645236579673245,Q2,0
County_1426,MT,13.7,2.7,11.0,0.8424570337364736,0.18061744112030553,0.707511139401655,0.576861871419478,Q3,0
County_1427,WI,3.5,5.5,8.9,0.14035646085295989,0.6744112030553787,0.45019096117122853,0.4216528750265223,Q2,0
County_1428,OH,6.4,6.3,7.5,0.3647358370464672,0.7969446212603437,0.285964353914704,0.48254827074050494,Q2,0
County_1429,VA,3.3,1.5,9.8,0.12842138765117758,0.06253978357733928,0.5658816040738384,0.2522809251007851,Q1_LeastVulnerable,0
County_1430,CA,6.2,3.5,9.2,0.3475493316359007,0.30394653087205603,0.4856779121578612,0.37905792488860596,Q2,0
County_1431,CA,8.4,4.7,8.4,0.534213876511776,0.5316677275620624,0.38749204328453213,0.48445788245279015,Q2,0
County_1432,IL,3.5,1.6,9.1,0.14035646085295989,0.07001909611712286,0.47374283895607894,0.22803946530872055,Q1_LeastVulnerable,0
County_1433,CO,9.5,2.2,10.6,0.6120305537873966,0.1223742838956079,0.6573838319541693,0.4639295565457246,Q2,0
County_1434,MS,9.5,4.5,7.9,0.6120305537873966,0.49267982176957353,0.33131763208147674,0.47867600254614895,Q2,0
County_1435,MS,4.0,2.7,10.7,0.17457033736473584,0.18061744112030553,0.6691597708465945,0.3414491831105453,Q2,0
County_1436,MT,6.7,3.4,8.9,0.39417568427753025,0.28580521960534694,0.45019096117122853,0.37672395501803524,Q2,0
County_1437,OR,1.3,2.7,5.7,0.0241884150222788,0.18061744112030553,0.11187141947803947,0.10555909187354127,Q1_LeastVulnerable,0
County_1438,WA,4.1,5.4,5.3,0.1839592616168046,0.6578612348822406,0.08625079567154678,0.30935709739019734,Q2,0
County_1439,TX,5.8,3.3,10.3,0.3166772756206238,0.2686187141947804,0.6222151495862508,0.40250371313388494,Q2,0
County_1440,CA,5.3,3.8,8.7,0.27641629535327816,0.3582113303628262,0.4252068746021642,0.3532781667727562,Q2,0
County_1441,IN,1.8,3.6,7.1,0.045035009548058565,0.3217695735200509,0.2437937619350732,0.20353278166772756,Q1_LeastVulnerable,0
County_1442,GA,3.1,3.8,5.5,0.11298535964353915,0.3582113303628262,0.098026734563972,0.1897411415234458,Q1_LeastVulnerable,0
County_1443,CO,6.7,3.1,10.0,0.39417568427753025,0.23949713558243158,0.5910248249522597,0.4082325482707405,Q2,0
County_1444,MO,15.0,6.6,14.3,0.8887651177593889,0.8302036919159771,0.9352323360916613,0.8847337152556758,Q4_MostVulnerable,1
County_1445,MO,12.0,6.4,9.7,0.7627307447485678,0.8095162316995544,0.5517186505410566,0.7079885423297263,Q4_MostVulnerable,1
County_1446,FL,8.1,2.8,6.2,0.5103437301082113,0.19462126034373012,0.1522915340547422,0.2857521748355612,Q1_LeastVulnerable,0
County_1447,OH,10.9,7.2,11.6,0.7000318268618714,0.8887651177593889,0.77466581795035,0.7878209208572035,Q4_MostVulnerable,1
County_1448,OK,15.8,8.9,9.7,0.9119987269255252,0.973901973265436,0.5517186505410566,0.8125397835773392,Q4_MostVulnerable,1
County_1449,AK,2.8,1.8,6.7,0.09723106301718651,0.08338637810311904,0.20321451304901336,0.1279439847231063,Q1_LeastVulnerable,0
County_1450,KY,16.2,7.2,12.2,0.9239338001273074,0.8887651177593889,0.8249522597071929,0.8792170591979631,Q4_MostVulnerable,1
County_1451,TX,11.3,6.3,13.1,0.7232654360280076,0.7969446212603437,0.8838319541693189,0.8013473371525568,Q4_MostVulnerable,1
County_1452,MS,13.7,5.3,11.1,0.8424570337364736,0.6411521323997453,0.7211966900063653,0.7349352853808614,Q4_MostVulnerable,1
County_1453,IA,3.0,3.6,8.7,0.10789306174411203,0.3217695735200509,0.4252068746021642,0.2849565032887757,Q1_LeastVulnerable,0
County_1454,GA,5.9,4.0,6.9,0.32511139401655,0.39449395289624445,0.22294716740929343,0.31418417144069594,Q2,0
County_1455,GA,13.3,3.8,13.6,0.8209739019732655,0.3582113303628262,0.9096117122851687,0.6962656482070867,Q3,0
County_1456,CA,7.6,5.0,12.9,0.4711966900063654,0.5911839592616168,0.8715786123488224,0.6446530872056014,Q3,0
County_1457,SD,6.9,2.4,6.3,0.4135900700190961,0.14528962444302992,0.16152132399745386,0.24013367281985998,Q1_LeastVulnerable,0
County_1458,CA,15.8,8.2,13.5,0.9119987269255252,0.9481222151495863,0.9048376830044558,0.9216528750265224,Q4_MostVulnerable,1
County_1459,IL,7.0,3.1,14.0,0.42218332272437936,0.23949713558243158,0.9253660089115213,0.5290154890727775,Q3,0
County_1460,AR,9.3,4.6,9.8,0.5983450031826862,0.5119350732017823,0.5658816040738384,0.5587205601527689,Q3,0
County_1461,PA,15.7,8.8,13.0,0.9081795035009548,0.9704010184595799,0.8779439847231063,0.9188415022278803,Q4_MostVulnerable,1
County_1462,AR,16.8,7.8,15.0,0.9406429026098027,0.9310948440483768,0.9563971992361553,0.942711648631445,Q4_MostVulnerable,1
County_1463,IL,3.9,1.6,7.0,0.16709102482495225,0.07001909611712286,0.23313176320814769,0.15674729471674095,Q1_LeastVulnerable,0
County_1464,MT,6.8,2.5,5.0,0.40388287714831317,0.1581795035009548,0.06954169318905155,0.21053469127943983,Q1_LeastVulnerable,0
County_1465,LA,11.8,4.6,13.2,0.7517504774029281,0.5119350732017823,0.8886059834500318,0.7174305113515808,Q4_MostVulnerable,1
County_1466,IL,17.9,8.0,9.9,0.9630808402291534,0.9400063653723743,0.5786123488224061,0.8272331848079779,Q4_MostVulnerable,1
County_1467,ID,4.0,3.7,6.2,0.17457033736473584,0.3392743475493316,0.1522915340547422,0.22204540632293654,Q1_LeastVulnerable,0
County_1468,SC,12.1,4.4,13.5,0.7689369828134945,0.47422024188415024,0.9048376830044558,0.715998302567367,Q4_MostVulnerable,1
County_1469,WV,7.2,2.4,7.9,0.4387332908975175,0.14528962444302992,0.33131763208147674,0.3051135158073414,Q2,0
County_1470,IA,15.6,7.1,11.4,0.9048376830044558,0.8771483131763208,0.7522278803309994,0.8447379588372588,Q4_MostVulnerable,1
County_1471,AR,4.3,3.0,8.9,0.20305537873965626,0.22469764481222151,0.45019096117122853,0.2926479949077021,Q2,0
County_1472,AR,15.9,10.0,11.2,0.9156588160407384,0.991725015913431,0.7313812858052197,0.879588372586463,Q4_MostVulnerable,1
County_1473,PA,11.7,5.6,8.4,0.7458625079567155,0.6920751113940166,0.38749204328453213,0.6084765542117547,Q3,0
County_1474,MO,6.4,6.6,8.7,0.3647358370464672,0.8302036919159771,0.4252068746021642,0.5400488011882029,Q3,0
County_1475,PA,2.1,0.9,5.7,0.059516231699554424,0.027530235518777847,0.11187141947803947,0.06630596223212391,Q1_LeastVulnerable,0
County_1476,OH,10.5,2.8,7.8,0.6745703373647358,0.19462126034373012,0.31954169318905157,0.3962444302991725,Q2,0
County_1477,TX,7.6,2.6,10.1,0.4711966900063654,0.16931890515595163,0.6020050922978994,0.41417356248673887,Q2,0
County_1478,TX,1.5,4.2,6.7,0.03166772756206238,0.4328453214513049,0.20321451304901336,0.22257585402079352,Q1_LeastVulnerable,0
County_1479,PA,16.2,9.5,12.4,0.9239338001273074,0.9853596435391471,0.8384786760025461,0.915924039889667,Q4_MostVulnerable,1
County_1480,MI,6.5,2.8,7.7,0.3733290897517505,0.19462126034373012,0.30887969446212604,0.2922766815192022,Q2,0
County_1481,IL,15.4,5.9,13.6,0.8994271164863145,0.7418841502227881,0.9096117122851687,0.8503076596647571,Q4_MostVulnerable,1
County_1482,MN,10.9,3.5,12.8,0.7000318268618714,0.30394653087205603,0.8647358370464672,0.6229047315934649,Q3,0
County_1483,MN,16.3,4.2,12.6,0.9269573520050923,0.4328453214513049,0.8526416295353278,0.737481434330575,Q4_MostVulnerable,1
County_1484,NM,0.6,3.3,6.6,0.007479312539783577,0.2686187141947804,0.19080203691915978,0.15563335455124125,Q1_LeastVulnerable,0
County_1485,CO,9.1,5.1,10.7,0.5819541693189052,0.6078930617441121,0.6691597708465945,0.6196690006365372,Q3,0
County_1486,NY,19.6,7.9,16.5,0.982176957352005,0.936187141947804,0.9875875238701464,0.9686505410566518,Q4_MostVulnerable,1
County_1487,MA,4.2,1.2,7.2,0.19478039465308722,0.043602800763844686,0.25302355187778486,0.16380224909823893,Q1_LeastVulnerable,0
County_1488,NM,9.0,7.1,7.7,0.5749522597071929,0.8771483131763208,0.30887969446212604,0.5869934224485466,Q3,0
County_1489,GA,2.8,2.1,5.5,0.09723106301718651,0.11171228516868237,0.098026734563972,0.10232336091661363,Q1_LeastVulnerable,0
County_1490,ME,19.1,8.5,15.2,0.9774029280712921,0.9602164226607256,0.9616486314449395,0.9664226607256525,Q4_MostVulnerable,1
County_1491,FL,6.5,1.8,11.9,0.3733290897517505,0.08338637810311904,0.8017186505410566,0.41947803946530876,Q2,0
County_1492,TX,9.5,4.6,8.8,0.6120305537873966,0.5119350732017823,0.4377784850413749,0.5205813706768513,Q3,0
County_1493,MI,7.8,4.8,10.5,0.4859961807765754,0.5514003819223424,0.6451304901336729,0.5608423509441969,Q3,0
County_1494,FL,12.7,6.3,10.7,0.7969446212603437,0.7969446212603437,0.6691597708465945,0.7543496711224273,Q4_MostVulnerable,1
County_1495,AR,5.1,3.8,7.8,0.25732017823042647,0.3582113303628262,0.31954169318905157,0.31169106726076806,Q2,0
County_1496,NC,7.7,5.1,11.9,0.47835773392743475,0.6078930617441121,0.8017186505410566,0.6293231487375345,Q3,0
County_1497,FL,8.0,2.7,10.5,0.5028644175684277,0.18061744112030553,0.6451304901336729,0.44287078294080207,Q2,0
County_1498,WI,1.8,2.8,3.4,0.045035009548058565,0.19462126034373012,0.021801400381922343,0.08715255675790368,Q1_LeastVulnerable,0
County_1499,MS,1.2,2.5,4.5,0.019255251432208784,0.1581795035009548,0.051559516231699555,0.07633142372162104,Q1_LeastVulnerable,0
County_1500,IL,10.1,5.4,12.5,0.6484723106301719,0.6578612348822406,0.8467536600891152,0.7176957352005093,Q4_MostVulnerable,1
County_1501,NY,1.4,2.5,6.0,0.02816677275620624,0.1581795035009548,0.1341502227880331,0.10683216634839805,Q1_LeastVulnerable,0
County_1502,ID,6.9,2.1,6.1,0.4135900700190961,0.11171228516868237,0.14306174411203054,0.22278803309993633,Q1_LeastVulnerable,0
County_1503,TN,3.8,1.2,5.3,0.16008911521323999,0.043602800763844686,0.08625079567154678,0.09664757054954382,Q1_LeastVulnerable,0
County_1504,IL,8.6,1.3,10.7,0.5488542329726289,0.050127307447485676,0.6691597708465945,0.4227137704222364,Q2,0
County_1505,WI,12.4,7.0,13.2,0.7821451304901337,0.8682367918523234,0.8886059834500318,0.8463293019308296,Q4_MostVulnerable,1
County_1506,NJ,12.4,7.0,11.2,0.7821451304901337,0.8682367918523234,0.7313812858052197,0.7939210693825589,Q4_MostVulnerable,1
County_1507,TN,9.7,6.2,14.8,0.6228516868236792,0.7835773392743476,0.9522597071928708,0.7862295777636326,Q4_MostVulnerable,1
County_1508,CA,9.4,5.3,11.4,0.6053469127943985,0.6411521323997453,0.7522278803309994,0.6662423085083811,Q3,0
County_1509,IA,13.2,2.8,11.1,0.8155633354551242,0.19462126034373012,0.7211966900063653,0.5771270952684066,Q3,0
County_1510,OK,9.6,3.4,8.2,0.617600254614895,0.28580521960534694,0.3663271801400382,0.42324421812009333,Q2,0
County_1511,NY,5.4,3.9,5.8,0.28516868236791854,0.3771483131763208,0.11887332908975175,0.26039677487799706,Q1_LeastVulnerable,0
County_1512,DE,1.4,2.6,6.4,0.02816677275620624,0.16931890515595163,0.1717059197963081,0.12306386590282199,Q1_LeastVulnerable,0
County_1513,IA,14.6,6.0,11.3,0.8776257161043921,0.7577975811584978,0.7404519414385742,0.7919584129004881,Q4_MostVulnerable,1
County_1514,GA,19.6,8.4,18.1,0.982176957352005,0.9565563335455124,0.9968173138128581,0.9785168682367918,Q4_MostVulnerable,1
County_1515,NM,5.8,3.8,10.8,0.3166772756206238,0.3582113303628262,0.683004455760662,0.45263102058137067,Q2,0
County_1516,IA,6.2,4.0,9.4,0.3475493316359007,0.39449395289624445,0.5135264162953532,0.41852323360916616,Q2,0
County_1517,IL,1.2,1.4,3.3,0.019255251432208784,0.055856142584341184,0.019096117122851686,0.031402503713133884,Q1_LeastVulnerable,0
County_1518,FL,6.2,5.3,6.7,0.3475493316359007,0.6411521323997453,0.20321451304901336,0.3973053256948864,Q2,0
County_1519,LA,7.5,3.6,11.3,0.4619669000636537,0.3217695735200509,0.7404519414385742,0.5080628050074263,Q3,0
County_1520,DE,4.1,1.2,5.9,0.1839592616168046,0.043602800763844686,0.12587523870146403,0.11781243369403777,Q1_LeastVulnerable,0
County_1521,WA,3.9,2.0,9.2,0.16709102482495225,0.10232336091661362,0.4856779121578612,0.2516974326331423,Q1_LeastVulnerable,0
County_1522,CO,8.2,3.9,10.0,0.5181413112667091,0.3771483131763208,0.5910248249522597,0.49543814979842987,Q3,0
County_1523,UT,7.4,5.7,8.8,0.45385105028644174,0.7092616168045831,0.4377784850413749,0.5336303840441332,Q3,0
County_1524,LA,4.2,3.2,5.7,0.19478039465308722,0.25302355187778486,0.11187141947803947,0.18655845533630386,Q1_LeastVulnerable,0
County_1525,KS,14.6,6.1,12.1,0.8776257161043921,0.7705283259070655,0.8168364099299809,0.8216634839804796,Q4_MostVulnerable,1
County_1526,FL,0.4,0.3,5.6,0.003500954805856143,0.0120942075111394,0.10471037555697009,0.04010184595798855,Q1_LeastVulnerable,0
County_1527,NY,13.6,7.3,13.9,0.838319541693189,0.8992679821769574,0.9218650541056652,0.8864841926586039,Q4_MostVulnerable,1
County_1528,ND,4.3,2.3,5.4,0.20305537873965626,0.13319541693189052,0.0918204964990452,0.1426904307235307,Q1_LeastVulnerable,0
County_1529,MI,7.2,4.0,8.1,0.4387332908975175,0.39449395289624445,0.35534691279439845,0.3961913855293868,Q2,0
County_1530,CA,10.0,7.2,10.1,0.6419478039465308,0.8887651177593889,0.6020050922978994,0.7109060046679397,Q4_MostVulnerable,1
County_1531,VT,8.4,5.3,10.5,0.534213876511776,0.6411521323997453,0.6451304901336729,0.606832166348398,Q3,0
County_1532,WV,6.2,1.4,6.3,0.3475493316359007,0.055856142584341184,0.16152132399745386,0.1883089327392319,Q1_LeastVulnerable,0
County_1533,LA,5.6,1.0,5.1,0.3020369191597708,0.03214513049013367,0.07447485677912158,0.13621896880967535,Q1_LeastVulnerable,0
County_1534,NM,7.4,4.1,10.0,0.45385105028644174,0.41263526416295354,0.5910248249522597,0.4858370464672183,Q2,0
County_1535,MA,13.1,4.1,8.5,0.8107893061744113,0.41263526416295354,0.39942711648631446,0.5409505622745597,Q3,0
County_1536,IN,10.5,6.1,12.8,0.6745703373647358,0.7705283259070655,0.8647358370464672,0.7699448334394229,Q4_MostVulnerable,1
County_1537,CA,3.5,3.1,6.5,0.14035646085295989,0.23949713558243158,0.18125397835773394,0.1870358582643751,Q1_LeastVulnerable,0
County_1538,MA,16.6,7.2,10.2,0.936187141947804,0.8887651177593889,0.6120305537873966,0.8123276044981965,Q4_MostVulnerable,1
County_1539,SD,2.3,1.6,5.2,0.06795035009548059,0.07001909611712286,0.08020369191597708,0.07272437937619351,Q1_LeastVulnerable,0
County_1540,AL,14.5,9.0,13.0,0.8738064926798218,0.9759707192870783,0.8779439847231063,0.9092403988966687,Q4_MostVulnerable,1
County_1541,NE,11.0,9.6,9.4,0.7067154678548695,0.9866327180140039,0.5135264162953532,0.7356248673880756,Q4_MostVulnerable,1
County_1542,TX,2.4,2.3,6.3,0.0728835136855506,0.13319541693189052,0.16152132399745386,0.122533418204965,Q1_LeastVulnerable,0
County_1543,FL,13.7,6.6,13.3,0.8424570337364736,0.8302036919159771,0.8949713558243158,0.8558773604922555,Q4_MostVulnerable,1
County_1544,CO,11.2,5.5,10.2,0.7176957352005092,0.6744112030553787,0.6120305537873966,0.6680458306810948,Q3,0
County_1545,PA,10.2,4.7,8.2,0.6549968173138129,0.5316677275620624,0.3663271801400382,0.5176639083386378,Q3,0
County_1546,GA,4.4,2.1,6.6,0.20910248249522598,0.11171228516868237,0.19080203691915978,0.1705389348610227,Q1_LeastVulnerable,0
County_1547,CT,8.0,2.8,11.8,0.5028644175684277,0.19462126034373012,0.7921705919796308,0.4965520899639295,Q3,0
County_1548,KS,4.8,1.7,10.8,0.23424570337364736,0.07670273711012095,0.683004455760662,0.3313176320814768,Q2,0
County_1549,KY,9.2,5.4,5.5,0.5902291534054742,0.6578612348822406,0.098026734563972,0.44870570761722894,Q2,0
County_1550,TX,3.1,2.2,8.7,0.11298535964353915,0.1223742838956079,0.4252068746021642,0.2201888393804371,Q1_LeastVulnerable,0
County_1551,NM,17.6,3.4,14.3,0.9586250795671547,0.28580521960534694,0.9352323360916613,0.726554211754721,Q4_MostVulnerable,1
County_1552,LA,8.5,5.2,11.1,0.5423297262889879,0.6247612985359644,0.7211966900063653,0.629429238277106,Q3,0
County_1553,MS,6.4,3.9,7.1,0.3647358370464672,0.3771483131763208,0.2437937619350732,0.3285593040526204,Q2,0
County_1554,WA,10.7,7.2,6.8,0.6853914704010184,0.8887651177593889,0.2145130490133673,0.5962232123912582,Q3,0
County_1555,CA,17.2,7.7,14.8,0.9508274984086569,0.9250477402928071,0.9522597071928708,0.942711648631445,Q4_MostVulnerable,1
County_1556,FL,4.9,1.3,5.6,0.24188415022278803,0.050127307447485676,0.10471037555697009,0.13224061107574794,Q1_LeastVulnerable,0
County_1557,WA,12.4,2.4,8.4,0.7821451304901337,0.14528962444302992,0.38749204328453213,0.43830893273923194,Q2,0
County_1558,WA,8.8,3.6,6.8,0.5614258434118395,0.3217695735200509,0.2145130490133673,0.3659028219817526,Q2,0
County_1559,CO,7.3,3.2,9.8,0.4473265436028008,0.25302355187778486,0.5658816040738384,0.422077233184808,Q2,0
County_1560,CO,0.8,3.7,5.7,0.009548058561425843,0.3392743475493316,0.11187141947803947,0.15356460852959897,Q1_LeastVulnerable,0
County_1561,LA,9.9,5.0,11.5,0.6360598345003182,0.5911839592616168,0.7649586250795671,0.6640674729471674,Q3,0
County_1562,CA,12.1,7.3,12.4,0.7689369828134945,0.8992679821769574,0.8384786760025461,0.8355612136643327,Q4_MostVulnerable,1
County_1563,NY,14.7,4.4,11.5,0.8814449395289624,0.47422024188415024,0.7649586250795671,0.7068746021642266,Q3,0
County_1564,CA,12.3,7.1,11.0,0.777689369828135,0.8771483131763208,0.707511139401655,0.7874496074687035,Q4_MostVulnerable,1
County_1565,CA,6.9,5.2,7.5,0.4135900700190961,0.6247612985359644,0.285964353914704,0.4414385741565881,Q2,0
County_1566,MI,4.1,0.2,6.7,0.1839592616168046,0.010025461489497135,0.20321451304901336,0.13239974538510502,Q1_LeastVulnerable,0
County_1567,WA,0.9,4.3,3.5,0.011775938892425206,0.45401018459579884,0.024029280712921704,0.16327180140038192,Q1_LeastVulnerable,0
County_1568,LA,12.6,5.9,12.1,0.7915340547422024,0.7418841502227881,0.8168364099299809,0.7834182049649905,Q4_MostVulnerable,1
County_1569,IA,10.0,5.6,12.1,0.6419478039465308,0.6920751113940166,0.8168364099299809,0.7169531084235095,Q4_MostVulnerable,1
County_1570,WY,7.8,3.1,7.3,0.4859961807765754,0.23949713558243158,0.2625716104392107,0.32935497559940585,Q2,0
County_1571,MS,4.1,5.1,9.6,0.1839592616168046,0.6078930617441121,0.5383513685550605,0.44340123063865905,Q2,0
County_1572,KS,1.8,0.7,6.1,0.045035009548058565,0.021005728835136857,0.14306174411203054,0.06970082749840865,Q1_LeastVulnerable,0
County_1573,KY,18.0,8.7,14.5,0.9648313176320815,0.9662635264162953,0.9428707829408021,0.9579885423297263,Q4_MostVulnerable,1
County_1574,DE,16.3,8.1,9.7,0.9269573520050923,0.9436664544875876,0.5517186505410566,0.8074474856779122,Q4_MostVulnerable,1
County_1575,MN,18.9,6.2,10.8,0.9764481222151495,0.7835773392743476,0.683004455760662,0.814343305750053,Q4_MostVulnerable,1
County_1576,MD,17.5,10.2,14.1,0.9567154678548695,0.9937937619350732,0.928230426479949,0.9595798854232972,Q4_MostVulnerable,1
County_1577,HI,7.9,4.7,10.5,0.4949077021005729,0.5316677275620624,0.6451304901336729,0.5572353065987694,Q3,0
County_1578,CO,4.1,4.2,5.7,0.1839592616168046,0.4328453214513049,0.11187141947803947,0.24289200084871632,Q1_LeastVulnerable,0
County_1579,IL,6.4,1.6,11.5,0.3647358370464672,0.07001909611712286,0.7649586250795671,0.39990451941438576,Q2,0
County_1580,MN,4.3,6.5,8.6,0.20305537873965626,0.8200190961171229,0.41215786123488224,0.47841077869722043,Q2,0
County_1581,CA,4.9,1.6,5.7,0.24188415022278803,0.07001909611712286,0.11187141947803947,0.14125822193931678,Q1_LeastVulnerable,0
County_1582,CO,10.5,6.7,10.3,0.6745703373647358,0.83991088478676,0.6222151495862508,0.7122321239125822,Q4_MostVulnerable,1
County_1583,WA,3.7,1.6,11.8,0.1532463399108848,0.07001909611712286,0.7921705919796308,0.33847867600254616,Q2,0
County_1584,MS,9.0,3.8,7.0,0.5749522597071929,0.3582113303628262,0.23313176320814769,0.38876511775938893,Q2,0
County_1585,CA,2.6,4.0,7.4,0.08402291534054743,0.39449395289624445,0.2737110120942075,0.2507426267769998,Q1_LeastVulnerable,0
County_1586,OH,8.4,6.1,8.6,0.534213876511776,0.7705283259070655,0.41215786123488224,0.5723000212179079,Q3,0
County_1587,CA,7.9,2.5,10.4,0.4949077021005729,0.1581795035009548,0.6325588796944621,0.4285486950986632,Q2,0
County_1588,OK,17.2,8.8,16.1,0.9508274984086569,0.9704010184595799,0.982176957352005,0.9678018247400807,Q4_MostVulnerable,1
County_1589,OR,2.9,4.4,5.7,0.10280076384468491,0.47422024188415024,0.11187141947803947,0.22963080840229155,Q1_LeastVulnerable,0
County_1590,NY,5.4,2.2,10.0,0.28516868236791854,0.1223742838956079,0.5910248249522597,0.33285593040526207,Q2,0
County_1591,OK,5.8,6.1,12.3,0.3166772756206238,0.7705283259070655,0.8308402291534055,0.6393486102270316,Q3,0
County_1592,CA,13.1,3.8,11.7,0.8107893061744113,0.3582113303628262,0.7824633991088479,0.6504880118820284,Q3,0
County_1593,OK,8.3,3.6,10.7,0.5256206238064927,0.3217695735200509,0.6691597708465945,0.5055166560577127,Q3,0
County_1594,CO,10.8,6.0,9.2,0.6917568427753024,0.7577975811584978,0.4856779121578612,0.6450774453638871,Q3,0
County_1595,IN,8.9,3.4,9.5,0.5682686187141948,0.28580521960534694,0.5264162953532782,0.46016337789094,Q2,0
County_1596,VA,3.3,3.4,6.3,0.12842138765117758,0.28580521960534694,0.16152132399745386,0.19191597708465946,Q1_LeastVulnerable,0
County_1597,MN,4.6,3.7,8.9,0.22135582431572248,0.3392743475493316,0.45019096117122853,0.3369403776787609,Q2,0
County_1598,WA,11.7,5.2,13.3,0.7458625079567155,0.6247612985359644,0.8949713558243158,0.7551983874389986,Q4_MostVulnerable,1
County_1599,CA,9.9,6.2,9.7,0.6360598345003182,0.7835773392743476,0.5517186505410566,0.6571186081052408,Q3,0
County_1600,MI,6.0,3.5,11.1,0.33195416931890515,0.30394653087205603,0.7211966900063653,0.45236579673244215,Q2,0
County_1601,CA,1.5,2.8,8.8,0.03166772756206238,0.19462126034373012,0.4377784850413749,0.22135582431572245,Q1_LeastVulnerable,0
County_1602,NY,3.7,4.8,8.5,0.1532463399108848,0.5514003819223424,0.39942711648631446,0.36802461277318055,Q2,0
County_1603,CA,10.0,6.2,9.0,0.6419478039465308,0.7835773392743476,0.4619669000636537,0.6291640144281774,Q3,0
County_1604,CO,4.2,4.4,5.9,0.19478039465308722,0.47422024188415024,0.12587523870146403,0.26495862507956713,Q1_LeastVulnerable,0
County_1605,GA,17.4,5.5,12.1,0.9546467218332273,0.6744112030553787,0.8168364099299809,0.8152981116061957,Q4_MostVulnerable,1
County_1606,OR,22.3,9.5,18.0,0.9949077021005729,0.9853596435391471,0.9961807765754297,0.9921493740717165,Q4_MostVulnerable,1
County_1607,CO,6.9,2.8,6.0,0.4135900700190961,0.19462126034373012,0.1341502227880331,0.24745385105028647,Q1_LeastVulnerable,0
County_1608,TN,12.5,3.8,12.6,0.7862826225334182,0.3582113303628262,0.8526416295353278,0.665711860810524,Q3,0
County_1609,CA,10.0,4.9,7.8,0.6419478039465308,0.5724061107574793,0.31954169318905157,0.5112985359643539,Q3,0
County_1610,AZ,12.8,4.5,13.0,0.8009229789942711,0.49267982176957353,0.8779439847231063,0.7238489284956504,Q4_MostVulnerable,1
County_1611,KY,19.8,9.1,14.9,0.9842457033736474,0.9780394653087205,0.9540101845957989,0.9720984510927222,Q4_MostVulnerable,1
County_1612,WV,8.8,5.9,12.1,0.5614258434118395,0.7418841502227881,0.8168364099299809,0.7067154678548695,Q3,0
County_1613,CA,0.4,0.0,7.5,0.003500954805856143,0.004455760661998727,0.285964353914704,0.09797368979418629,Q1_LeastVulnerable,0
County_1614,CA,10.1,3.8,12.9,0.6484723106301719,0.3582113303628262,0.8715786123488224,0.6260874177806067,Q3,0
County_1615,OR,15.5,4.5,15.7,0.9018141311266709,0.49267982176957353,0.9756524506683641,0.7900488011882029,Q4_MostVulnerable,1
County_1616,IL,1.7,1.8,6.1,0.03930617441120306,0.08338637810311904,0.14306174411203054,0.08858476554211754,Q1_LeastVulnerable,0
County_1617,OH,18.2,8.1,11.8,0.9684914067472947,0.9436664544875876,0.7921705919796308,0.9014428177381709,Q4_MostVulnerable,1
County_1618,FL,19.3,7.4,12.5,0.9789942711648632,0.9061107574793126,0.8467536600891152,0.9106195629110969,Q4_MostVulnerable,1
County_1619,MA,13.2,5.1,7.4,0.8155633354551242,0.6078930617441121,0.2737110120942075,0.5657224697644813,Q3,0
County_1620,GA,2.4,4.7,4.0,0.0728835136855506,0.5316677275620624,0.0364417568427753,0.21366433269679608,Q1_LeastVulnerable,0
County_1621,MA,7.9,0.9,9.1,0.4949077021005729,0.027530235518777847,0.47374283895607894,0.33206025885847656,Q2,0
County_1622,PA,4.4,5.2,6.1,0.20910248249522598,0.6247612985359644,0.14306174411203054,0.32564184171440697,Q2,0
County_1623,PA,10.3,4.3,9.8,0.6618395926161681,0.45401018459579884,0.5658816040738384,0.5605771270952684,Q3,0
County_1624,MN,3.6,3.0,7.8,0.1465626989178867,0.22469764481222151,0.31954169318905157,0.23026734563971993,Q1_LeastVulnerable,0
County_1625,VA,15.5,5.9,12.2,0.9018141311266709,0.7418841502227881,0.8249522597071929,0.8228835136855506,Q4_MostVulnerable,1
County_1626,GA,6.9,6.4,6.2,0.4135900700190961,0.8095162316995544,0.1522915340547422,0.45846594525779755,Q2,0
County_1627,GA,6.3,2.1,8.1,0.35709739019732656,0.11171228516868237,0.35534691279439845,0.2747188627201358,Q1_LeastVulnerable,0
County_1628,NM,5.9,3.8,6.1,0.32511139401655,0.3582113303628262,0.14306174411203054,0.2754614894971356,Q1_LeastVulnerable,0
County_1629,NM,5.5,4.4,7.2,0.2936028007638447,0.47422024188415024,0.25302355187778486,0.34028219817525995,Q2,0
County_1630,CA,7.6,1.9,11.5,0.4711966900063654,0.09245703373647358,0.7649586250795671,0.44287078294080207,Q2,0
County_1631,NJ,1.2,1.0,5.1,0.019255251432208784,0.03214513049013367,0.07447485677912158,0.04195841290048801,Q1_LeastVulnerable,0
County_1632,KS,10.7,5.0,13.9,0.6853914704010184,0.5911839592616168,0.9218650541056652,0.7328134945894336,Q4_MostVulnerable,1
County_1633,OR,4.7,2.1,10.2,0.22756206238064927,0.11171228516868237,0.6120305537873966,0.3171016337789094,Q2,0
County_1634,SC,12.7,4.6,10.2,0.7969446212603437,0.5119350732017823,0.6120305537873966,0.6403034160831743,Q3,0
County_1635,MO,13.4,5.5,9.5,0.8271801400381922,0.6744112030553787,0.5264162953532782,0.6760025461489496,Q3,0
County_1636,AL,13.3,7.0,11.6,0.8209739019732655,0.8682367918523234,0.77466581795035,0.8212921705919797,Q4_MostVulnerable,1
County_1637,NY,10.5,4.6,12.5,0.6745703373647358,0.5119350732017823,0.8467536600891152,0.6777530235518778,Q3,0
County_1638,OR,9.5,6.5,8.8,0.6120305537873966,0.8200190961171229,0.4377784850413749,0.6232760449819648,Q3,0
County_1639,GA,14.9,5.0,14.3,0.8859007001909611,0.5911839592616168,0.9352323360916613,0.804105665181413,Q4_MostVulnerable,1
County_1640,MI,10.6,3.3,12.7,0.6806174411203055,0.2686187141947804,0.8580521960534692,0.602429450456185,Q3,0
County_1641,WA,10.5,8.0,8.7,0.6745703373647358,0.9400063653723743,0.4252068746021642,0.6799278591130914,Q3,0
County_1642,IL,12.0,4.6,9.6,0.7627307447485678,0.5119350732017823,0.5383513685550605,0.6043390621684702,Q3,0
County_1643,FL,17.8,5.4,15.3,0.9619669000636537,0.6578612348822406,0.9648313176320815,0.8615531508593253,Q4_MostVulnerable,1
County_1644,FL,19.6,5.3,15.1,0.982176957352005,0.6411521323997453,0.9589433481858689,0.8607574793125398,Q4_MostVulnerable,1
County_1645,MO,2.0,4.2,4.6,0.054423933800127305,0.4328453214513049,0.0549013367281986,0.18072353065987692,Q1_LeastVulnerable,0
County_1646,WA,13.4,5.5,11.0,0.8271801400381922,0.6744112030553787,0.707511139401655,0.7363674941650752,Q4_MostVulnerable,1
County_1647,NJ,3.5,2.7,6.6,0.14035646085295989,0.18061744112030553,0.19080203691915978,0.1705919796308084,Q1_LeastVulnerable,0
County_1648,IL,8.4,4.3,6.1,0.534213876511776,0.45401018459579884,0.14306174411203054,0.3770952684065351,Q2,0
County_1649,NY,3.6,4.6,8.3,0.1465626989178867,0.5119350732017823,0.37619350732017826,0.34489709314661576,Q2,0
County_1650,NY,6.0,3.5,7.0,0.33195416931890515,0.30394653087205603,0.23313176320814769,0.2896774877997029,Q2,0
County_1651,NV,2.1,6.2,0.5,0.059516231699554424,0.7835773392743476,0.0006365372374283895,0.2812433694037768,Q1_LeastVulnerable,0
County_1652,CO,13.7,6.3,11.8,0.8424570337364736,0.7969446212603437,0.7921705919796308,0.8105240823254828,Q4_MostVulnerable,1
County_1653,NY,11.4,7.0,9.2,0.7289942711648632,0.8682367918523234,0.4856779121578612,0.6943029917250159,Q3,0
County_1654,LA,19.9,9.2,18.3,0.9853596435391471,0.9801082113303629,0.9977721196690006,0.9877466581795035,Q4_MostVulnerable,1
County_1655,AK,13.2,5.9,10.4,0.8155633354551242,0.7418841502227881,0.6325588796944621,0.7300021217907915,Q4_MostVulnerable,1
County_1656,MS,2.1,1.7,3.8,0.059516231699554424,0.07670273711012095,0.03166772756206238,0.05596223212391258,Q1_LeastVulnerable,0
County_1657,WI,15.3,7.1,13.7,0.897040101845958,0.8771483131763208,0.9143857415658816,0.8961913855293867,Q4_MostVulnerable,1
County_1658,IA,4.5,4.1,5.9,0.21530872056015277,0.41263526416295354,0.12587523870146403,0.25127307447485675,Q1_LeastVulnerable,0
County_1659,WA,9.4,4.0,8.2,0.6053469127943985,0.39449395289624445,0.3663271801400382,0.455389348610227,Q2,0
County_1660,CA,3.1,3.2,7.6,0.11298535964353915,0.25302355187778486,0.2980585614258434,0.22135582431572245,Q1_LeastVulnerable,0
County_1661,OK,17.8,9.2,11.8,0.9619669000636537,0.9801082113303629,0.7921705919796308,0.9114152344578824,Q4_MostVulnerable,1
County_1662,CA,4.5,6.4,4.3,0.21530872056015277,0.8095162316995544,0.045671546785486954,0.35683216634839804,Q2,0
County_1663,ID,5.2,4.8,11.0,0.26718650541056654,0.5514003819223424,0.707511139401655,0.5086993422448547,Q3,0
County_1664,MT,16.2,9.7,14.3,0.9239338001273074,0.9882240611075748,0.9352323360916613,0.9491300657755145,Q4_MostVulnerable,1
County_1665,NV,6.2,2.9,7.6,0.3475493316359007,0.20926161680458308,0.2980585614258434,0.2849565032887757,Q1_LeastVulnerable,0
County_1666,PA,16.6,8.0,13.3,0.936187141947804,0.9400063653723743,0.8949713558243158,0.9237216210481646,Q4_MostVulnerable,1
County_1667,NM,7.9,6.4,10.0,0.4949077021005729,0.8095162316995544,0.5910248249522597,0.6318162529174624,Q3,0
County_1668,NV,6.2,2.5,10.1,0.3475493316359007,0.1581795035009548,0.6020050922978994,0.3692446424782516,Q2,0
County_1669,UT,1.6,1.8,4.3,0.03516868236791852,0.08338637810311904,0.045671546785486954,0.05474220241884151,Q1_LeastVulnerable,0
County_1670,MA,13.4,8.6,12.4,0.8271801400381922,0.9632399745385105,0.8384786760025461,0.8762995968597496,Q4_MostVulnerable,1
County_1671,FL,18.6,6.1,13.3,0.9726288987905792,0.7705283259070655,0.8949713558243158,0.8793761935073201,Q4_MostVulnerable,1
County_1672,CO,9.2,2.8,9.2,0.5902291534054742,0.19462126034373012,0.4856779121578612,0.4235094419690218,Q2,0
County_1673,KY,18.6,9.9,14.6,0.9726288987905792,0.9907702100572884,0.9463717377466582,0.9699236155315085,Q4_MostVulnerable,1
County_1674,OH,4.8,5.2,7.4,0.23424570337364736,0.6247612985359644,0.2737110120942075,0.3775726713346064,Q2,0
County_1675,AR,10.9,5.9,11.9,0.7000318268618714,0.7418841502227881,0.8017186505410566,0.747878209208572,Q4_MostVulnerable,1
County_1676,CA,5.9,3.7,8.9,0.32511139401655,0.3392743475493316,0.45019096117122853,0.3715255675790367,Q2,0
County_1677,CA,17.0,6.4,10.5,0.9458943348185869,0.8095162316995544,0.6451304901336729,0.8001803522172714,Q4_MostVulnerable,1
County_1678,NE,6.4,4.3,5.5,0.3647358370464672,0.45401018459579884,0.098026734563972,0.3055909187354127,Q2,0
County_1679,GA,9.5,7.2,9.0,0.6120305537873966,0.8887651177593889,0.4619669000636537,0.654254190536813,Q3,0
County_1680,CO,13.6,6.4,15.5,0.838319541693189,0.8095162316995544,0.970560152768937,0.8727986420538935,Q4_MostVulnerable,1
County_1681,NV,16.4,10.2,11.5,0.9302991725015913,0.9937937619350732,0.7649586250795671,0.8963505198387439,Q4_MostVulnerable,1
County_1682,PA,18.3,6.1,13.7,0.9696053469127944,0.7705283259070655,0.9143857415658816,0.8848398047952472,Q4_MostVulnerable,1
County_1683,IN,1.6,2.5,4.7,0.03516868236791852,0.1581795035009548,0.058243157224697646,0.08386378103119031,Q1_LeastVulnerable,0
County_1684,MT,13.8,5.6,10.8,0.8465945257797581,0.6920751113940166,0.683004455760662,0.7405580309781455,Q4_MostVulnerable,1
County_1685,CA,8.4,2.9,9.6,0.534213876511776,0.20926161680458308,0.5383513685550605,0.4272756206238066,Q2,0
County_1686,VA,9.2,4.5,12.4,0.5902291534054742,0.49267982176957353,0.8384786760025461,0.6404625503925313,Q3,0
County_1687,IN,9.8,5.6,10.8,0.6295353278166773,0.6920751113940166,0.683004455760662,0.6682049649904519,Q3,0
County_1688,WY,3.2,3.8,5.0,0.11950986632718014,0.3582113303628262,0.06954169318905155,0.1824209632930193,Q1_LeastVulnerable,0
County_1689,WV,11.3,8.6,16.2,0.7232654360280076,0.9632399745385105,0.9837683004455761,0.8900912370040314,Q4_MostVulnerable,1
County_1690,PA,4.9,4.2,7.6,0.24188415022278803,0.4328453214513049,0.2980585614258434,0.3242626776999788,Q2,0
County_1691,AK,2.8,4.6,5.2,0.09723106301718651,0.5119350732017823,0.08020369191597708,0.22978994271164865,Q1_LeastVulnerable,0
County_1692,MO,12.9,6.0,14.3,0.8041056651814131,0.7577975811584978,0.9352323360916613,0.8323785274771908,Q4_MostVulnerable,1
County_1693,CA,13.2,8.5,10.6,0.8155633354551242,0.9602164226607256,0.6573838319541693,0.8110545300233397,Q4_MostVulnerable,1
County_1694,TX,14.7,10.0,15.7,0.8814449395289624,0.991725015913431,0.9756524506683641,0.9496074687035859,Q4_MostVulnerable,1
County_1695,RI,7.0,4.9,6.8,0.42218332272437936,0.5724061107574793,0.2145130490133673,0.403034160831742,Q2,0
County_1696,WV,17.6,5.8,16.7,0.9586250795671547,0.7245385105028644,0.9888605983450032,0.890674729471674,Q4_MostVulnerable,1
County_1697,NJ,8.2,3.6,9.5,0.5181413112667091,0.3217695735200509,0.5264162953532782,0.4554423933800127,Q2,0
County_1698,MS,16.0,7.2,15.6,0.9177275620623806,0.8887651177593889,0.9734245703373647,0.9266390833863781,Q4_MostVulnerable,1
County_1699,MS,14.9,7.2,16.3,0.8859007001909611,0.8887651177593889,0.9856779121578613,0.9201145767027371,Q4_MostVulnerable,1
County_1700,KY,5.9,4.8,5.7,0.32511139401655,0.5514003819223424,0.11187141947803947,0.32946106513897727,Q2,0
County_1701,MI,6.2,4.6,10.7,0.3475493316359007,0.5119350732017823,0.6691597708465945,0.5095480585614259,Q3,0
County_1702,NY,9.3,4.8,6.8,0.5983450031826862,0.5514003819223424,0.2145130490133673,0.4547528113727986,Q2,0
County_1703,VA,19.4,6.9,12.6,0.98026734563972,0.8590070019096118,0.8526416295353278,0.8973053256948864,Q4_MostVulnerable,1
County_1704,NV,6.6,4.6,6.7,0.3835136855506047,0.5119350732017823,0.20321451304901336,0.3662210906004668,Q2,0
County_1705,TX,9.8,7.7,10.9,0.6295353278166773,0.9250477402928071,0.6950986632718014,0.7498939104604285,Q4_MostVulnerable,1
County_1706,TX,10.0,6.5,10.1,0.6419478039465308,0.8200190961171229,0.6020050922978994,0.6879906641205178,Q3,0
County_1707,MS,6.4,4.7,7.9,0.3647358370464672,0.5316677275620624,0.33131763208147674,0.4092403988966688,Q2,0
County_1708,IA,17.2,8.7,13.9,0.9508274984086569,0.9662635264162953,0.9218650541056652,0.9463186929768724,Q4_MostVulnerable,1
County_1709,NY,6.2,3.3,9.3,0.3475493316359007,0.2686187141947804,0.4990451941438574,0.3717377466581795,Q2,0
County_1710,MD,10.2,4.3,11.5,0.6549968173138129,0.45401018459579884,0.7649586250795671,0.6246552089963929,Q3,0
County_1711,CA,11.1,4.2,12.7,0.7122851686823679,0.4328453214513049,0.8580521960534692,0.6677275620623807,Q3,0
County_1712,KS,13.4,5.8,15.3,0.8271801400381922,0.7245385105028644,0.9648313176320815,0.8388499893910462,Q4_MostVulnerable,1
County_1713,WI,9.9,4.3,9.9,0.6360598345003182,0.45401018459579884,0.5786123488224061,0.5562274559728411,Q3,0
County_1714,CA,5.1,5.3,6.5,0.25732017823042647,0.6411521323997453,0.18125397835773394,0.3599087629959685,Q2,0
County_1715,OH,16.9,6.4,14.7,0.9433481858688734,0.8095162316995544,0.9500318268618714,0.9009654148100997,Q4_MostVulnerable,1
County_1716,TN,0.3,0.9,2.9,0.0019096117122851686,0.027530235518777847,0.014003819223424571,0.014481222151495861,Q1_LeastVulnerable,0
County_1717,NY,7.5,7.2,7.4,0.4619669000636537,0.8887651177593889,0.2737110120942075,0.5414810099724167,Q3,0
County_1718,MT,8.5,3.9,11.2,0.5423297262889879,0.3771483131763208,0.7313812858052197,0.5502864417568428,Q3,0
County_1719,OH,12.1,5.9,10.8,0.7689369828134945,0.7418841502227881,0.683004455760662,0.7312751962656483,Q4_MostVulnerable,1
County_1720,LA,5.9,4.4,5.5,0.32511139401655,0.47422024188415024,0.098026734563972,0.29911945682155744,Q2,0
County_1721,CA,12.0,3.9,8.0,0.7627307447485678,0.3771483131763208,0.343093570973902,0.49432420963293017,Q3,0
County_1722,WA,9.6,6.7,9.9,0.617600254614895,0.83991088478676,0.5786123488224061,0.6787078294080203,Q3,0
County_1723,ME,12.0,6.6,13.3,0.7627307447485678,0.8302036919159771,0.8949713558243158,0.8293019308296202,Q4_MostVulnerable,1
County_1724,NC,13.5,8.4,14.0,0.8329089751750477,0.9565563335455124,0.9253660089115213,0.9049437725440271,Q4_MostVulnerable,1
County_1725,MS,11.4,4.4,10.9,0.7289942711648632,0.47422024188415024,0.6950986632718014,0.632771058773605,Q3,0
County_1726,CA,14.0,6.3,16.0,0.8559834500318269,0.7969446212603437,0.9810630171865055,0.8779970294928919,Q4_MostVulnerable,1
County_1727,WA,10.4,5.2,10.0,0.6685232336091661,0.6247612985359644,0.5910248249522597,0.6281031190324634,Q3,0
County_1728,RI,4.9,3.9,7.2,0.24188415022278803,0.3771483131763208,0.25302355187778486,0.2906853384256312,Q2,0
County_1729,CO,4.1,1.0,1.9,0.1839592616168046,0.03214513049013367,0.004774029280712922,0.0736261404625504,Q1_LeastVulnerable,0
County_1730,WI,11.0,5.5,9.6,0.7067154678548695,0.6744112030553787,0.5383513685550605,0.6398260131551029,Q3,0
County_1731,OK,4.4,1.2,8.9,0.20910248249522598,0.043602800763844686,0.45019096117122853,0.23429874814343307,Q1_LeastVulnerable,0
County_1732,MI,1.2,2.9,8.7,0.019255251432208784,0.20926161680458308,0.4252068746021642,0.21790791427965203,Q1_LeastVulnerable,0
County_1733,NM,17.9,4.2,12.3,0.9630808402291534,0.4328453214513049,0.8308402291534055,0.742255463611288,Q4_MostVulnerable,1
County_1734,CA,19.3,5.0,15.6,0.9789942711648632,0.5911839592616168,0.9734245703373647,0.8478676002546148,Q4_MostVulnerable,1
County_1735,MO,4.4,4.5,9.3,0.20910248249522598,0.49267982176957353,0.4990451941438574,0.40027583280288564,Q2,0
County_1736,CA,6.5,3.1,8.3,0.3733290897517505,0.23949713558243158,0.37619350732017826,0.3296732442181201,Q2,0
County_1737,MO,5.0,2.0,3.0,0.24920432845321452,0.10232336091661362,0.015117759388924252,0.12221514958625079,Q1_LeastVulnerable,0
County_1738,MO,10.8,7.1,10.9,0.6917568427753024,0.8771483131763208,0.6950986632718014,0.7546679397411414,Q4_MostVulnerable,1
County_1739,TX,4.8,3.9,8.9,0.23424570337364736,0.3771483131763208,0.45019096117122853,0.3538616592403989,Q2,0
County_1740,OK,5.9,5.1,6.1,0.32511139401655,0.6078930617441121,0.14306174411203054,0.3586887332908975,Q2,0
County_1741,GA,12.7,5.6,10.8,0.7969446212603437,0.6920751113940166,0.683004455760662,0.7240080628050074,Q4_MostVulnerable,1
County_1742,TX,3.1,6.9,4.2,0.11298535964353915,0.8590070019096118,0.0429662635264163,0.33831954169318906,Q2,0
County_1743,MT,9.1,3.8,4.4,0.5819541693189052,0.3582113303628262,0.0483768300445576,0.329514109908763,Q2,0
County_1744,NJ,2.8,5.5,8.5,0.09723106301718651,0.6744112030553787,0.39942711648631446,0.39035646085295994,Q2,0
County_1745,CO,4.1,3.1,7.1,0.1839592616168046,0.23949713558243158,0.2437937619350732,0.22241671971143648,Q1_LeastVulnerable,0
County_1746,TX,2.4,0.2,9.4,0.0728835136855506,0.010025461489497135,0.5135264162953532,0.1988117971568003,Q1_LeastVulnerable,0
County_1747,VA,7.9,5.1,10.7,0.4949077021005729,0.6078930617441121,0.6691597708465945,0.5906535115637599,Q3,0
County_1748,PA,9.0,5.2,8.8,0.5749522597071929,0.6247612985359644,0.4377784850413749,0.545830681094844,Q3,0
County_1749,VA,0.8,0.7,5.3,0.009548058561425843,0.021005728835136857,0.08625079567154678,0.03893486102270316,Q1_LeastVulnerable,0
County_1750,IL,7.5,2.9,9.9,0.4619669000636537,0.20926161680458308,0.5786123488224061,0.416613621896881,Q2,0
County_1751,TX,2.4,2.7,8.1,0.0728835136855506,0.18061744112030553,0.35534691279439845,0.20294928920008484,Q1_LeastVulnerable,0
County_1752,MI,19.6,8.4,15.5,0.982176957352005,0.9565563335455124,0.970560152768937,0.9697644812221515,Q4_MostVulnerable,1
County_1753,CO,13.5,2.4,14.0,0.8329089751750477,0.14528962444302992,0.9253660089115213,0.634521536176533,Q3,0
County_1754,NC,10.0,6.6,9.4,0.6419478039465308,0.8302036919159771,0.5135264162953532,0.6618926373859537,Q3,0
County_1755,ND,13.8,5.4,9.9,0.8465945257797581,0.6578612348822406,0.5786123488224061,0.6943560364948017,Q3,0
County_1756,IL,6.6,2.0,8.2,0.3835136855506047,0.10232336091661362,0.3663271801400382,0.28405474220241883,Q1_LeastVulnerable,0
County_1757,AZ,12.6,7.2,11.7,0.7915340547422024,0.8887651177593889,0.7824633991088479,0.8209208572034798,Q4_MostVulnerable,1
County_1758,FL,4.3,3.2,4.7,0.20305537873965626,0.25302355187778486,0.058243157224697646,0.17144069594737957,Q1_LeastVulnerable,0
County_1759,KY,7.7,6.1,6.2,0.47835773392743475,0.7705283259070655,0.1522915340547422,0.46705919796308076,Q2,0
County_1760,CO,3.8,3.8,7.8,0.16008911521323999,0.3582113303628262,0.31954169318905157,0.2792807129217059,Q1_LeastVulnerable,0
County_1761,DE,22.6,8.8,15.5,0.9958625079567155,0.9704010184595799,0.970560152768937,0.9789412263950775,Q4_MostVulnerable,1
County_1762,KY,1.1,2.1,5.2,0.015276893698281349,0.11171228516868237,0.08020369191597708,0.06906429026098027,Q1_LeastVulnerable,0
County_1763,WA,2.5,3.5,5.5,0.07829408020369191,0.30394653087205603,0.098026734563972,0.16008911521323996,Q1_LeastVulnerable,0
County_1764,PA,4.4,2.7,10.3,0.20910248249522598,0.18061744112030553,0.6222151495862508,0.3373116910672607,Q2,0
County_1765,IN,15.7,5.4,15.4,0.9081795035009548,0.6578612348822406,0.9676957352005092,0.8445788245279015,Q4_MostVulnerable,1
County_1766,WA,7.2,5.1,6.1,0.4387332908975175,0.6078930617441121,0.14306174411203054,0.3965626989178867,Q2,0
County_1767,NY,4.9,3.3,6.4,0.24188415022278803,0.2686187141947804,0.1717059197963081,0.22740292807129217,Q1_LeastVulnerable,0
County_1768,MA,11.8,5.6,12.6,0.7517504774029281,0.6920751113940166,0.8526416295353278,0.7654890727774242,Q4_MostVulnerable,1
County_1769,MI,21.9,10.2,17.2,0.9933163590070019,0.9937937619350732,0.9931572246976448,0.9934224485465734,Q4_MostVulnerable,1
County_1770,LA,5.9,3.6,7.9,0.32511139401655,0.3217695735200509,0.33131763208147674,0.3260661998726926,Q2,0
County_1771,FL,12.7,5.8,9.1,0.7969446212603437,0.7245385105028644,0.47374283895607894,0.6650753235730957,Q3,0
County_1772,KY,13.6,5.2,10.4,0.838319541693189,0.6247612985359644,0.6325588796944621,0.6985465733078718,Q3,0
County_1773,MS,4.8,4.1,6.4,0.23424570337364736,0.41263526416295354,0.1717059197963081,0.2728622957776364,Q1_LeastVulnerable,0
County_1774,MS,2.5,3.3,6.8,0.07829408020369191,0.2686187141947804,0.2145130490133673,0.18714194780394655,Q1_LeastVulnerable,0
County_1775,PA,5.2,4.9,11.0,0.26718650541056654,0.5724061107574793,0.707511139401655,0.515701251856567,Q3,0
County_1776,IA,10.5,4.3,8.9,0.6745703373647358,0.45401018459579884,0.45019096117122853,0.5262571610439211,Q3,0
County_1777,OH,8.1,3.7,7.0,0.5103437301082113,0.3392743475493316,0.23313176320814769,0.36091661362189686,Q2,0
County_1778,MT,6.6,5.2,8.1,0.3835136855506047,0.6247612985359644,0.35534691279439845,0.4545406322936559,Q2,0
County_1779,WA,4.2,3.6,9.1,0.19478039465308722,0.3217695735200509,0.47374283895607894,0.3300976023764057,Q2,0
County_1780,KY,4.4,2.0,4.3,0.20910248249522598,0.10232336091661362,0.045671546785486954,0.11903246339910885,Q1_LeastVulnerable,0
County_1781,TX,10.2,7.0,13.0,0.6549968173138129,0.8682367918523234,0.8779439847231063,0.8003925312964141,Q4_MostVulnerable,1
County_1782,TN,6.8,1.5,8.1,0.40388287714831317,0.06253978357733928,0.35534691279439845,0.2739231911733503,Q1_LeastVulnerable,0
County_1783,NY,7.4,5.4,7.3,0.45385105028644174,0.6578612348822406,0.2625716104392107,0.4580946318692976,Q2,0
County_1784,NY,0.3,0.2,2.0,0.0019096117122851686,0.010025461489497135,0.0060471037555697,0.005994058985784002,Q1_LeastVulnerable,0
County_1785,CA,5.4,6.4,9.1,0.28516868236791854,0.8095162316995544,0.47374283895607894,0.5228092510078507,Q3,0
County_1786,WA,15.6,4.3,12.4,0.9048376830044558,0.45401018459579884,0.8384786760025461,0.7324421812009336,Q4_MostVulnerable,1
County_1787,CA,14.8,8.2,12.8,0.8836728198599618,0.9481222151495863,0.8647358370464672,0.8988436240186718,Q4_MostVulnerable,1
County_1788,MO,14.0,6.1,10.2,0.8559834500318269,0.7705283259070655,0.6120305537873966,0.7461807765754297,Q4_MostVulnerable,1
County_1789,IN,13.3,5.5,11.0,0.8209739019732655,0.6744112030553787,0.707511139401655,0.734298748143433,Q4_MostVulnerable,1
County_1790,LA,8.4,4.8,8.2,0.534213876511776,0.5514003819223424,0.3663271801400382,0.4839804795247189,Q2,0
County_1791,NJ,13.8,7.1,11.7,0.8465945257797581,0.8771483131763208,0.7824633991088479,0.8354020793549756,Q4_MostVulnerable,1
County_1792,UT,5.0,2.2,6.2,0.24920432845321452,0.1223742838956079,0.1522915340547422,0.17462338213452153,Q1_LeastVulnerable,0
County_1793,MA,14.7,5.2,9.3,0.8814449395289624,0.6247612985359644,0.4990451941438574,0.6684171440695947,Q3,0
County_1794,WI,5.7,4.7,13.3,0.30919796308084024,0.5316677275620624,0.8949713558243158,0.5786123488224061,Q3,0
County_1795,NV,12.9,3.3,8.7,0.8041056651814131,0.2686187141947804,0.4252068746021642,0.4993104179927859,Q3,0
County_1796,CO,11.5,4.6,11.1,0.7342457033736474,0.5119350732017823,0.7211966900063653,0.6557924888605983,Q3,0
County_1797,CT,7.4,8.8,5.2,0.45385105028644174,0.9704010184595799,0.08020369191597708,0.5014852535539995,Q3,0
County_1798,OH,0.8,0.8,1.4,0.009548058561425843,0.023870146403564607,0.0019096117122851686,0.011775938892425205,Q1_LeastVulnerable,0
County_1799,CA,17.1,8.9,13.8,0.9484404837683005,0.973901973265436,0.9186823679185232,0.9470082749840866,Q4_MostVulnerable,1
County_1800,MI,10.9,4.4,10.8,0.7000318268618714,0.47422024188415024,0.683004455760662,0.6190855081688945,Q3,0
County_1801,CO,8.2,5.2,11.6,0.5181413112667091,0.6247612985359644,0.77466581795035,0.6391894759176745,Q3,0
County_1802,ME,9.6,5.9,10.6,0.617600254614895,0.7418841502227881,0.6573838319541693,0.6722894122639508,Q3,0
County_1803,OR,2.1,4.3,5.7,0.059516231699554424,0.45401018459579884,0.11187141947803947,0.20846594525779757,Q1_LeastVulnerable,0
County_1804,MA,4.4,3.0,5.3,0.20910248249522598,0.22469764481222151,0.08625079567154678,0.17335030765966475,Q1_LeastVulnerable,0
County_1805,CO,14.7,9.4,15.3,0.8814449395289624,0.9840865690642903,0.9648313176320815,0.9434542754084448,Q4_MostVulnerable,1
County_1806,GA,17.1,6.3,15.4,0.9484404837683005,0.7969446212603437,0.9676957352005092,0.9043602800763845,Q4_MostVulnerable,1
County_1807,KS,3.7,3.5,4.3,0.1532463399108848,0.30394653087205603,0.045671546785486954,0.16762147252280923,Q1_LeastVulnerable,0
County_1808,CA,9.6,5.2,9.9,0.617600254614895,0.6247612985359644,0.5786123488224061,0.6069913006577551,Q3,0
County_1809,NE,8.6,2.9,9.6,0.5488542329726289,0.20926161680458308,0.5383513685550605,0.43215573944409086,Q2,0
County_1810,NJ,12.8,5.4,10.7,0.8009229789942711,0.6578612348822406,0.6691597708465945,0.7093146615743687,Q4_MostVulnerable,1
County_1811,CA,6.3,4.1,9.7,0.35709739019732656,0.41263526416295354,0.5517186505410566,0.4404837683004456,Q2,0
County_1812,KY,12.3,5.1,12.8,0.777689369828135,0.6078930617441121,0.8647358370464672,0.7501060895395715,Q4_MostVulnerable,1
County_1813,LA,13.5,9.7,11.4,0.8329089751750477,0.9882240611075748,0.7522278803309994,0.8577869722045405,Q4_MostVulnerable,1
County_1814,IN,8.0,3.2,8.5,0.5028644175684277,0.25302355187778486,0.39942711648631446,0.38510502864417573,Q2,0
County_1815,MO,12.5,7.5,14.3,0.7862826225334182,0.9127943984723106,0.9352323360916613,0.8781031190324633,Q4_MostVulnerable,1
County_1816,IA,4.5,4.6,9.1,0.21530872056015277,0.5119350732017823,0.47374283895607894,0.4003288775726714,Q2,0
County_1817,LA,14.2,6.2,12.2,0.8636218968809676,0.7835773392743476,0.8249522597071929,0.824050498620836,Q4_MostVulnerable,1
County_1818,SC,2.7,1.5,3.1,0.09070655633354552,0.06253978357733928,0.01639083386378103,0.056545724591555276,Q1_LeastVulnerable,0
County_1819,CO,14.0,5.1,12.7,0.8559834500318269,0.6078930617441121,0.8580521960534692,0.773976235943136,Q4_MostVulnerable,1
County_1820,NM,14.1,5.4,13.4,0.8599618077657543,0.6578612348822406,0.9005410566518142,0.8061213664332696,Q4_MostVulnerable,1
County_1821,MN,10.5,2.5,4.7,0.6745703373647358,0.1581795035009548,0.058243157224697646,0.2969976660301294,Q2,0
County_1822,IL,7.9,2.9,9.5,0.4949077021005729,0.20926161680458308,0.5264162953532782,0.4101952047528114,Q2,0
County_1823,OK,5.5,1.4,6.9,0.2936028007638447,0.055856142584341184,0.22294716740929343,0.19080203691915978,Q1_LeastVulnerable,0
County_1824,MO,12.3,7.7,10.7,0.777689369828135,0.9250477402928071,0.6691597708465945,0.7906322936558455,Q4_MostVulnerable,1
County_1825,MI,1.8,3.5,4.1,0.045035009548058565,0.30394653087205603,0.03962444302991725,0.1295353278166773,Q1_LeastVulnerable,0
County_1826,NC,5.4,4.8,7.4,0.28516868236791854,0.5514003819223424,0.2737110120942075,0.3700933587948228,Q2,0
County_1827,SC,11.2,6.3,13.4,0.7176957352005092,0.7969446212603437,0.9005410566518142,0.8050604710375557,Q4_MostVulnerable,1
County_1828,WV,5.7,4.0,7.0,0.30919796308084024,0.39449395289624445,0.23313176320814769,0.3122745597284108,Q2,0
County_1829,NY,6.4,6.1,10.1,0.3647358370464672,0.7705283259070655,0.6020050922978994,0.5790897517504774,Q3,0
County_1830,TX,8.8,3.7,7.8,0.5614258434118395,0.3392743475493316,0.31954169318905157,0.4067472947167409,Q2,0
County_1831,AL,8.3,4.7,10.7,0.5256206238064927,0.5316677275620624,0.6691597708465945,0.5754827074050498,Q3,0
County_1832,MS,2.6,3.9,6.3,0.08402291534054743,0.3771483131763208,0.16152132399745386,0.2075641841714407,Q1_LeastVulnerable,0
County_1833,FL,7.0,2.1,9.2,0.42218332272437936,0.11171228516868237,0.4856779121578612,0.3398578400169743,Q2,0
County_1834,CA,10.0,9.6,10.0,0.6419478039465308,0.9866327180140039,0.5910248249522597,0.7398684489709315,Q4_MostVulnerable,1
County_1835,MS,12.9,5.9,12.7,0.8041056651814131,0.7418841502227881,0.8580521960534692,0.8013473371525568,Q4_MostVulnerable,1
County_1836,OR,16.2,7.1,8.0,0.9239338001273074,0.8771483131763208,0.343093570973902,0.7147252280925102,Q4_MostVulnerable,1
County_1837,LA,10.9,7.1,7.6,0.7000318268618714,0.8771483131763208,0.2980585614258434,0.6250795671546786,Q3,0
County_1838,NC,0.9,3.6,6.3,0.011775938892425206,0.3217695735200509,0.16152132399745386,0.16502227880331,Q1_LeastVulnerable,0
County_1839,MI,20.4,8.2,11.1,0.9882240611075748,0.9481222151495863,0.7211966900063653,0.8858476554211755,Q4_MostVulnerable,1
County_1840,ME,11.3,5.6,9.6,0.7232654360280076,0.6920751113940166,0.5383513685550605,0.6512306386590282,Q3,0
County_1841,IL,6.4,1.7,8.1,0.3647358370464672,0.07670273711012095,0.35534691279439845,0.26559516231699554,Q1_LeastVulnerable,0
County_1842,KY,7.2,3.3,6.9,0.4387332908975175,0.2686187141947804,0.22294716740929343,0.3100997241671971,Q2,0
County_1843,IA,10.4,5.9,8.8,0.6685232336091661,0.7418841502227881,0.4377784850413749,0.6160619562911097,Q3,0
County_1844,NY,4.1,3.9,7.6,0.1839592616168046,0.3771483131763208,0.2980585614258434,0.2863887120729896,Q1_LeastVulnerable,0
County_1845,CA,3.6,4.9,8.8,0.1465626989178867,0.5724061107574793,0.4377784850413749,0.3855824315722469,Q2,0
County_1846,CA,7.8,4.2,7.0,0.4859961807765754,0.4328453214513049,0.23313176320814769,0.38399108847867597,Q2,0
County_1847,NC,20.6,6.1,14.1,0.9896562698917887,0.7705283259070655,0.928230426479949,0.8961383407596011,Q4_MostVulnerable,1
County_1848,MO,12.1,7.2,9.6,0.7689369828134945,0.8887651177593889,0.5383513685550605,0.7320178230426478,Q4_MostVulnerable,1
County_1849,LA,3.8,5.3,2.0,0.16008911521323999,0.6411521323997453,0.0060471037555697,0.2690961171228517,Q1_LeastVulnerable,0
County_1850,CO,0.4,3.5,5.5,0.003500954805856143,0.30394653087205603,0.098026734563972,0.13515807341396138,Q1_LeastVulnerable,0
County_1851,LA,3.5,2.8,8.6,0.14035646085295989,0.19462126034373012,0.41215786123488224,0.2490451941438574,Q1_LeastVulnerable,0
County_1852,RI,10.0,6.6,12.0,0.6419478039465308,0.8302036919159771,0.8087205601527689,0.7602906853384256,Q4_MostVulnerable,1
County_1853,TX,6.2,9.0,6.4,0.3475493316359007,0.9759707192870783,0.1717059197963081,0.498408656906429,Q3,0
County_1854,OH,13.8,6.3,9.4,0.8465945257797581,0.7969446212603437,0.5135264162953532,0.7190218544451517,Q4_MostVulnerable,1
County_1855,CA,4.2,1.3,7.2,0.19478039465308722,0.050127307447485676,0.25302355187778486,0.16597708465945257,Q1_LeastVulnerable,0
County_1856,NC,7.6,3.4,10.5,0.4711966900063654,0.28580521960534694,0.6451304901336729,0.4673774665817951,Q2,0
County_1857,GA,15.2,7.5,12.9,0.8941756842775302,0.9127943984723106,0.8715786123488224,0.8928495650328877,Q4_MostVulnerable,1
County_1858,IL,4.1,0.8,7.6,0.1839592616168046,0.023870146403564607,0.2980585614258434,0.16862932314873755,Q1_LeastVulnerable,0
County_1859,DE,5.4,3.9,10.0,0.28516868236791854,0.3771483131763208,0.5910248249522597,0.41778060683216633,Q2,0
County_1860,PA,7.4,4.8,7.2,0.45385105028644174,0.5514003819223424,0.25302355187778486,0.419424994695523,Q2,0
County_1861,NY,9.5,7.2,9.3,0.6120305537873966,0.8887651177593889,0.4990451941438574,0.6666136218968809,Q3,0
County_1862,NM,7.9,6.3,12.2,0.4949077021005729,0.7969446212603437,0.8249522597071929,0.7056015276893698,Q3,0
County_1863,NC,1.9,3.9,5.5,0.050127307447485676,0.3771483131763208,0.098026734563972,0.17510078506259283,Q1_LeastVulnerable,0
County_1864,GA,4.0,0.0,4.5,0.17457033736473584,0.004455760661998727,0.051559516231699555,0.07686187141947805,Q1_LeastVulnerable,0
County_1865,MD,6.6,5.4,7.0,0.3835136855506047,0.6578612348822406,0.23313176320814769,0.42483556121366434,Q2,0
County_1866,NY,6.2,4.9,6.2,0.3475493316359007,0.5724061107574793,0.1522915340547422,0.3574156588160407,Q2,0
County_1867,NY,14.6,6.8,13.0,0.8776257161043921,0.8486632718014003,0.8779439847231063,0.8680776575429663,Q4_MostVulnerable,1
County_1868,RI,17.3,4.6,11.8,0.952577975811585,0.5119350732017823,0.7921705919796308,0.7522278803309993,Q4_MostVulnerable,1
County_1869,IL,15.3,5.4,13.2,0.897040101845958,0.6578612348822406,0.8886059834500318,0.8145024400594102,Q4_MostVulnerable,1
County_1870,PA,3.7,1.4,5.4,0.1532463399108848,0.055856142584341184,0.0918204964990452,0.10030765966475706,Q1_LeastVulnerable,0
County_1871,MD,16.0,3.8,8.8,0.9177275620623806,0.3582113303628262,0.4377784850413749,0.5712391258221939,Q3,0
County_1872,NC,9.0,4.7,10.1,0.5749522597071929,0.5316677275620624,0.6020050922978994,0.5695416931890516,Q3,0
County_1873,MA,6.1,2.6,8.3,0.33800127307447486,0.16931890515595163,0.37619350732017826,0.2945045618502016,Q2,0
County_1874,WA,7.8,8.3,10.0,0.4859961807765754,0.9524188415022279,0.5910248249522597,0.676479949077021,Q3,0
County_1875,CO,10.5,4.9,8.9,0.6745703373647358,0.5724061107574793,0.45019096117122853,0.5657224697644812,Q3,0
County_1876,NC,16.3,8.8,11.6,0.9269573520050923,0.9704010184595799,0.77466581795035,0.8906747294716743,Q4_MostVulnerable,1
County_1877,MT,12.3,3.3,12.0,0.777689369828135,0.2686187141947804,0.8087205601527689,0.6183428813918947,Q3,0
County_1878,CO,0.8,1.4,8.4,0.009548058561425843,0.055856142584341184,0.38749204328453213,0.15096541481009973,Q1_LeastVulnerable,0
County_1879,CA,17.5,7.4,13.8,0.9567154678548695,0.9061107574793126,0.9186823679185232,0.927169531084235,Q4_MostVulnerable,1
County_1880,SC,1.4,1.1,6.6,0.02816677275620624,0.03739656269891789,0.19080203691915978,0.0854551241247613,Q1_LeastVulnerable,0
County_1881,CO,10.9,4.6,9.8,0.7000318268618714,0.5119350732017823,0.5658816040738384,0.5926161680458307,Q3,0
County_1882,CO,13.3,5.7,8.6,0.8209739019732655,0.7092616168045831,0.41215786123488224,0.6474644600042435,Q3,0
County_1883,WV,12.5,5.4,13.2,0.7862826225334182,0.6578612348822406,0.8886059834500318,0.7775832802885635,Q4_MostVulnerable,1
County_1884,OH,2.7,5.6,8.1,0.09070655633354552,0.6920751113940166,0.35534691279439845,0.37937619350732016,Q2,0
County_1885,GA,14.1,6.8,13.5,0.8599618077657543,0.8486632718014003,0.9048376830044558,0.8711542541905368,Q4_MostVulnerable,1
County_1886,NV,10.1,5.8,9.7,0.6484723106301719,0.7245385105028644,0.5517186505410566,0.6415764905580309,Q3,0
County_1887,MS,5.8,4.6,9.1,0.3166772756206238,0.5119350732017823,0.47374283895607894,0.4341183959261617,Q2,0
County_1888,TN,4.5,4.3,9.1,0.21530872056015277,0.45401018459579884,0.47374283895607894,0.38102058137067685,Q2,0
County_1889,OK,10.2,4.9,13.3,0.6549968173138129,0.5724061107574793,0.8949713558243158,0.7074580946318694,Q3,0
County_1890,TN,10.8,4.7,12.4,0.6917568427753024,0.5316677275620624,0.8384786760025461,0.6873010821133035,Q3,0
County_1891,FL,2.6,3.0,6.4,0.08402291534054743,0.22469764481222151,0.1717059197963081,0.1601421599830257,Q1_LeastVulnerable,0
County_1892,NY,11.1,7.1,7.9,0.7122851686823679,0.8771483131763208,0.33131763208147674,0.6402503713133885,Q3,0
County_1893,AR,13.4,7.7,12.0,0.8271801400381922,0.9250477402928071,0.8087205601527689,0.8536494801612561,Q4_MostVulnerable,1
County_1894,CA,2.3,2.3,6.7,0.06795035009548059,0.13319541693189052,0.20321451304901336,0.1347867600254615,Q1_LeastVulnerable,0
County_1895,OH,12.5,6.9,12.7,0.7862826225334182,0.8590070019096118,0.8580521960534692,0.834447273498833,Q4_MostVulnerable,1
County_1896,AZ,13.9,5.9,14.7,0.8515276893698281,0.7418841502227881,0.9500318268618714,0.8478145554848292,Q4_MostVulnerable,1
County_1897,NE,6.0,3.8,7.8,0.33195416931890515,0.3582113303628262,0.31954169318905157,0.336569064290261,Q2,0
County_1898,TN,19.2,7.0,18.8,0.9778803309993634,0.8682367918523234,0.998408656906429,0.9481752599193719,Q4_MostVulnerable,1
County_1899,KY,4.6,3.1,3.8,0.22135582431572248,0.23949713558243158,0.03166772756206238,0.1641735624867388,Q1_LeastVulnerable,0
County_1900,AR,6.2,5.9,8.9,0.3475493316359007,0.7418841502227881,0.45019096117122853,0.5132081476766391,Q3,0
County_1901,OH,4.7,3.5,5.7,0.22756206238064927,0.30394653087205603,0.11187141947803947,0.21446000424358158,Q1_LeastVulnerable,0
County_1902,VA,17.7,7.5,10.0,0.9605346912794398,0.9127943984723106,0.5910248249522597,0.8214513049013368,Q4_MostVulnerable,1
County_1903,OH,7.0,1.9,8.1,0.42218332272437936,0.09245703373647358,0.35534691279439845,0.2899957564184171,Q2,0
County_1904,MT,6.4,3.5,5.3,0.3647358370464672,0.30394653087205603,0.08625079567154678,0.2516443878633567,Q1_LeastVulnerable,0
County_1905,FL,3.9,2.8,6.6,0.16709102482495225,0.19462126034373012,0.19080203691915978,0.18417144069594737,Q1_LeastVulnerable,0
County_1906,AL,16.1,5.6,13.1,0.9204328453214513,0.6920751113940166,0.8838319541693189,0.8321133036282623,Q4_MostVulnerable,1
County_1907,OH,4.7,3.4,9.6,0.22756206238064927,0.28580521960534694,0.5383513685550605,0.3505728835136856,Q2,0
County_1908,FL,5.2,2.9,4.6,0.26718650541056654,0.20926161680458308,0.0549013367281986,0.17711648631444943,Q1_LeastVulnerable,0
County_1909,TX,1.2,2.5,7.4,0.019255251432208784,0.1581795035009548,0.2737110120942075,0.15038192234245704,Q1_LeastVulnerable,0
County_1910,MI,4.9,3.6,7.6,0.24188415022278803,0.3217695735200509,0.2980585614258434,0.2872374283895608,Q1_LeastVulnerable,0
County_1911,MS,2.5,1.3,8.3,0.07829408020369191,0.050127307447485676,0.37619350732017826,0.16820496499045193,Q1_LeastVulnerable,0
County_1912,PA,7.6,3.7,8.0,0.4711966900063654,0.3392743475493316,0.343093570973902,0.384521536176533,Q2,0
County_1913,PA,12.0,5.7,8.4,0.7627307447485678,0.7092616168045831,0.38749204328453213,0.6198281349458944,Q3,0
County_1914,NY,5.7,5.5,5.4,0.30919796308084024,0.6744112030553787,0.0918204964990452,0.3584765542117547,Q2,0
County_1915,VA,6.2,4.3,5.5,0.3475493316359007,0.45401018459579884,0.098026734563972,0.2998620835985572,Q2,0
County_1916,WI,3.2,2.0,7.6,0.11950986632718014,0.10232336091661362,0.2980585614258434,0.17329726288987904,Q1_LeastVulnerable,0
County_1917,WA,17.7,7.9,16.8,0.9605346912794398,0.936187141947804,0.9899745385105029,0.9622321239125822,Q4_MostVulnerable,1
County_1918,TN,15.8,9.3,11.8,0.9119987269255252,0.9823360916613622,0.7921705919796308,0.8955018035221727,Q4_MostVulnerable,1
County_1919,OH,12.3,7.1,12.4,0.777689369828135,0.8771483131763208,0.8384786760025461,0.831105453002334,Q4_MostVulnerable,1
County_1920,NC,11.8,6.4,7.8,0.7517504774029281,0.8095162316995544,0.31954169318905157,0.6269361340971781,Q3,0
County_1921,CA,3.3,4.1,7.0,0.12842138765117758,0.41263526416295354,0.23313176320814769,0.25806280500742623,Q1_LeastVulnerable,0
County_1922,HI,10.4,7.3,11.5,0.6685232336091661,0.8992679821769574,0.7649586250795671,0.7775832802885635,Q4_MostVulnerable,1
County_1923,AL,9.9,6.6,7.0,0.6360598345003182,0.8302036919159771,0.23313176320814769,0.566465096541481,Q3,0
County_1924,CO,10.8,6.1,10.0,0.6917568427753024,0.7705283259070655,0.5910248249522597,0.6844366645448758,Q3,0
County_1925,MD,1.0,3.9,6.9,0.01336728198599618,0.3771483131763208,0.22294716740929343,0.20448758752387017,Q1_LeastVulnerable,0
County_1926,CO,4.9,1.8,1.6,0.24188415022278803,0.08338637810311904,0.003500954805856143,0.10959049437725442,Q1_LeastVulnerable,0
County_1927,TX,3.2,0.7,9.3,0.11950986632718014,0.021005728835136857,0.4990451941438574,0.21318692976872478,Q1_LeastVulnerable,0
County_1928,SC,4.7,3.6,8.0,0.22756206238064927,0.3217695735200509,0.343093570973902,0.2974750689582007,Q2,0
County_1929,CA,5.8,3.8,9.3,0.3166772756206238,0.3582113303628262,0.4990451941438574,0.3913112667091025,Q2,0
County_1930,GA,8.4,3.7,8.4,0.534213876511776,0.3392743475493316,0.38749204328453213,0.42032675578187995,Q2,0
County_1931,SD,10.5,6.4,6.8,0.6745703373647358,0.8095162316995544,0.2145130490133673,0.5661998726925526,Q3,0
County_1932,SC,15.7,3.9,13.9,0.9081795035009548,0.3771483131763208,0.9218650541056652,0.735730956927647,Q4_MostVulnerable,1
County_1933,WA,4.1,2.4,6.9,0.1839592616168046,0.14528962444302992,0.22294716740929343,0.18406535115637598,Q1_LeastVulnerable,0
County_1934,WY,12.1,4.9,11.1,0.7689369828134945,0.5724061107574793,0.7211966900063653,0.6875132611924464,Q3,0
County_1935,WV,8.1,2.0,11.2,0.5103437301082113,0.10232336091661362,0.7313812858052197,0.44801612561001486,Q2,0
County_1936,LA,1.4,4.7,7.2,0.02816677275620624,0.5316677275620624,0.25302355187778486,0.27095268406535117,Q1_LeastVulnerable,0
County_1937,GA,8.9,2.6,13.3,0.5682686187141948,0.16931890515595163,0.8949713558243158,0.5441862932314874,Q3,0
County_1938,PA,15.0,5.6,12.8,0.8887651177593889,0.6920751113940166,0.8647358370464672,0.8151920220666242,Q4_MostVulnerable,1
County_1939,IL,14.6,7.7,10.9,0.8776257161043921,0.9250477402928071,0.6950986632718014,0.8325907065563335,Q4_MostVulnerable,1
County_1940,SC,6.6,4.9,7.9,0.3835136855506047,0.5724061107574793,0.33131763208147674,0.4290791427965202,Q2,0
County_1941,MS,7.6,2.6,9.6,0.4711966900063654,0.16931890515595163,0.5383513685550605,0.39295565457245923,Q2,0
County_1942,SC,12.0,6.6,13.0,0.7627307447485678,0.8302036919159771,0.8779439847231063,0.8236261404625504,Q4_MostVulnerable,1
County_1943,ID,10.9,5.7,7.5,0.7000318268618714,0.7092616168045831,0.285964353914704,0.5650859325270529,Q3,0
County_1944,MN,9.1,8.2,9.6,0.5819541693189052,0.9481222151495863,0.5383513685550605,0.6894759176745172,Q3,0
County_1945,MO,5.6,4.3,11.0,0.3020369191597708,0.45401018459579884,0.707511139401655,0.48785274771907483,Q2,0
County_1946,VA,13.6,5.9,11.3,0.838319541693189,0.7418841502227881,0.7404519414385742,0.7735518777848505,Q4_MostVulnerable,1
County_1947,GA,5.4,2.3,9.6,0.28516868236791854,0.13319541693189052,0.5383513685550605,0.31890515595162316,Q2,0
County_1948,VA,13.3,4.9,12.6,0.8209739019732655,0.5724061107574793,0.8526416295353278,0.7486738807553576,Q4_MostVulnerable,1
County_1949,SC,3.3,1.8,8.6,0.12842138765117758,0.08338637810311904,0.41215786123488224,0.2079885423297263,Q1_LeastVulnerable,0
County_1950,OK,11.3,7.4,9.0,0.7232654360280076,0.9061107574793126,0.4619669000636537,0.6971143645236579,Q3,0
County_1951,PA,3.2,3.0,5.0,0.11950986632718014,0.22469764481222151,0.06954169318905155,0.13791640144281772,Q1_LeastVulnerable,0
County_1952,NJ,12.8,6.7,11.5,0.8009229789942711,0.83991088478676,0.7649586250795671,0.8019308296201993,Q4_MostVulnerable,1
County_1953,GA,15.8,9.0,9.9,0.9119987269255252,0.9759707192870783,0.5786123488224061,0.8221939316783365,Q4_MostVulnerable,1
County_1954,CT,8.2,0.9,8.6,0.5181413112667091,0.027530235518777847,0.41215786123488224,0.3192764693401231,Q2,0
County_1955,TX,11.0,7.2,11.0,0.7067154678548695,0.8887651177593889,0.707511139401655,0.7676639083386378,Q4_MostVulnerable,1
County_1956,OK,15.1,6.6,16.1,0.8913112667091024,0.8302036919159771,0.982176957352005,0.9012306386590282,Q4_MostVulnerable,1
County_1957,FL,14.2,6.9,12.9,0.8636218968809676,0.8590070019096118,0.8715786123488224,0.8647358370464673,Q4_MostVulnerable,1
County_1958,NM,4.7,2.2,8.6,0.22756206238064927,0.1223742838956079,0.41215786123488224,0.25403140250371314,Q1_LeastVulnerable,0
County_1959,MA,6.7,2.9,10.7,0.39417568427753025,0.20926161680458308,0.6691597708465945,0.42419902397623593,Q2,0
County_1960,CO,16.9,7.8,11.5,0.9433481858688734,0.9310948440483768,0.7649586250795671,0.8798005516656059,Q4_MostVulnerable,1
County_1961,MS,7.8,7.9,8.6,0.4859961807765754,0.936187141947804,0.41215786123488224,0.6114470613197539,Q3,0
County_1962,ID,11.0,6.8,15.3,0.7067154678548695,0.8486632718014003,0.9648313176320815,0.8400700190961171,Q4_MostVulnerable,1
County_1963,CA,6.0,5.7,7.8,0.33195416931890515,0.7092616168045831,0.31954169318905157,0.4535858264375133,Q2,0
County_1964,MI,8.4,4.2,11.4,0.534213876511776,0.4328453214513049,0.7522278803309994,0.5730956927646934,Q3,0
County_1965,NV,17.5,6.4,15.7,0.9567154678548695,0.8095162316995544,0.9756524506683641,0.913961383407596,Q4_MostVulnerable,1
County_1966,CA,6.6,2.8,5.3,0.3835136855506047,0.19462126034373012,0.08625079567154678,0.22146191385529387,Q1_LeastVulnerable,0
County_1967,KY,8.2,3.7,9.7,0.5181413112667091,0.3392743475493316,0.5517186505410566,0.4697114364523658,Q2,0
County_1968,GA,7.1,1.0,8.8,0.43014003819223423,0.03214513049013367,0.4377784850413749,0.30002121790791425,Q2,0
County_1969,AZ,13.5,5.0,12.4,0.8329089751750477,0.5911839592616168,0.8384786760025461,0.7541905368130702,Q4_MostVulnerable,1
County_1970,CA,10.2,4.2,8.6,0.6549968173138129,0.4328453214513049,0.41215786123488224,0.5,Q3,0
County_1971,CO,5.7,3.4,5.6,0.30919796308084024,0.28580521960534694,0.10471037555697009,0.2332378527477191,Q1_LeastVulnerable,0
County_1972,CO,2.1,2.8,5.1,0.059516231699554424,0.19462126034373012,0.07447485677912158,0.10953744960746871,Q1_LeastVulnerable,0
County_1973,SC,8.6,5.1,9.1,0.5488542329726289,0.6078930617441121,0.47374283895607894,0.5434967112242733,Q3,0
County_1974,MD,12.7,5.8,13.7,0.7969446212603437,0.7245385105028644,0.9143857415658816,0.8119562911096967,Q4_MostVulnerable,1
County_1975,CO,7.6,3.4,12.5,0.4711966900063654,0.28580521960534694,0.8467536600891152,0.5345851899002758,Q3,0
County_1976,CA,11.0,2.4,13.3,0.7067154678548695,0.14528962444302992,0.8949713558243158,0.582325482707405,Q3,0
County_1977,IL,8.1,3.6,10.8,0.5103437301082113,0.3217695735200509,0.683004455760662,0.5050392531296414,Q3,0
County_1978,SC,12.0,4.2,9.0,0.7627307447485678,0.4328453214513049,0.4619669000636537,0.5525143220878421,Q3,0
County_1979,KS,13.9,6.9,11.1,0.8515276893698281,0.8590070019096118,0.7211966900063653,0.8105771270952684,Q4_MostVulnerable,1
County_1980,CO,1.6,3.8,6.2,0.03516868236791852,0.3582113303628262,0.1522915340547422,0.1818905155951623,Q1_LeastVulnerable,0
County_1981,KY,6.7,5.4,7.1,0.39417568427753025,0.6578612348822406,0.2437937619350732,0.43194356036494796,Q2,0
County_1982,MO,6.8,5.2,9.6,0.40388287714831317,0.6247612985359644,0.5383513685550605,0.5223318480797794,Q3,0
County_1983,AZ,7.8,4.1,10.3,0.4859961807765754,0.41263526416295354,0.6222151495862508,0.5069488648419266,Q3,0
County_1984,NY,4.2,2.5,8.2,0.19478039465308722,0.1581795035009548,0.3663271801400382,0.23976235943136007,Q1_LeastVulnerable,0
County_1985,KY,9.9,3.8,12.0,0.6360598345003182,0.3582113303628262,0.8087205601527689,0.6009972416719711,Q3,0
County_1986,AL,5.1,1.3,5.7,0.25732017823042647,0.050127307447485676,0.11187141947803947,0.1397729683853172,Q1_LeastVulnerable,0
County_1987,NC,8.5,6.1,11.1,0.5423297262889879,0.7705283259070655,0.7211966900063653,0.6780182474008063,Q3,0
County_1988,OH,7.5,4.0,7.4,0.4619669000636537,0.39449395289624445,0.2737110120942075,0.37672395501803524,Q2,0
County_1989,NY,3.5,1.2,4.9,0.14035646085295989,0.043602800763844686,0.06572246976448122,0.08322724379376194,Q1_LeastVulnerable,0
County_1990,IN,6.2,2.6,9.2,0.3475493316359007,0.16931890515595163,0.4856779121578612,0.33418204964990456,Q2,0
County_1991,MS,12.0,4.3,13.4,0.7627307447485678,0.45401018459579884,0.9005410566518142,0.705760661998727,Q3,0
County_1992,KY,5.4,3.7,8.7,0.28516868236791854,0.3392743475493316,0.4252068746021642,0.34988330150647146,Q2,0
County_1993,OH,10.3,6.7,10.2,0.6618395926161681,0.83991088478676,0.6120305537873966,0.7045936770634417,Q3,0
County_1994,NE,8.3,4.0,9.8,0.5256206238064927,0.39449395289624445,0.5658816040738384,0.4953320602588585,Q3,0
County_1995,CA,1.6,0.0,6.1,0.03516868236791852,0.004455760661998727,0.14306174411203054,0.06089539571398259,Q1_LeastVulnerable,0
County_1996,NY,1.9,2.3,3.7,0.050127307447485676,0.13319541693189052,0.02928071292170592,0.07086781243369404,Q1_LeastVulnerable,0
County_1997,OH,3.4,2.8,4.2,0.13542329726288987,0.19462126034373012,0.0429662635264163,0.12433694037767877,Q1_LeastVulnerable,0
County_1998,KS,3.1,2.6,6.4,0.11298535964353915,0.16931890515595163,0.1717059197963081,0.15133672819859964,Q1_LeastVulnerable,0
County_1999,TX,22.1,7.7,16.2,0.9941120305537874,0.9250477402928071,0.9837683004455761,0.9676426904307235,Q4_MostVulnerable,1
County_2000,TN,11.5,5.8,10.8,0.7342457033736474,0.7245385105028644,0.683004455760662,0.7139295565457245,Q4_MostVulnerable,1
County_2001,CO,6.9,4.2,9.8,0.4135900700190961,0.4328453214513049,0.5658816040738384,0.4707723318480798,Q2,0
County_2002,TX,7.1,4.1,8.1,0.43014003819223423,0.41263526416295354,0.35534691279439845,0.3993740717165288,Q2,0
County_2003,MD,6.1,4.5,9.2,0.33800127307447486,0.49267982176957353,0.4856779121578612,0.4387863356673032,Q2,0
County_2004,OK,12.6,5.1,11.0,0.7915340547422024,0.6078930617441121,0.707511139401655,0.7023127519626565,Q3,0
County_2005,SD,5.6,3.0,11.5,0.3020369191597708,0.22469764481222151,0.7649586250795671,0.43056439635051985,Q2,0
County_2006,MN,7.3,6.3,8.8,0.4473265436028008,0.7969446212603437,0.4377784850413749,0.5606832166348398,Q3,0
County_2007,KY,11.9,6.4,15.6,0.7568427753023552,0.8095162316995544,0.9734245703373647,0.846594525779758,Q4_MostVulnerable,1
County_2008,VT,6.6,5.2,9.0,0.3835136855506047,0.6247612985359644,0.4619669000636537,0.4900806280500743,Q3,0
County_2009,FL,2.3,4.5,5.7,0.06795035009548059,0.49267982176957353,0.11187141947803947,0.22416719711436453,Q1_LeastVulnerable,0
County_2010,GA,16.5,7.7,11.5,0.9334818586887333,0.9250477402928071,0.7649586250795671,0.8744960746870358,Q4_MostVulnerable,1
County_2011,KS,9.1,6.1,6.7,0.5819541693189052,0.7705283259070655,0.20321451304901336,0.5185656694249946,Q3,0
County_2012,TX,11.6,3.1,8.8,0.7396562698917887,0.23949713558243158,0.4377784850413749,0.4723106301718651,Q2,0
County_2013,VA,11.5,5.8,9.0,0.7342457033736474,0.7245385105028644,0.4619669000636537,0.6402503713133885,Q3,0
County_2014,FL,12.8,5.6,12.2,0.8009229789942711,0.6920751113940166,0.8249522597071929,0.7726501166984935,Q4_MostVulnerable,1
County_2015,TX,3.7,5.6,5.8,0.1532463399108848,0.6920751113940166,0.11887332908975175,0.32139826013155104,Q2,0
County_2016,GA,2.8,4.2,6.8,0.09723106301718651,0.4328453214513049,0.2145130490133673,0.24819647782728624,Q1_LeastVulnerable,0
County_2017,WA,16.6,6.0,15.9,0.936187141947804,0.7577975811584978,0.9793125397835774,0.8910990876299598,Q4_MostVulnerable,1
County_2018,NV,9.7,5.5,9.7,0.6228516868236792,0.6744112030553787,0.5517186505410566,0.6163271801400382,Q3,0
County_2019,AL,0.2,2.3,9.3,0.000795671546785487,0.13319541693189052,0.4990451941438574,0.21101209420751113,Q1_LeastVulnerable,0
County_2020,AZ,9.7,5.6,7.5,0.6228516868236792,0.6920751113940166,0.285964353914704,0.5336303840441333,Q3,0
County_2021,CO,3.2,1.4,6.3,0.11950986632718014,0.055856142584341184,0.16152132399745386,0.11229577763632508,Q1_LeastVulnerable,0
County_2022,CT,5.2,4.1,6.5,0.26718650541056654,0.41263526416295354,0.18125397835773394,0.287025249310418,Q1_LeastVulnerable,0
County_2023,PA,8.5,4.2,11.1,0.5423297262889879,0.4328453214513049,0.7211966900063653,0.5654572459155527,Q3,0
County_2024,FL,5.5,4.1,3.3,0.2936028007638447,0.41263526416295354,0.019096117122851686,0.24177806068321664,Q1_LeastVulnerable,0
County_2025,WA,16.6,5.9,10.4,0.936187141947804,0.7418841502227881,0.6325588796944621,0.7702100572883515,Q4_MostVulnerable,1
County_2026,NY,2.5,1.9,6.1,0.07829408020369191,0.09245703373647358,0.14306174411203054,0.10460428601739868,Q1_LeastVulnerable,0
County_2027,OH,11.2,7.1,13.7,0.7176957352005092,0.8771483131763208,0.9143857415658816,0.8364099299809039,Q4_MostVulnerable,1
County_2028,FL,8.1,2.9,9.5,0.5103437301082113,0.20926161680458308,0.5264162953532782,0.4153405474220242,Q2,0
County_2029,TX,3.2,1.5,3.9,0.11950986632718014,0.06253978357733928,0.033895607893061744,0.07198175259919372,Q1_LeastVulnerable,0
County_2030,NC,13.4,5.9,9.3,0.8271801400381922,0.7418841502227881,0.4990451941438574,0.689369828134946,Q3,0
County_2031,TX,9.4,3.7,13.0,0.6053469127943985,0.3392743475493316,0.8779439847231063,0.6075217483556121,Q3,0
County_2032,WA,2.2,1.3,4.9,0.06397199236155315,0.050127307447485676,0.06572246976448122,0.05994058985784001,Q1_LeastVulnerable,0
County_2033,CA,11.3,5.5,8.7,0.7232654360280076,0.6744112030553787,0.4252068746021642,0.6076278378951835,Q3,0
County_2034,CA,5.5,1.4,10.7,0.2936028007638447,0.055856142584341184,0.6691597708465945,0.33953957139826013,Q2,0
County_2035,SC,16.1,5.3,15.1,0.9204328453214513,0.6411521323997453,0.9589433481858689,0.8401761086356885,Q4_MostVulnerable,1
County_2036,TX,12.2,8.8,13.7,0.7733927434754934,0.9704010184595799,0.9143857415658816,0.8860598345003184,Q4_MostVulnerable,1
County_2037,NE,9.0,5.4,7.6,0.5749522597071929,0.6578612348822406,0.2980585614258434,0.5102906853384256,Q3,0
County_2038,KS,8.1,3.3,6.0,0.5103437301082113,0.2686187141947804,0.1341502227880331,0.3043708890303416,Q2,0
County_2039,NY,16.3,7.5,13.4,0.9269573520050923,0.9127943984723106,0.9005410566518142,0.913430935709739,Q4_MostVulnerable,1
County_2040,IL,6.6,4.8,9.0,0.3835136855506047,0.5514003819223424,0.4619669000636537,0.46562698917886697,Q2,0
County_2041,GA,1.1,3.8,6.3,0.015276893698281349,0.3582113303628262,0.16152132399745386,0.17833651601952047,Q1_LeastVulnerable,0
County_2042,MI,9.0,4.5,12.5,0.5749522597071929,0.49267982176957353,0.8467536600891152,0.6381285805219605,Q3,0
County_2043,FL,10.7,6.7,6.9,0.6853914704010184,0.83991088478676,0.22294716740929343,0.5827498408656906,Q3,0
County_2044,MI,5.2,0.5,9.3,0.26718650541056654,0.015436028007638446,0.4990451941438574,0.2605559091873541,Q1_LeastVulnerable,0
County_2045,WA,6.2,2.3,5.9,0.3475493316359007,0.13319541693189052,0.12587523870146403,0.20220666242308508,Q1_LeastVulnerable,0
County_2046,TN,8.1,4.7,10.8,0.5103437301082113,0.5316677275620624,0.683004455760662,0.5750053044769786,Q3,0
County_2047,VA,1.3,2.9,4.7,0.0241884150222788,0.20926161680458308,0.058243157224697646,0.09723106301718652,Q1_LeastVulnerable,0
County_2048,SC,14.5,5.0,10.6,0.8738064926798218,0.5911839592616168,0.6573838319541693,0.7074580946318694,Q3,0
County_2049,IA,8.1,4.8,7.8,0.5103437301082113,0.5514003819223424,0.31954169318905157,0.46042860173986844,Q2,0
County_2050,SD,18.6,6.7,11.4,0.9726288987905792,0.83991088478676,0.7522278803309994,0.8549225546361129,Q4_MostVulnerable,1
County_2051,VA,14.1,5.8,12.1,0.8599618077657543,0.7245385105028644,0.8168364099299809,0.8004455760661999,Q4_MostVulnerable,1
County_2052,WA,7.6,5.8,7.3,0.4711966900063654,0.7245385105028644,0.2625716104392107,0.48610227031614683,Q2,0
County_2053,ND,4.2,4.6,8.7,0.19478039465308722,0.5119350732017823,0.4252068746021642,0.3773074474856779,Q2,0
County_2054,FL,10.3,3.6,11.4,0.6618395926161681,0.3217695735200509,0.7522278803309994,0.5786123488224061,Q3,0
County_2055,AR,13.7,4.5,15.2,0.8424570337364736,0.49267982176957353,0.9616486314449395,0.7655951623169956,Q4_MostVulnerable,1
County_2056,CO,3.2,2.3,7.3,0.11950986632718014,0.13319541693189052,0.2625716104392107,0.17175896456609377,Q1_LeastVulnerable,0
County_2057,WA,3.0,2.9,7.6,0.10789306174411203,0.20926161680458308,0.2980585614258434,0.20507107999151283,Q1_LeastVulnerable,0
County_2058,MA,14.9,5.5,15.3,0.8859007001909611,0.6744112030553787,0.9648313176320815,0.8417144069594737,Q4_MostVulnerable,1
County_2059,TN,10.5,6.7,9.0,0.6745703373647358,0.83991088478676,0.4619669000636537,0.6588160407383832,Q3,0
County_2060,MI,9.2,5.3,6.6,0.5902291534054742,0.6411521323997453,0.19080203691915978,0.47406110757479314,Q2,0
County_2061,NC,6.9,4.7,8.8,0.4135900700190961,0.5316677275620624,0.4377784850413749,0.4610120942075111,Q2,0
County_2062,AZ,13.9,4.3,9.1,0.8515276893698281,0.45401018459579884,0.47374283895607894,0.5930935709739019,Q3,0
County_2063,GA,4.7,5.2,12.3,0.22756206238064927,0.6247612985359644,0.8308402291534055,0.5610545300233397,Q3,0
County_2064,ME,4.6,0.0,10.2,0.22135582431572248,0.004455760661998727,0.6120305537873966,0.2792807129217059,Q1_LeastVulnerable,0
County_2065,NY,3.8,4.4,11.2,0.16008911521323999,0.47422024188415024,0.7313812858052197,0.45523021430086996,Q2,0
County_2066,CO,4.5,4.7,7.4,0.21530872056015277,0.5316677275620624,0.2737110120942075,0.3402291534054742,Q2,0
County_2067,PA,6.8,3.4,9.5,0.40388287714831317,0.28580521960534694,0.5264162953532782,0.4053681307023127,Q2,0
County_2068,KS,23.8,11.1,16.0,0.998408656906429,0.9988860598345003,0.9810630171865055,0.992785911309145,Q4_MostVulnerable,1
County_2069,SD,9.5,4.7,11.5,0.6120305537873966,0.5316677275620624,0.7649586250795671,0.6362189688096754,Q3,0
County_2070,CA,11.1,5.4,8.1,0.7122851686823679,0.6578612348822406,0.35534691279439845,0.5751644387863356,Q3,0
County_2071,NC,4.2,3.8,2.0,0.19478039465308722,0.3582113303628262,0.0060471037555697,0.18634627625716105,Q1_LeastVulnerable,0
County_2072,IL,10.9,10.0,8.8,0.7000318268618714,0.991725015913431,0.4377784850413749,0.7098451092722257,Q4_MostVulnerable,1
County_2073,SC,7.1,6.2,5.7,0.43014003819223423,0.7835773392743476,0.11187141947803947,0.4418629323148738,Q2,0
County_2074,KY,6.1,4.9,11.0,0.33800127307447486,0.5724061107574793,0.707511139401655,0.5393061744112031,Q3,0
County_2075,NC,15.2,5.2,16.2,0.8941756842775302,0.6247612985359644,0.9837683004455761,0.8342350944196902,Q4_MostVulnerable,1
County_2076,VA,12.6,6.0,8.5,0.7915340547422024,0.7577975811584978,0.39942711648631446,0.6495862507956716,Q3,0
County_2077,AK,5.5,2.4,10.4,0.2936028007638447,0.14528962444302992,0.6325588796944621,0.35715043496711224,Q2,0
County_2078,AL,10.3,6.3,12.1,0.6618395926161681,0.7969446212603437,0.8168364099299809,0.7585402079354976,Q4_MostVulnerable,1
County_2079,PA,16.7,7.2,10.2,0.9385741565881605,0.8887651177593889,0.6120305537873966,0.813123276044982,Q4_MostVulnerable,1
County_2080,NY,18.6,5.9,13.5,0.9726288987905792,0.7418841502227881,0.9048376830044558,0.8731169106726077,Q4_MostVulnerable,1
County_2081,IL,10.0,5.1,8.8,0.6419478039465308,0.6078930617441121,0.4377784850413749,0.5625397835773392,Q3,0
County_2082,MI,14.0,4.9,13.5,0.8559834500318269,0.5724061107574793,0.9048376830044558,0.7777424145979207,Q4_MostVulnerable,1
County_2083,AR,11.6,5.7,8.4,0.7396562698917887,0.7092616168045831,0.38749204328453213,0.6121366433269679,Q3,0
County_2084,CT,8.5,3.3,9.1,0.5423297262889879,0.2686187141947804,0.47374283895607894,0.4282304264799491,Q2,0
County_2085,LA,5.4,3.7,6.3,0.28516868236791854,0.3392743475493316,0.16152132399745386,0.261988117971568,Q1_LeastVulnerable,0
County_2086,TN,10.8,6.4,11.4,0.6917568427753024,0.8095162316995544,0.7522278803309994,0.7511669849352854,Q4_MostVulnerable,1
County_2087,MI,7.9,4.3,8.5,0.4949077021005729,0.45401018459579884,0.39942711648631446,0.44944833439422877,Q2,0
County_2088,NE,11.1,4.8,9.5,0.7122851686823679,0.5514003819223424,0.5264162953532782,0.5967006153193295,Q3,0
County_2089,TX,5.2,3.9,7.2,0.26718650541056654,0.3771483131763208,0.25302355187778486,0.2991194568215574,Q2,0
County_2090,IL,11.0,6.3,14.6,0.7067154678548695,0.7969446212603437,0.9463717377466582,0.8166772756206239,Q4_MostVulnerable,1
County_2091,OH,4.7,1.7,6.5,0.22756206238064927,0.07670273711012095,0.18125397835773394,0.16183959261616807,Q1_LeastVulnerable,0
County_2092,TX,3.7,3.5,4.8,0.1532463399108848,0.30394653087205603,0.06206238064926798,0.17308508381073626,Q1_LeastVulnerable,0
County_2093,FL,16.2,8.8,14.3,0.9239338001273074,0.9704010184595799,0.9352323360916613,0.9431890515595162,Q4_MostVulnerable,1
County_2094,IA,10.0,5.9,9.7,0.6419478039465308,0.7418841502227881,0.5517186505410566,0.6451835349034586,Q3,0
County_2095,WV,3.5,3.1,3.9,0.14035646085295989,0.23949713558243158,0.033895607893061744,0.13791640144281772,Q1_LeastVulnerable,0
County_2096,WI,8.5,5.5,13.7,0.5423297262889879,0.6744112030553787,0.9143857415658816,0.7103755569700828,Q4_MostVulnerable,1
County_2097,FL,9.6,5.6,9.1,0.617600254614895,0.6920751113940166,0.47374283895607894,0.5944727349883302,Q3,0
County_2098,CA,11.2,6.5,9.8,0.7176957352005092,0.8200190961171229,0.5658816040738384,0.7011988117971568,Q3,0
County_2099,HI,13.9,3.1,12.3,0.8515276893698281,0.23949713558243158,0.8308402291534055,0.6406216847018884,Q3,0
County_2100,KY,9.2,2.4,13.1,0.5902291534054742,0.14528962444302992,0.8838319541693189,0.5397835773392744,Q3,0
County_2101,MD,4.9,5.0,4.1,0.24188415022278803,0.5911839592616168,0.03962444302991725,0.29089751750477405,Q2,0
County_2102,NM,3.4,0.8,7.2,0.13542329726288987,0.023870146403564607,0.25302355187778486,0.13743899851474645,Q1_LeastVulnerable,0
County_2103,TX,8.8,5.2,13.6,0.5614258434118395,0.6247612985359644,0.9096117122851687,0.6985996180776576,Q3,0
County_2104,IN,11.7,5.0,11.1,0.7458625079567155,0.5911839592616168,0.7211966900063653,0.6860810524082326,Q3,0
County_2105,TN,6.4,2.4,5.7,0.3647358370464672,0.14528962444302992,0.11187141947803947,0.2072989603225122,Q1_LeastVulnerable,0
County_2106,CA,5.3,4.1,6.4,0.27641629535327816,0.41263526416295354,0.1717059197963081,0.2869191597708466,Q1_LeastVulnerable,0
County_2107,AR,5.3,3.9,8.1,0.27641629535327816,0.3771483131763208,0.35534691279439845,0.3363038404413325,Q2,0
County_2108,MN,5.6,6.8,10.4,0.3020369191597708,0.8486632718014003,0.6325588796944621,0.5944196902185445,Q3,0
County_2109,CA,8.6,3.6,8.6,0.5488542329726289,0.3217695735200509,0.41215786123488224,0.4275938892425207,Q2,0
County_2110,KY,7.3,6.4,10.3,0.4473265436028008,0.8095162316995544,0.6222151495862508,0.6263526416295354,Q3,0
County_2111,TX,3.0,3.4,3.6,0.10789306174411203,0.28580521960534694,0.026416295353278166,0.1400381922342457,Q1_LeastVulnerable,0
County_2112,GA,15.2,5.6,9.7,0.8941756842775302,0.6920751113940166,0.5517186505410566,0.7126564820708677,Q4_MostVulnerable,1
County_2113,OH,13.7,7.3,10.9,0.8424570337364736,0.8992679821769574,0.6950986632718014,0.8122745597284108,Q4_MostVulnerable,1
County_2114,IL,6.1,4.7,10.9,0.33800127307447486,0.5316677275620624,0.6950986632718014,0.5215892213027796,Q3,0
County_2115,AR,8.1,4.5,9.2,0.5103437301082113,0.49267982176957353,0.4856779121578612,0.4962338213452153,Q3,0
County_2116,MO,3.7,3.5,7.4,0.1532463399108848,0.30394653087205603,0.2737110120942075,0.2436346276257161,Q1_LeastVulnerable,0
County_2117,TN,6.4,3.0,8.7,0.3647358370464672,0.22469764481222151,0.4252068746021642,0.3382134521536176,Q2,0
County_2118,LA,0.5,0.9,7.5,0.005569700827498409,0.027530235518777847,0.285964353914704,0.10635476342032675,Q1_LeastVulnerable,0
County_2119,NM,6.4,5.1,7.0,0.3647358370464672,0.6078930617441121,0.23313176320814769,0.4019202206662424,Q2,0
County_2120,TX,10.9,4.9,11.8,0.7000318268618714,0.5724061107574793,0.7921705919796308,0.6882028431996604,Q3,0
County_2121,RI,6.9,3.9,6.8,0.4135900700190961,0.3771483131763208,0.2145130490133673,0.3350838107362614,Q2,0
County_2122,CT,7.1,4.6,12.5,0.43014003819223423,0.5119350732017823,0.8467536600891152,0.5962762571610439,Q3,0
County_2123,OK,13.2,6.3,10.0,0.8155633354551242,0.7969446212603437,0.5910248249522597,0.7345109272225758,Q4_MostVulnerable,1
County_2124,MN,9.7,2.8,8.1,0.6228516868236792,0.19462126034373012,0.35534691279439845,0.3909399533206026,Q2,0
County_2125,OR,4.7,5.3,8.4,0.22756206238064927,0.6411521323997453,0.38749204328453213,0.4187354126883089,Q2,0
County_2126,MI,11.8,5.7,11.0,0.7517504774029281,0.7092616168045831,0.707511139401655,0.7228410778697221,Q4_MostVulnerable,1
County_2127,CA,7.0,3.8,9.1,0.42218332272437936,0.3582113303628262,0.47374283895607894,0.4180458306810948,Q2,0
County_2128,MT,18.1,8.1,14.5,0.9669000636537237,0.9436664544875876,0.9428707829408021,0.9511457670273712,Q4_MostVulnerable,1
County_2129,MI,7.6,4.6,6.6,0.4711966900063654,0.5119350732017823,0.19080203691915978,0.39131126670910255,Q2,0
County_2130,MS,3.5,4.2,10.0,0.14035646085295989,0.4328453214513049,0.5910248249522597,0.3880755357521748,Q2,0
County_2131,TX,5.3,4.4,9.4,0.27641629535327816,0.47422024188415024,0.5135264162953532,0.42138765117759386,Q2,0
County_2132,TX,6.9,5.1,11.1,0.4135900700190961,0.6078930617441121,0.7211966900063653,0.5808932739231912,Q3,0
County_2133,MA,14.3,8.3,11.1,0.867600254614895,0.9524188415022279,0.7211966900063653,0.8470719287078294,Q4_MostVulnerable,1
County_2134,MA,6.0,5.1,8.9,0.33195416931890515,0.6078930617441121,0.45019096117122853,0.46334606407808193,Q2,0
County_2135,MN,3.2,2.7,7.0,0.11950986632718014,0.18061744112030553,0.23313176320814769,0.1777530235518778,Q1_LeastVulnerable,0
County_2136,MS,4.1,1.5,9.3,0.1839592616168046,0.06253978357733928,0.4990451941438574,0.24851474644600044,Q1_LeastVulnerable,0
County_2137,WA,2.1,5.1,8.4,0.059516231699554424,0.6078930617441121,0.38749204328453213,0.35163377890939956,Q2,0
County_2138,NY,9.9,4.6,10.3,0.6360598345003182,0.5119350732017823,0.6222151495862508,0.5900700190961171,Q3,0
County_2139,ID,6.6,3.3,5.3,0.3835136855506047,0.2686187141947804,0.08625079567154678,0.24612773180564398,Q1_LeastVulnerable,0
County_2140,MS,11.6,2.9,14.4,0.7396562698917887,0.20926161680458308,0.9398472310630172,0.6295883725864629,Q3,0
County_2141,NY,12.4,6.2,12.3,0.7821451304901337,0.7835773392743476,0.8308402291534055,0.7988542329726288,Q4_MostVulnerable,1
County_2142,NY,7.5,4.5,7.5,0.4619669000636537,0.49267982176957353,0.285964353914704,0.41353702524931046,Q2,0
County_2143,NE,14.2,4.0,12.9,0.8636218968809676,0.39449395289624445,0.8715786123488224,0.7098981540420115,Q4_MostVulnerable,1
County_2144,CO,1.7,3.2,2.8,0.03930617441120306,0.25302355187778486,0.012730744748567792,0.10168682367918523,Q1_LeastVulnerable,0
County_2145,AZ,11.6,4.7,12.9,0.7396562698917887,0.5316677275620624,0.8715786123488224,0.7143008699342245,Q4_MostVulnerable,1
County_2146,IN,14.6,10.4,9.4,0.8776257161043921,0.9961807765754297,0.5135264162953532,0.7957776363250583,Q4_MostVulnerable,1
County_2147,LA,7.9,3.5,8.5,0.4949077021005729,0.30394653087205603,0.39942711648631446,0.3994271164863144,Q2,0
County_2148,CA,5.6,3.0,8.3,0.3020369191597708,0.22469764481222151,0.37619350732017826,0.30097602376405685,Q2,0
County_2149,SD,16.5,5.6,15.3,0.9334818586887333,0.6920751113940166,0.9648313176320815,0.8634627625716105,Q4_MostVulnerable,1
County_2150,IA,4.3,5.2,7.4,0.20305537873965626,0.6247612985359644,0.2737110120942075,0.3671758964566094,Q2,0
County_2151,UT,8.6,4.0,10.6,0.5488542329726289,0.39449395289624445,0.6573838319541693,0.5335773392743476,Q3,0
County_2152,CO,5.2,2.5,7.6,0.26718650541056654,0.1581795035009548,0.2980585614258434,0.24114152344578824,Q1_LeastVulnerable,0
County_2153,CA,4.9,4.5,7.4,0.24188415022278803,0.49267982176957353,0.2737110120942075,0.33609166136218965,Q2,0
County_2154,MI,3.1,0.9,6.7,0.11298535964353915,0.027530235518777847,0.20321451304901336,0.11457670273711011,Q1_LeastVulnerable,0
County_2155,CT,15.6,7.6,12.4,0.9048376830044558,0.9194780394653087,0.8384786760025461,0.8875981328241035,Q4_MostVulnerable,1
County_2156,VA,4.2,5.9,3.7,0.19478039465308722,0.7418841502227881,0.02928071292170592,0.3219817525991937,Q2,0
County_2157,AL,5.8,4.6,6.4,0.3166772756206238,0.5119350732017823,0.1717059197963081,0.33343942287290473,Q2,0
County_2158,LA,11.1,6.3,11.0,0.7122851686823679,0.7969446212603437,0.707511139401655,0.7389136431147888,Q4_MostVulnerable,1
County_2159,VA,8.0,5.7,8.5,0.5028644175684277,0.7092616168045831,0.39942711648631446,0.537184383619775,Q3,0
County_2160,KY,5.4,6.2,7.4,0.28516868236791854,0.7835773392743476,0.2737110120942075,0.4474856779121579,Q2,0
County_2161,CA,5.2,5.4,6.9,0.26718650541056654,0.6578612348822406,0.22294716740929343,0.38266496923403354,Q2,0
County_2162,IL,8.2,5.1,7.4,0.5181413112667091,0.6078930617441121,0.2737110120942075,0.4665817950350095,Q2,0
County_2163,MI,5.4,5.0,6.7,0.28516868236791854,0.5911839592616168,0.20321451304901336,0.35985571822618284,Q2,0
County_2164,CO,11.7,4.2,10.3,0.7458625079567155,0.4328453214513049,0.6222151495862508,0.6003076596647571,Q3,0
County_2165,MI,11.4,6.6,10.7,0.7289942711648632,0.8302036919159771,0.6691597708465945,0.742785911309145,Q4_MostVulnerable,1
County_2166,TN,8.9,3.2,10.2,0.5682686187141948,0.25302355187778486,0.6120305537873966,0.477774241459792,Q2,0
County_2167,TX,10.6,4.6,9.9,0.6806174411203055,0.5119350732017823,0.5786123488224061,0.5903882877148313,Q3,0
County_2168,CA,5.8,0.0,5.8,0.3166772756206238,0.004455760661998727,0.11887332908975175,0.1466687884574581,Q1_LeastVulnerable,0
County_2169,CO,8.0,5.0,6.2,0.5028644175684277,0.5911839592616168,0.1522915340547422,0.4154466369615955,Q2,0
County_2170,ID,5.5,2.7,12.9,0.2936028007638447,0.18061744112030553,0.8715786123488224,0.4485996180776575,Q2,0
County_2171,NV,15.8,8.4,10.6,0.9119987269255252,0.9565563335455124,0.6573838319541693,0.8419796308084023,Q4_MostVulnerable,1
County_2172,IA,3.7,3.7,5.8,0.1532463399108848,0.3392743475493316,0.11887332908975175,0.20379800551665606,Q1_LeastVulnerable,0
County_2173,TN,7.5,5.9,9.8,0.4619669000636537,0.7418841502227881,0.5658816040738384,0.5899108847867601,Q3,0
County_2174,OH,8.6,2.9,10.0,0.5488542329726289,0.20926161680458308,0.5910248249522597,0.44971355824315723,Q2,0
County_2175,CA,7.9,5.9,10.0,0.4949077021005729,0.7418841502227881,0.5910248249522597,0.6092722257585402,Q3,0
County_2176,NY,14.6,9.5,11.4,0.8776257161043921,0.9853596435391471,0.7522278803309994,0.8717377466581796,Q4_MostVulnerable,1
County_2177,CA,6.5,5.1,8.7,0.3733290897517505,0.6078930617441121,0.4252068746021642,0.4688096753660089,Q2,0
County_2178,GA,8.4,5.7,9.3,0.534213876511776,0.7092616168045831,0.4990451941438574,0.5808402291534055,Q3,0
County_2179,CO,10.4,5.4,9.6,0.6685232336091661,0.6578612348822406,0.5383513685550605,0.6215786123488224,Q3,0
County_2180,CO,8.8,3.9,9.9,0.5614258434118395,0.3771483131763208,0.5786123488224061,0.5057288351368555,Q3,0
County_2181,NM,9.3,5.9,11.8,0.5983450031826862,0.7418841502227881,0.7921705919796308,0.7107999151283684,Q4_MostVulnerable,1
County_2182,MO,5.0,1.2,7.5,0.24920432845321452,0.043602800763844686,0.285964353914704,0.19292382771058772,Q1_LeastVulnerable,0
County_2183,CO,3.1,2.3,6.5,0.11298535964353915,0.13319541693189052,0.18125397835773394,0.14247825164438788,Q1_LeastVulnerable,0
County_2184,WI,5.9,1.1,10.1,0.32511139401655,0.03739656269891789,0.6020050922978994,0.32150434967112246,Q2,0
County_2185,LA,11.6,4.4,12.7,0.7396562698917887,0.47422024188415024,0.8580521960534692,0.6906429026098028,Q3,0
County_2186,CA,8.7,5.6,12.5,0.5550604710375557,0.6920751113940166,0.8467536600891152,0.6979630808402293,Q3,0
County_2187,CA,7.7,5.1,5.3,0.47835773392743475,0.6078930617441121,0.08625079567154678,0.3908338637810312,Q2,0
County_2188,NE,6.7,4.1,10.2,0.39417568427753025,0.41263526416295354,0.6120305537873966,0.4729471674092934,Q2,0
County_2189,WV,18.0,7.7,15.2,0.9648313176320815,0.9250477402928071,0.9616486314449395,0.9505092297899426,Q4_MostVulnerable,1
County_2190,MT,17.1,4.3,11.8,0.9484404837683005,0.45401018459579884,0.7921705919796308,0.7315404201145768,Q4_MostVulnerable,1
County_2191,WA,7.7,3.8,9.4,0.47835773392743475,0.3582113303628262,0.5135264162953532,0.45003182686187143,Q2,0
County_2192,MD,2.5,1.7,8.4,0.07829408020369191,0.07670273711012095,0.38749204328453213,0.18082962019944834,Q1_LeastVulnerable,0
County_2193,ME,22.7,7.8,14.7,0.9961807765754297,0.9310948440483768,0.9500318268618714,0.959102482495226,Q4_MostVulnerable,1
County_2194,MN,24.6,10.3,18.2,1.0,0.99506683640993,0.9974538510502864,0.9975068958200722,Q4_MostVulnerable,1
County_2195,OH,14.6,5.1,14.0,0.8776257161043921,0.6078930617441121,0.9253660089115213,0.8036282622533418,Q4_MostVulnerable,1
County_2196,KS,7.0,3.2,6.4,0.42218332272437936,0.25302355187778486,0.1717059197963081,0.2823042647994908,Q1_LeastVulnerable,0
County_2197,TX,17.1,4.0,13.2,0.9484404837683005,0.39449395289624445,0.8886059834500318,0.7438468067048589,Q4_MostVulnerable,1
County_2198,AZ,13.3,5.6,12.3,0.8209739019732655,0.6920751113940166,0.8308402291534055,0.7812964141735624,Q4_MostVulnerable,1
County_2199,MD,8.2,2.8,7.5,0.5181413112667091,0.19462126034373012,0.285964353914704,0.33290897517504775,Q2,0
County_2200,MN,9.4,5.0,8.0,0.6053469127943985,0.5911839592616168,0.343093570973902,0.5132081476766391,Q3,0
County_2201,NJ,3.5,1.6,6.5,0.14035646085295989,0.07001909611712286,0.18125397835773394,0.13054317844260557,Q1_LeastVulnerable,0
County_2202,ID,13.9,6.3,13.6,0.8515276893698281,0.7969446212603437,0.9096117122851687,0.8526946743051135,Q4_MostVulnerable,1
County_2203,LA,12.9,5.7,12.8,0.8041056651814131,0.7092616168045831,0.8647358370464672,0.7927010396774877,Q4_MostVulnerable,1
County_2204,MI,7.4,6.7,7.0,0.45385105028644174,0.83991088478676,0.23313176320814769,0.5089645660937832,Q3,0
County_2205,OH,2.9,3.6,7.8,0.10280076384468491,0.3217695735200509,0.31954169318905157,0.24803734351792914,Q1_LeastVulnerable,0
County_2206,PA,5.0,0.7,5.8,0.24920432845321452,0.021005728835136857,0.11887332908975175,0.1296944621260344,Q1_LeastVulnerable,0
County_2207,OK,4.1,1.3,3.8,0.1839592616168046,0.050127307447485676,0.03166772756206238,0.08858476554211754,Q1_LeastVulnerable,0
County_2208,IN,11.8,5.6,10.2,0.7517504774029281,0.6920751113940166,0.6120305537873966,0.6852853808614471,Q3,0
County_2209,WY,7.8,2.9,11.1,0.4859961807765754,0.20926161680458308,0.7211966900063653,0.47215149586250793,Q2,0
County_2210,TN,13.5,1.6,13.1,0.8329089751750477,0.07001909611712286,0.8838319541693189,0.5955866751538298,Q3,0
County_2211,GA,2.2,4.7,6.1,0.06397199236155315,0.5316677275620624,0.14306174411203054,0.24623382134521535,Q1_LeastVulnerable,0
County_2212,DE,12.2,6.8,10.3,0.7733927434754934,0.8486632718014003,0.6222151495862508,0.7480903882877148,Q4_MostVulnerable,1
County_2213,IL,9.2,5.5,8.8,0.5902291534054742,0.6744112030553787,0.4377784850413749,0.5674729471674093,Q3,0
County_2214,MA,11.8,4.6,11.1,0.7517504774029281,0.5119350732017823,0.7211966900063653,0.6616274135370253,Q3,0
County_2215,TN,4.5,4.0,5.1,0.21530872056015277,0.39449395289624445,0.07447485677912158,0.22809251007850628,Q1_LeastVulnerable,0
County_2216,PA,7.5,3.2,8.1,0.4619669000636537,0.25302355187778486,0.35534691279439845,0.3567791215786123,Q2,0
County_2217,TN,6.4,4.2,7.8,0.3647358370464672,0.4328453214513049,0.31954169318905157,0.3723742838956079,Q2,0
County_2218,HI,13.9,4.8,9.3,0.8515276893698281,0.5514003819223424,0.4990451941438574,0.633991088478676,Q3,0
County_2219,NV,2.4,5.0,4.5,0.0728835136855506,0.5911839592616168,0.051559516231699555,0.23854232972628897,Q1_LeastVulnerable,0
County_2220,IL,3.3,0.6,7.4,0.12842138765117758,0.018141311266709103,0.2737110120942075,0.1400912370040314,Q1_LeastVulnerable,0
County_2221,CA,3.6,4.9,6.8,0.1465626989178867,0.5724061107574793,0.2145130490133673,0.3111606195629111,Q2,0
County_2222,ND,3.3,3.0,6.0,0.12842138765117758,0.22469764481222151,0.1341502227880331,0.16242308508381073,Q1_LeastVulnerable,0
County_2223,CO,3.6,2.3,5.0,0.1465626989178867,0.13319541693189052,0.06954169318905155,0.1164332696796096,Q1_LeastVulnerable,0
County_2224,NC,7.5,4.5,11.9,0.4619669000636537,0.49267982176957353,0.8017186505410566,0.5854551241247613,Q3,0
County_2225,NY,9.9,6.1,8.3,0.6360598345003182,0.7705283259070655,0.37619350732017826,0.5942605559091874,Q3,0
County_2226,SC,2.8,4.9,6.9,0.09723106301718651,0.5724061107574793,0.22294716740929343,0.29752811372798643,Q2,0
County_2227,CO,7.3,4.6,7.7,0.4473265436028008,0.5119350732017823,0.30887969446212604,0.4227137704222364,Q2,0
County_2228,PA,9.1,3.4,9.6,0.5819541693189052,0.28580521960534694,0.5383513685550605,0.4687035858264375,Q2,0
County_2229,WY,12.1,5.7,12.0,0.7689369828134945,0.7092616168045831,0.8087205601527689,0.7623063865902822,Q4_MostVulnerable,1
County_2230,TN,1.5,5.2,3.0,0.03166772756206238,0.6247612985359644,0.015117759388924252,0.22384892849565033,Q1_LeastVulnerable,0
County_2231,OR,10.3,7.1,10.2,0.6618395926161681,0.8771483131763208,0.6120305537873966,0.7170061531932951,Q4_MostVulnerable,1
County_2232,NC,9.1,6.1,11.9,0.5819541693189052,0.7705283259070655,0.8017186505410566,0.7180670485890092,Q4_MostVulnerable,1
County_2233,LA,7.2,5.3,12.1,0.4387332908975175,0.6411521323997453,0.8168364099299809,0.6322406110757478,Q3,0
County_2234,OK,5.1,4.6,7.3,0.25732017823042647,0.5119350732017823,0.2625716104392107,0.34394228729047316,Q2,0
County_2235,OK,3.2,4.7,6.7,0.11950986632718014,0.5316677275620624,0.20321451304901336,0.28479736897941865,Q1_LeastVulnerable,0
County_2236,NY,2.2,2.0,10.5,0.06397199236155315,0.10232336091661362,0.6451304901336729,0.27047528113727987,Q1_LeastVulnerable,0
County_2237,SC,11.6,3.5,13.1,0.7396562698917887,0.30394653087205603,0.8838319541693189,0.6424782516443879,Q3,0
County_2238,MA,2.6,2.9,5.1,0.08402291534054743,0.20926161680458308,0.07447485677912158,0.12258646297475069,Q1_LeastVulnerable,0
County_2239,CA,3.5,1.8,5.5,0.14035646085295989,0.08338637810311904,0.098026734563972,0.10725652450668365,Q1_LeastVulnerable,0
County_2240,MO,9.7,3.3,11.7,0.6228516868236792,0.2686187141947804,0.7824633991088479,0.5579779333757692,Q3,0
County_2241,GA,0.8,1.2,3.4,0.009548058561425843,0.043602800763844686,0.021801400381922343,0.024984086569064288,Q1_LeastVulnerable,0
County_2242,KY,8.1,8.1,11.2,0.5103437301082113,0.9436664544875876,0.7313812858052197,0.7284638234670062,Q4_MostVulnerable,1
County_2243,AL,5.9,4.0,8.6,0.32511139401655,0.39449395289624445,0.41215786123488224,0.3772544027158922,Q2,0
County_2244,KY,9.1,5.3,10.6,0.5819541693189052,0.6411521323997453,0.6573838319541693,0.6268300445576066,Q3,0
County_2245,SC,4.5,1.5,6.7,0.21530872056015277,0.06253978357733928,0.20321451304901336,0.16035433906216848,Q1_LeastVulnerable,0
County_2246,MS,6.8,1.3,7.2,0.40388287714831317,0.050127307447485676,0.25302355187778486,0.23567791215786124,Q1_LeastVulnerable,0
County_2247,AL,9.9,3.7,12.9,0.6360598345003182,0.3392743475493316,0.8715786123488224,0.615637598132824,Q3,0
County_2248,MI,15.4,8.8,12.2,0.8994271164863145,0.9704010184595799,0.8249522597071929,0.8982601315510291,Q4_MostVulnerable,1
County_2249,IL,5.4,4.1,6.9,0.28516868236791854,0.41263526416295354,0.22294716740929343,0.30691703798005515,Q2,0
County_2250,MI,5.2,4.5,7.4,0.26718650541056654,0.49267982176957353,0.2737110120942075,0.3445257797581158,Q2,0
County_2251,KY,3.3,4.1,7.0,0.12842138765117758,0.41263526416295354,0.23313176320814769,0.25806280500742623,Q1_LeastVulnerable,0
County_2252,VA,6.9,3.2,6.4,0.4135900700190961,0.25302355187778486,0.1717059197963081,0.279439847231063,Q1_LeastVulnerable,0
County_2253,AR,12.9,8.0,10.3,0.8041056651814131,0.9400063653723743,0.6222151495862508,0.7887757267133461,Q4_MostVulnerable,1
County_2254,ND,10.9,4.3,9.2,0.7000318268618714,0.45401018459579884,0.4856779121578612,0.5465733078718438,Q3,0
County_2255,TN,10.3,7.2,11.8,0.6618395926161681,0.8887651177593889,0.7921705919796308,0.7809251007850625,Q4_MostVulnerable,1
County_2256,WA,12.3,6.3,9.4,0.777689369828135,0.7969446212603437,0.5135264162953532,0.696053469127944,Q3,0
County_2257,CO,5.4,0.9,4.2,0.28516868236791854,0.027530235518777847,0.0429662635264163,0.11855506047103757,Q1_LeastVulnerable,0
County_2258,MS,0.5,1.0,1.3,0.005569700827498409,0.03214513049013367,0.0014322087842138765,0.013049013367281986,Q1_LeastVulnerable,0
County_2259,AR,4.9,0.8,4.5,0.24188415022278803,0.023870146403564607,0.051559516231699555,0.10577127095268407,Q1_LeastVulnerable,0
County_2260,MN,11.7,7.3,13.6,0.7458625079567155,0.8992679821769574,0.9096117122851687,0.8515807341396138,Q4_MostVulnerable,1
County_2261,CA,3.9,3.1,7.0,0.16709102482495225,0.23949713558243158,0.23313176320814769,0.2132399745385105,Q1_LeastVulnerable,0
County_2262,TN,12.2,2.3,12.1,0.7733927434754934,0.13319541693189052,0.8168364099299809,0.5744748567791216,Q3,0
County_2263,CA,7.5,4.8,9.8,0.4619669000636537,0.5514003819223424,0.5658816040738384,0.5264162953532782,Q3,0
County_2264,MN,8.6,3.8,9.4,0.5488542329726289,0.3582113303628262,0.5135264162953532,0.47353065987693616,Q2,0
County_2265,MS,12.0,3.4,10.9,0.7627307447485678,0.28580521960534694,0.6950986632718014,0.5812115425419053,Q3,0
County_2266,WA,6.0,6.3,10.1,0.33195416931890515,0.7969446212603437,0.6020050922978994,0.5769679609590495,Q3,0
County_2267,NY,17.1,7.3,13.9,0.9484404837683005,0.8992679821769574,0.9218650541056652,0.9231911733503076,Q4_MostVulnerable,1
County_2268,IL,7.6,3.8,11.6,0.4711966900063654,0.3582113303628262,0.77466581795035,0.5346912794398472,Q3,0
County_2269,GA,16.8,6.4,14.6,0.9406429026098027,0.8095162316995544,0.9463717377466582,0.8988436240186717,Q4_MostVulnerable,1
County_2270,CA,8.9,2.4,8.2,0.5682686187141948,0.14528962444302992,0.3663271801400382,0.3599618077657543,Q2,0
County_2271,PA,5.2,1.6,6.6,0.26718650541056654,0.07001909611712286,0.19080203691915978,0.17600254614894972,Q1_LeastVulnerable,0
County_2272,OH,11.2,7.3,9.2,0.7176957352005092,0.8992679821769574,0.4856779121578612,0.7008805431784425,Q3,0
County_2273,NJ,9.1,4.0,12.0,0.5819541693189052,0.39449395289624445,0.8087205601527689,0.5950562274559729,Q3,0
County_2274,AR,2.8,2.9,5.6,0.09723106301718651,0.20926161680458308,0.10471037555697009,0.13706768512624656,Q1_LeastVulnerable,0
County_2275,PA,14.9,3.4,10.8,0.8859007001909611,0.28580521960534694,0.683004455760662,0.6182367918523234,Q3,0
County_2276,NY,10.3,3.1,10.8,0.6618395926161681,0.23949713558243158,0.683004455760662,0.5281137279864206,Q3,0
County_2277,WA,15.8,7.6,12.7,0.9119987269255252,0.9194780394653087,0.8580521960534692,0.896509654148101,Q4_MostVulnerable,1
County_2278,NE,8.9,5.2,10.0,0.5682686187141948,0.6247612985359644,0.5910248249522597,0.5946849140674729,Q3,0
County_2279,IL,4.5,6.0,11.0,0.21530872056015277,0.7577975811584978,0.707511139401655,0.5602058137067685,Q3,0
County_2280,KY,9.2,6.8,11.4,0.5902291534054742,0.8486632718014003,0.7522278803309994,0.7303734351792913,Q4_MostVulnerable,1
County_2281,CO,9.1,4.4,9.6,0.5819541693189052,0.47422024188415024,0.5383513685550605,0.5315085932527054,Q3,0
County_2282,OK,5.3,4.3,4.8,0.27641629535327816,0.45401018459579884,0.06206238064926798,0.26416295353278163,Q1_LeastVulnerable,0
County_2283,OH,5.9,3.3,6.9,0.32511139401655,0.2686187141947804,0.22294716740929343,0.272225758540208,Q1_LeastVulnerable,0
County_2284,FL,7.3,7.3,10.1,0.4473265436028008,0.8992679821769574,0.6020050922978994,0.6495332060258858,Q3,0
County_2285,CO,15.7,8.4,10.5,0.9081795035009548,0.9565563335455124,0.6451304901336729,0.8366221090600466,Q4_MostVulnerable,1
County_2286,CA,1.5,2.7,10.0,0.03166772756206238,0.18061744112030553,0.5910248249522597,0.2677699978782092,Q1_LeastVulnerable,0
County_2287,UT,6.5,4.2,8.3,0.3733290897517505,0.4328453214513049,0.37619350732017826,0.39412263950774457,Q2,0
County_2288,FL,15.8,8.9,13.0,0.9119987269255252,0.973901973265436,0.8779439847231063,0.9212815616380224,Q4_MostVulnerable,1
County_2289,IA,2.8,3.7,5.1,0.09723106301718651,0.3392743475493316,0.07447485677912158,0.17032675578187992,Q1_LeastVulnerable,0
County_2290,ID,23.8,11.5,17.9,0.998408656906429,0.9996817313812858,0.9958625079567155,0.9979842987481434,Q4_MostVulnerable,1
County_2291,LA,12.0,2.3,8.7,0.7627307447485678,0.13319541693189052,0.4252068746021642,0.4403776787608742,Q2,0
County_2292,OH,3.6,3.8,11.2,0.1465626989178867,0.3582113303628262,0.7313812858052197,0.4120517716953109,Q2,0
County_2293,TX,8.9,3.9,12.1,0.5682686187141948,0.3771483131763208,0.8168364099299809,0.5874177806068321,Q3,0
County_2294,CO,4.9,6.1,9.4,0.24188415022278803,0.7705283259070655,0.5135264162953532,0.508646297475069,Q3,0
County_2295,OH,4.6,5.7,4.5,0.22135582431572248,0.7092616168045831,0.051559516231699555,0.3273923191173351,Q2,0
County_2296,IA,9.3,4.8,10.1,0.5983450031826862,0.5514003819223424,0.6020050922978994,0.583916825800976,Q3,0
County_2297,WV,1.2,4.7,8.0,0.019255251432208784,0.5316677275620624,0.343093570973902,0.29800551665605773,Q2,0
County_2298,IL,1.6,5.2,7.0,0.03516868236791852,0.6247612985359644,0.23313176320814769,0.29768724803734353,Q2,0
County_2299,AL,9.5,5.0,7.8,0.6120305537873966,0.5911839592616168,0.31954169318905157,0.507585402079355,Q3,0
County_2300,MN,5.4,7.3,6.4,0.28516868236791854,0.8992679821769574,0.1717059197963081,0.45204752811372795,Q2,0
County_2301,CO,10.9,5.2,9.6,0.7000318268618714,0.6247612985359644,0.5383513685550605,0.6210481646509655,Q3,0
County_2302,AR,7.8,4.0,7.7,0.4859961807765754,0.39449395289624445,0.30887969446212604,0.39645660937831534,Q2,0
County_2303,OH,4.7,4.7,10.4,0.22756206238064927,0.5316677275620624,0.6325588796944621,0.4639295565457246,Q2,0
County_2304,OK,11.4,4.9,6.8,0.7289942711648632,0.5724061107574793,0.2145130490133673,0.5053044769785698,Q3,0
County_2305,MA,9.1,4.8,10.8,0.5819541693189052,0.5514003819223424,0.683004455760662,0.6054530023339698,Q3,0
County_2306,NC,23.0,11.0,13.9,0.9968173138128581,0.9980903882877148,0.9218650541056652,0.9722575854020793,Q4_MostVulnerable,1
County_2307,MS,5.6,3.7,5.9,0.3020369191597708,0.3392743475493316,0.12587523870146403,0.25572883513685546,Q1_LeastVulnerable,0
County_2308,NY,2.9,0.3,2.4,0.10280076384468491,0.0120942075111394,0.008274984086569064,0.04105665181413112,Q1_LeastVulnerable,0
County_2309,NV,14.3,6.8,11.0,0.867600254614895,0.8486632718014003,0.707511139401655,0.8079248886059834,Q4_MostVulnerable,1
County_2310,NC,6.9,3.0,11.5,0.4135900700190961,0.22469764481222151,0.7649586250795671,0.4677487799702949,Q2,0
County_2311,FL,3.3,4.3,7.2,0.12842138765117758,0.45401018459579884,0.25302355187778486,0.2784850413749204,Q1_LeastVulnerable,0
County_2312,GA,9.4,5.9,7.3,0.6053469127943985,0.7418841502227881,0.2625716104392107,0.5366008911521324,Q3,0
County_2313,MD,8.7,6.8,11.4,0.5550604710375557,0.8486632718014003,0.7522278803309994,0.7186505410566518,Q4_MostVulnerable,1
County_2314,MD,7.6,5.6,11.3,0.4711966900063654,0.6920751113940166,0.7404519414385742,0.6345745809463187,Q3,0
County_2315,PA,10.9,6.9,10.6,0.7000318268618714,0.8590070019096118,0.6573838319541693,0.7388075535752175,Q4_MostVulnerable,1
County_2316,KS,5.5,2.7,11.8,0.2936028007638447,0.18061744112030553,0.7921705919796308,0.4221302779545937,Q2,0
County_2317,CO,13.9,7.4,13.6,0.8515276893698281,0.9061107574793126,0.9096117122851687,0.8890833863781031,Q4_MostVulnerable,1
County_2318,GA,10.1,8.0,11.4,0.6484723106301719,0.9400063653723743,0.7522278803309994,0.7802355187778485,Q4_MostVulnerable,1
County_2319,FL,3.1,1.9,5.0,0.11298535964353915,0.09245703373647358,0.06954169318905155,0.09166136218968811,Q1_LeastVulnerable,0
County_2320,OK,11.1,8.0,11.8,0.7122851686823679,0.9400063653723743,0.7921705919796308,0.8148207086781243,Q4_MostVulnerable,1
County_2321,MI,6.2,3.0,8.5,0.3475493316359007,0.22469764481222151,0.39942711648631446,0.32389136431147886,Q2,0
County_2322,OH,23.2,7.7,17.6,0.9971355824315723,0.9250477402928071,0.99506683640993,0.9724167197114365,Q4_MostVulnerable,1
County_2323,LA,5.3,4.0,6.3,0.27641629535327816,0.39449395289624445,0.16152132399745386,0.2774771907489922,Q1_LeastVulnerable,0
County_2324,TX,3.3,4.1,6.9,0.12842138765117758,0.41263526416295354,0.22294716740929343,0.2546679397411415,Q1_LeastVulnerable,0
County_2325,WI,4.8,4.8,5.8,0.23424570337364736,0.5514003819223424,0.11887332908975175,0.30150647146191384,Q2,0
County_2326,NC,6.7,2.6,4.1,0.39417568427753025,0.16931890515595163,0.03962444302991725,0.20103967748779972,Q1_LeastVulnerable,0
County_2327,TX,6.8,4.7,10.4,0.40388287714831317,0.5316677275620624,0.6325588796944621,0.5227031614682792,Q3,0
County_2328,MN,10.8,4.2,7.4,0.6917568427753024,0.4328453214513049,0.2737110120942075,0.46610439210693827,Q2,0
County_2329,VA,2.0,0.4,6.2,0.054423933800127305,0.013526416295353278,0.1522915340547422,0.0734139613834076,Q1_LeastVulnerable,0
County_2330,TN,3.9,1.8,7.6,0.16709102482495225,0.08338637810311904,0.2980585614258434,0.18284532145130492,Q1_LeastVulnerable,0
County_2331,WI,8.1,3.3,9.7,0.5103437301082113,0.2686187141947804,0.5517186505410566,0.44356036494801615,Q2,0
County_2332,NM,2.7,3.6,5.8,0.09070655633354552,0.3217695735200509,0.11887332908975175,0.1771164863144494,Q1_LeastVulnerable,0
County_2333,PA,11.6,7.2,11.3,0.7396562698917887,0.8887651177593889,0.7404519414385742,0.7896244430299172,Q4_MostVulnerable,1
County_2334,MS,4.0,1.0,8.0,0.17457033736473584,0.03214513049013367,0.343093570973902,0.1832696796095905,Q1_LeastVulnerable,0
County_2335,GA,5.5,4.2,9.2,0.2936028007638447,0.4328453214513049,0.4856779121578612,0.4040420114576702,Q2,0
County_2336,IA,2.6,1.0,9.8,0.08402291534054743,0.03214513049013367,0.5658816040738384,0.2273498833015065,Q1_LeastVulnerable,0
County_2337,TX,2.4,3.7,6.7,0.0728835136855506,0.3392743475493316,0.20321451304901336,0.20512412476129852,Q1_LeastVulnerable,0
County_2338,CA,14.0,5.3,12.1,0.8559834500318269,0.6411521323997453,0.8168364099299809,0.7713239974538509,Q4_MostVulnerable,1
County_2339,NV,7.0,2.5,6.7,0.42218332272437936,0.1581795035009548,0.20321451304901336,0.2611924464247825,Q1_LeastVulnerable,0
County_2340,KS,4.5,4.6,8.1,0.21530872056015277,0.5119350732017823,0.35534691279439845,0.3608635688521112,Q2,0
County_2341,KY,12.0,4.7,12.4,0.7627307447485678,0.5316677275620624,0.8384786760025461,0.7109590494377255,Q4_MostVulnerable,1
County_2342,TX,22.1,8.2,15.7,0.9941120305537874,0.9481222151495863,0.9756524506683641,0.9726288987905792,Q4_MostVulnerable,1
County_2343,TN,6.6,0.6,9.4,0.3835136855506047,0.018141311266709103,0.5135264162953532,0.3050604710375557,Q2,0
County_2344,NH,14.1,7.6,11.5,0.8599618077657543,0.9194780394653087,0.7649586250795671,0.8481328241035434,Q4_MostVulnerable,1
County_2345,HI,13.0,7.1,12.9,0.8068109484404837,0.8771483131763208,0.8715786123488224,0.8518459579885422,Q4_MostVulnerable,1
County_2346,MI,9.0,4.7,11.3,0.5749522597071929,0.5316677275620624,0.7404519414385742,0.6156906429026098,Q3,0
County_2347,LA,7.2,1.9,10.4,0.4387332908975175,0.09245703373647358,0.6325588796944621,0.38791640144281775,Q2,0
County_2348,IA,19.9,9.8,15.2,0.9853596435391471,0.9896562698917887,0.9616486314449395,0.9788881816252918,Q4_MostVulnerable,1
County_2349,CA,3.0,1.9,4.4,0.10789306174411203,0.09245703373647358,0.0483768300445576,0.08290897517504775,Q1_LeastVulnerable,0
County_2350,MS,15.8,6.1,11.7,0.9119987269255252,0.7705283259070655,0.7824633991088479,0.8216634839804794,Q4_MostVulnerable,1
County_2351,IL,6.5,7.4,9.4,0.3733290897517505,0.9061107574793126,0.5135264162953532,0.5976554211754721,Q3,0
County_2352,NC,5.5,2.6,12.7,0.2936028007638447,0.16931890515595163,0.8580521960534692,0.44032463399108845,Q2,0
County_2353,IN,2.5,3.9,5.6,0.07829408020369191,0.3771483131763208,0.10471037555697009,0.1867175896456609,Q1_LeastVulnerable,0
County_2354,LA,6.4,4.8,9.1,0.3647358370464672,0.5514003819223424,0.47374283895607894,0.4632930193082962,Q2,0
County_2355,CA,2.8,3.4,5.3,0.09723106301718651,0.28580521960534694,0.08625079567154678,0.15642902609802675,Q1_LeastVulnerable,0
County_2356,WI,14.1,6.7,10.1,0.8599618077657543,0.83991088478676,0.6020050922978994,0.7672925949501379,Q4_MostVulnerable,1
County_2357,MN,7.8,4.9,7.5,0.4859961807765754,0.5724061107574793,0.285964353914704,0.4481222151495863,Q2,0
County_2358,AZ,11.4,5.8,6.5,0.7289942711648632,0.7245385105028644,0.18125397835773394,0.5449289200084871,Q3,0
County_2359,MS,6.6,3.9,11.0,0.3835136855506047,0.3771483131763208,0.707511139401655,0.48939104604286016,Q3,0
County_2360,TX,10.8,7.5,5.9,0.6917568427753024,0.9127943984723106,0.12587523870146403,0.5768088266496924,Q3,0
County_2361,PA,4.4,1.3,6.7,0.20910248249522598,0.050127307447485676,0.20321451304901336,0.15414810099724166,Q1_LeastVulnerable,0
County_2362,OH,5.6,5.2,5.5,0.3020369191597708,0.6247612985359644,0.098026734563972,0.34160831741990244,Q2,0
County_2363,CO,3.8,4.4,5.1,0.16008911521323999,0.47422024188415024,0.07447485677912158,0.23626140462550393,Q1_LeastVulnerable,0
County_2364,NY,11.6,6.5,13.6,0.7396562698917887,0.8200190961171229,0.9096117122851687,0.8230956927646934,Q4_MostVulnerable,1
County_2365,PA,5.0,5.2,7.9,0.24920432845321452,0.6247612985359644,0.33131763208147674,0.40176108635688523,Q2,0
County_2366,MT,11.5,5.3,8.8,0.7342457033736474,0.6411521323997453,0.4377784850413749,0.6043921069382558,Q3,0
County_2367,TX,0.6,0.0,4.1,0.007479312539783577,0.004455760661998727,0.03962444302991725,0.01718650541056652,Q1_LeastVulnerable,0
County_2368,ID,16.7,6.9,11.8,0.9385741565881605,0.8590070019096118,0.7921705919796308,0.8632505834924676,Q4_MostVulnerable,1
County_2369,GA,6.7,2.5,8.3,0.39417568427753025,0.1581795035009548,0.37619350732017826,0.3095162316995544,Q2,0
County_2370,TX,11.2,4.3,10.9,0.7176957352005092,0.45401018459579884,0.6950986632718014,0.6222681943560365,Q3,0
County_2371,NY,0.6,0.3,9.1,0.007479312539783577,0.0120942075111394,0.47374283895607894,0.1644387863356673,Q1_LeastVulnerable,0
County_2372,AL,1.5,1.7,1.9,0.03166772756206238,0.07670273711012095,0.004774029280712922,0.037714831317632085,Q1_LeastVulnerable,0
County_2373,IA,23.8,8.3,16.8,0.998408656906429,0.9524188415022279,0.9899745385105029,0.98026734563972,Q4_MostVulnerable,1
County_2374,TX,5.3,0.0,7.0,0.27641629535327816,0.004455760661998727,0.23313176320814769,0.17133460640780818,Q1_LeastVulnerable,0
County_2375,AZ,15.9,7.8,14.9,0.9156588160407384,0.9310948440483768,0.9540101845957989,0.9335879482283046,Q4_MostVulnerable,1
County_2376,AL,4.1,6.6,7.8,0.1839592616168046,0.8302036919159771,0.31954169318905157,0.4445682155739444,Q2,0
County_2377,ID,8.3,5.4,10.3,0.5256206238064927,0.6578612348822406,0.6222151495862508,0.6018990027583281,Q3,0
County_2378,UT,7.6,4.0,9.5,0.4711966900063654,0.39449395289624445,0.5264162953532782,0.46403564608529607,Q2,0
County_2379,TX,4.3,3.2,5.3,0.20305537873965626,0.25302355187778486,0.08625079567154678,0.18077657542966263,Q1_LeastVulnerable,0
County_2380,MS,7.2,3.5,11.0,0.4387332908975175,0.30394653087205603,0.707511139401655,0.4833969870570762,Q2,0
County_2381,MO,3.0,3.0,8.1,0.10789306174411203,0.22469764481222151,0.35534691279439845,0.22931253978357735,Q1_LeastVulnerable,0
County_2382,IN,17.9,7.3,15.8,0.9630808402291534,0.8992679821769574,0.9774029280712921,0.9465839168258009,Q4_MostVulnerable,1
County_2383,GA,8.2,3.2,11.6,0.5181413112667091,0.25302355187778486,0.77466581795035,0.5152768936982813,Q3,0
County_2384,SD,7.2,6.7,9.4,0.4387332908975175,0.83991088478676,0.5135264162953532,0.5973901973265435,Q3,0
County_2385,CA,2.9,0.6,9.4,0.10280076384468491,0.018141311266709103,0.5135264162953532,0.2114894971355824,Q1_LeastVulnerable,0
County_2386,MI,9.4,5.9,10.4,0.6053469127943985,0.7418841502227881,0.6325588796944621,0.6599299809038829,Q3,0
County_2387,NY,2.7,2.7,5.9,0.09070655633354552,0.18061744112030553,0.12587523870146403,0.13239974538510502,Q1_LeastVulnerable,0
County_2388,CA,2.9,5.7,6.5,0.10280076384468491,0.7092616168045831,0.18125397835773394,0.331105453002334,Q2,0
County_2389,MS,4.2,3.8,7.1,0.19478039465308722,0.3582113303628262,0.2437937619350732,0.26559516231699554,Q1_LeastVulnerable,0
County_2390,MT,1.1,1.8,4.5,0.015276893698281349,0.08338637810311904,0.051559516231699555,0.05007426267769998,Q1_LeastVulnerable,0
County_2391,OR,2.7,2.4,9.6,0.09070655633354552,0.14528962444302992,0.5383513685550605,0.25811584977721197,Q1_LeastVulnerable,0
County_2392,GA,8.3,4.5,9.7,0.5256206238064927,0.49267982176957353,0.5517186505410566,0.5233396987057076,Q3,0
County_2393,IL,8.8,2.9,9.6,0.5614258434118395,0.20926161680458308,0.5383513685550605,0.43634627625716105,Q2,0
County_2394,MO,2.9,1.7,7.2,0.10280076384468491,0.07670273711012095,0.25302355187778486,0.14417568427753025,Q1_LeastVulnerable,0
County_2395,WI,10.6,2.5,16.3,0.6806174411203055,0.1581795035009548,0.9856779121578613,0.6081582855930405,Q3,0
County_2396,FL,11.8,4.2,8.6,0.7517504774029281,0.4328453214513049,0.41215786123488224,0.532251220029705,Q3,0
County_2397,WI,12.6,5.9,9.6,0.7915340547422024,0.7418841502227881,0.5383513685550605,0.6905898578400169,Q3,0
County_2398,OH,14.0,6.7,9.2,0.8559834500318269,0.83991088478676,0.4856779121578612,0.7271907489921494,Q4_MostVulnerable,1
County_2399,TN,6.3,0.9,7.7,0.35709739019732656,0.027530235518777847,0.30887969446212604,0.23116910672607682,Q1_LeastVulnerable,0
County_2400,CA,5.0,3.3,8.0,0.24920432845321452,0.2686187141947804,0.343093570973902,0.28697220454063227,Q1_LeastVulnerable,0
County_2401,IL,7.2,5.0,7.7,0.4387332908975175,0.5911839592616168,0.30887969446212604,0.44626564820708675,Q2,0
County_2402,CA,8.9,4.4,8.4,0.5682686187141948,0.47422024188415024,0.38749204328453213,0.47666030129429243,Q2,0
County_2403,KS,12.4,4.8,11.5,0.7821451304901337,0.5514003819223424,0.7649586250795671,0.6995013791640144,Q3,0
County_2404,WI,1.8,1.9,4.9,0.045035009548058565,0.09245703373647358,0.06572246976448122,0.06773817101633779,Q1_LeastVulnerable,0
County_2405,CA,9.5,4.0,10.4,0.6120305537873966,0.39449395289624445,0.6325588796944621,0.546361128792701,Q3,0
County_2406,MO,6.5,3.0,10.5,0.3733290897517505,0.22469764481222151,0.6451304901336729,0.41438574156588165,Q2,0
County_2407,AL,7.2,4.4,10.0,0.4387332908975175,0.47422024188415024,0.5910248249522597,0.5013261192446424,Q3,0
County_2408,OH,6.9,7.5,10.2,0.4135900700190961,0.9127943984723106,0.6120305537873966,0.6461383407596011,Q3,0
County_2409,DE,4.4,2.2,9.4,0.20910248249522598,0.1223742838956079,0.5135264162953532,0.2816677275620624,Q1_LeastVulnerable,0
County_2410,CA,8.6,4.1,9.9,0.5488542329726289,0.41263526416295354,0.5786123488224061,0.5133672819859961,Q3,0
County_2411,IN,9.5,4.8,9.4,0.6120305537873966,0.5514003819223424,0.5135264162953532,0.5589857840016974,Q3,0
County_2412,PA,9.2,3.7,8.0,0.5902291534054742,0.3392743475493316,0.343093570973902,0.42419902397623593,Q2,0
County_2413,CA,5.4,5.3,6.9,0.28516868236791854,0.6411521323997453,0.22294716740929343,0.38308932739231905,Q2,0
County_2414,FL,6.2,0.3,7.0,0.3475493316359007,0.0120942075111394,0.23313176320814769,0.19759176745172924,Q1_LeastVulnerable,0
County_2415,AL,1.3,1.6,7.1,0.0241884150222788,0.07001909611712286,0.2437937619350732,0.11266709102482496,Q1_LeastVulnerable,0
County_2416,WA,4.1,4.5,7.8,0.1839592616168046,0.49267982176957353,0.31954169318905157,0.33206025885847656,Q2,0
County_2417,NV,2.2,2.2,7.5,0.06397199236155315,0.1223742838956079,0.285964353914704,0.157436876723955,Q1_LeastVulnerable,0
County_2418,OH,12.3,4.5,8.8,0.777689369828135,0.49267982176957353,0.4377784850413749,0.5693825588796945,Q3,0
County_2419,NY,4.9,4.1,10.3,0.24188415022278803,0.41263526416295354,0.6222151495862508,0.42557818799066416,Q2,0
County_2420,CO,8.6,5.9,8.4,0.5488542329726289,0.7418841502227881,0.38749204328453213,0.559410142159983,Q3,0
County_2421,NV,7.5,4.6,6.6,0.4619669000636537,0.5119350732017823,0.19080203691915978,0.38823467006153195,Q2,0
County_2422,CA,6.8,2.8,7.5,0.40388287714831317,0.19462126034373012,0.285964353914704,0.2948228304689157,Q2,0
County_2423,KY,2.9,3.6,11.4,0.10280076384468491,0.3217695735200509,0.7522278803309994,0.3922660725652451,Q2,0
County_2424,MO,5.8,3.1,7.1,0.3166772756206238,0.23949713558243158,0.2437937619350732,0.2666560577127095,Q1_LeastVulnerable,0
County_2425,MO,14.3,7.4,11.5,0.867600254614895,0.9061107574793126,0.7649586250795671,0.8462232123912582,Q4_MostVulnerable,1
County_2426,CA,12.1,7.8,10.6,0.7689369828134945,0.9310948440483768,0.6573838319541693,0.785805219605347,Q4_MostVulnerable,1
County_2427,AZ,15.8,2.8,12.6,0.9119987269255252,0.19462126034373012,0.8526416295353278,0.6530872056015277,Q3,0
County_2428,SC,16.9,7.2,11.9,0.9433481858688734,0.8887651177593889,0.8017186505410566,0.8779439847231063,Q4_MostVulnerable,1
County_2429,OK,7.2,1.5,8.9,0.4387332908975175,0.06253978357733928,0.45019096117122853,0.3171546785486951,Q2,0
County_2430,CA,11.7,9.2,13.0,0.7458625079567155,0.9801082113303629,0.8779439847231063,0.8679715680033949,Q4_MostVulnerable,1
County_2431,CA,5.9,3.1,8.6,0.32511139401655,0.23949713558243158,0.41215786123488224,0.32558879694462123,Q2,0
County_2432,TX,8.0,5.5,6.8,0.5028644175684277,0.6744112030553787,0.2145130490133673,0.4639295565457246,Q2,0
County_2433,PA,8.5,4.5,8.5,0.5423297262889879,0.49267982176957353,0.39942711648631446,0.47814555484829196,Q2,0
County_2434,WY,11.7,4.3,9.7,0.7458625079567155,0.45401018459579884,0.5517186505410566,0.5838637810311903,Q3,0
County_2435,GA,13.9,4.8,12.1,0.8515276893698281,0.5514003819223424,0.8168364099299809,0.7399214937407171,Q4_MostVulnerable,1
County_2436,MI,7.4,6.6,11.4,0.45385105028644174,0.8302036919159771,0.7522278803309994,0.6787608741778062,Q3,0
County_2437,GA,8.5,6.0,9.0,0.5423297262889879,0.7577975811584978,0.4619669000636537,0.5873647358370465,Q3,0
County_2438,NM,7.0,7.0,8.3,0.42218332272437936,0.8682367918523234,0.37619350732017826,0.555537873965627,Q3,0
County_2439,CA,8.4,4.6,12.7,0.534213876511776,0.5119350732017823,0.8580521960534692,0.6347337152556758,Q3,0
County_2440,CA,7.9,4.8,10.7,0.4949077021005729,0.5514003819223424,0.6691597708465945,0.5718226182898366,Q3,0
County_2441,CA,10.6,4.8,11.5,0.6806174411203055,0.5514003819223424,0.7649586250795671,0.6656588160407383,Q3,0
County_2442,OH,4.1,2.8,11.0,0.1839592616168046,0.19462126034373012,0.707511139401655,0.3620305537873965,Q2,0
County_2443,MI,4.9,1.9,8.4,0.24188415022278803,0.09245703373647358,0.38749204328453213,0.24061107574793125,Q1_LeastVulnerable,0
County_2444,NM,13.1,6.1,7.6,0.8107893061744113,0.7705283259070655,0.2980585614258434,0.6264587311691067,Q3,0
County_2445,TX,9.9,3.8,11.6,0.6360598345003182,0.3582113303628262,0.77466581795035,0.5896456609378314,Q3,0
County_2446,OR,5.8,4.4,4.7,0.3166772756206238,0.47422024188415024,0.058243157224697646,0.2830468915764906,Q1_LeastVulnerable,0
County_2447,MA,17.5,7.5,14.7,0.9567154678548695,0.9127943984723106,0.9500318268618714,0.9398472310630172,Q4_MostVulnerable,1
County_2448,WI,1.1,2.7,2.1,0.015276893698281349,0.18061744112030553,0.007001909611712286,0.06763208147676639,Q1_LeastVulnerable,0
County_2449,MA,7.7,6.8,7.9,0.47835773392743475,0.8486632718014003,0.33131763208147674,0.5527795459367706,Q3,0
County_2450,CA,7.3,4.1,7.9,0.4473265436028008,0.41263526416295354,0.33131763208147674,0.3970931466157437,Q2,0
County_2451,WI,13.5,7.2,10.2,0.8329089751750477,0.8887651177593889,0.6120305537873966,0.7779015489072778,Q4_MostVulnerable,1
County_2452,AK,6.0,6.9,7.3,0.33195416931890515,0.8590070019096118,0.2625716104392107,0.4845109272225758,Q2,0
County_2453,MO,7.3,6.1,10.7,0.4473265436028008,0.7705283259070655,0.6691597708465945,0.6290048801188203,Q3,0
County_2454,IL,8.3,6.2,7.7,0.5256206238064927,0.7835773392743476,0.30887969446212604,0.5393592191809887,Q3,0
County_2455,MN,3.4,2.6,7.8,0.13542329726288987,0.16931890515595163,0.31954169318905157,0.2080946318692977,Q1_LeastVulnerable,0
County_2456,MO,8.9,5.0,7.5,0.5682686187141948,0.5911839592616168,0.285964353914704,0.4818056439635052,Q2,0
County_2457,GA,8.1,2.5,8.7,0.5103437301082113,0.1581795035009548,0.4252068746021642,0.3645767027371101,Q2,0
County_2458,MO,14.5,7.1,12.9,0.8738064926798218,0.8771483131763208,0.8715786123488224,0.8741778060683217,Q4_MostVulnerable,1
County_2459,PA,20.6,8.6,13.3,0.9896562698917887,0.9632399745385105,0.8949713558243158,0.9492892000848716,Q4_MostVulnerable,1
County_2460,GA,14.3,6.3,9.5,0.867600254614895,0.7969446212603437,0.5264162953532782,0.7303203904095056,Q4_MostVulnerable,1
County_2461,KY,6.8,5.6,9.4,0.40388287714831317,0.6920751113940166,0.5135264162953532,0.5364948016125609,Q3,0
County_2462,GA,3.2,1.2,8.9,0.11950986632718014,0.043602800763844686,0.45019096117122853,0.20443454275408446,Q1_LeastVulnerable,0
County_2463,TN,4.9,5.9,7.3,0.24188415022278803,0.7418841502227881,0.2625716104392107,0.4154466369615956,Q2,0
County_2464,OK,5.3,4.9,6.7,0.27641629535327816,0.5724061107574793,0.20321451304901336,0.3506789730532569,Q2,0
County_2465,TX,3.1,2.8,6.9,0.11298535964353915,0.19462126034373012,0.22294716740929343,0.17685126246552088,Q1_LeastVulnerable,0
County_2466,CO,13.6,5.9,11.9,0.838319541693189,0.7418841502227881,0.8017186505410566,0.7939741141523445,Q4_MostVulnerable,1
County_2467,CA,11.9,6.3,11.4,0.7568427753023552,0.7969446212603437,0.7522278803309994,0.7686717589645662,Q4_MostVulnerable,1
County_2468,CA,7.5,6.5,3.7,0.4619669000636537,0.8200190961171229,0.02928071292170592,0.43708890303416087,Q2,0
County_2469,CO,7.1,4.3,6.4,0.43014003819223423,0.45401018459579884,0.1717059197963081,0.3519520475281137,Q2,0
County_2470,MS,10.8,5.5,8.7,0.6917568427753024,0.6744112030553787,0.4252068746021642,0.5971249734776151,Q3,0
County_2471,WA,9.0,4.7,9.8,0.5749522597071929,0.5316677275620624,0.5658816040738384,0.5575005304476979,Q3,0
County_2472,IA,6.4,6.6,8.6,0.3647358370464672,0.8302036919159771,0.41215786123488224,0.5356991300657755,Q3,0
County_2473,WA,6.6,3.4,9.6,0.3835136855506047,0.28580521960534694,0.5383513685550605,0.4025567579036707,Q2,0
County_2474,AR,13.3,5.9,12.2,0.8209739019732655,0.7418841502227881,0.8249522597071929,0.7959367706344155,Q4_MostVulnerable,1
County_2475,VA,4.6,5.6,4.7,0.22135582431572248,0.6920751113940166,0.058243157224697646,0.32389136431147886,Q2,0
County_2476,CO,13.3,6.2,14.5,0.8209739019732655,0.7835773392743476,0.9428707829408021,0.8491406747294716,Q4_MostVulnerable,1
County_2477,UT,9.8,6.6,12.4,0.6295353278166773,0.8302036919159771,0.8384786760025461,0.766072565245067,Q4_MostVulnerable,1
County_2478,CA,17.0,5.7,11.0,0.9458943348185869,0.7092616168045831,0.707511139401655,0.787555697008275,Q4_MostVulnerable,1
County_2479,WA,6.6,3.7,9.0,0.3835136855506047,0.3392743475493316,0.4619669000636537,0.39491831105453,Q2,0
County_2480,FL,3.1,5.2,5.4,0.11298535964353915,0.6247612985359644,0.0918204964990452,0.2765223848928496,Q1_LeastVulnerable,0
County_2481,IL,9.4,3.8,10.0,0.6053469127943985,0.3582113303628262,0.5910248249522597,0.5181943560364948,Q3,0
County_2482,MI,4.1,3.0,9.1,0.1839592616168046,0.22469764481222151,0.47374283895607894,0.2941332484617017,Q2,0
County_2483,KY,3.9,3.6,11.2,0.16709102482495225,0.3217695735200509,0.7313812858052197,0.406747294716741,Q2,0
County_2484,NC,16.3,5.4,14.7,0.9269573520050923,0.6578612348822406,0.9500318268618714,0.8449501379164014,Q4_MostVulnerable,1
County_2485,WV,13.7,5.5,12.5,0.8424570337364736,0.6744112030553787,0.8467536600891152,0.7878739656269893,Q4_MostVulnerable,1
County_2486,NJ,7.5,4.4,8.1,0.4619669000636537,0.47422024188415024,0.35534691279439845,0.4305113515807341,Q2,0
County_2487,OK,8.7,4.7,9.7,0.5550604710375557,0.5316677275620624,0.5517186505410566,0.5461489497135582,Q3,0
County_2488,CA,8.4,6.4,11.9,0.534213876511776,0.8095162316995544,0.8017186505410566,0.7151495862507957,Q4_MostVulnerable,1
County_2489,NY,10.9,7.6,10.4,0.7000318268618714,0.9194780394653087,0.6325588796944621,0.750689582007214,Q4_MostVulnerable,1
County_2490,MA,6.5,2.7,6.5,0.3733290897517505,0.18061744112030553,0.18125397835773394,0.24506683640993,Q1_LeastVulnerable,0
County_2491,TX,0.4,2.3,2.0,0.003500954805856143,0.13319541693189052,0.0060471037555697,0.047581158497772114,Q1_LeastVulnerable,0
County_2492,KY,2.5,3.8,7.3,0.07829408020369191,0.3582113303628262,0.2625716104392107,0.2330256736685763,Q1_LeastVulnerable,0
County_2493,NC,5.2,5.8,8.1,0.26718650541056654,0.7245385105028644,0.35534691279439845,0.44902397623594315,Q2,0
County_2494,FL,6.4,5.0,6.9,0.3647358370464672,0.5911839592616168,0.22294716740929343,0.39295565457245923,Q2,0
County_2495,GA,11.5,5.9,12.8,0.7342457033736474,0.7418841502227881,0.8647358370464672,0.7802885635476343,Q4_MostVulnerable,1
County_2496,KS,14.5,7.3,11.4,0.8738064926798218,0.8992679821769574,0.7522278803309994,0.8417674517292596,Q4_MostVulnerable,1
County_2497,IL,5.2,4.6,7.3,0.26718650541056654,0.5119350732017823,0.2625716104392107,0.3472310630171865,Q2,0
County_2498,GA,8.1,3.0,9.0,0.5103437301082113,0.22469764481222151,0.4619669000636537,0.39900275832802884,Q2,0
County_2499,CA,11.4,5.7,10.0,0.7289942711648632,0.7092616168045831,0.5910248249522597,0.6764269043072354,Q3,0
County_2500,TN,5.2,5.7,8.1,0.26718650541056654,0.7092616168045831,0.35534691279439845,0.4439316783365161,Q2,0
County_2501,CA,13.9,5.9,14.3,0.8515276893698281,0.7418841502227881,0.9352323360916613,0.8428813918947592,Q4_MostVulnerable,1
County_2502,TX,2.3,2.9,3.9,0.06795035009548059,0.20926161680458308,0.033895607893061744,0.1037025249310418,Q1_LeastVulnerable,0
County_2503,CA,7.4,3.8,9.7,0.45385105028644174,0.3582113303628262,0.5517186505410566,0.4545936770634415,Q2,0
County_2504,CA,7.3,0.7,9.0,0.4473265436028008,0.021005728835136857,0.4619669000636537,0.3100997241671971,Q2,0
County_2505,MO,11.2,5.4,10.9,0.7176957352005092,0.6578612348822406,0.6950986632718014,0.690218544451517,Q3,0
County_2506,MN,3.3,3.5,8.4,0.12842138765117758,0.30394653087205603,0.38749204328453213,0.27328665393592194,Q1_LeastVulnerable,0
County_2507,MI,14.0,5.4,12.1,0.8559834500318269,0.6578612348822406,0.8168364099299809,0.7768936982813495,Q4_MostVulnerable,1
County_2508,MT,12.1,3.9,12.0,0.7689369828134945,0.3771483131763208,0.8087205601527689,0.6516019520475281,Q3,0
County_2509,IL,7.5,2.9,10.2,0.4619669000636537,0.20926161680458308,0.6120305537873966,0.42775302355187783,Q2,0
County_2510,NC,6.5,5.1,7.3,0.3733290897517505,0.6078930617441121,0.2625716104392107,0.4145979206450244,Q2,0
County_2511,MN,10.9,8.2,11.0,0.7000318268618714,0.9481222151495863,0.707511139401655,0.7852217271377042,Q4_MostVulnerable,1
County_2512,IN,12.3,7.8,10.6,0.777689369828135,0.9310948440483768,0.6573838319541693,0.7887226819435603,Q4_MostVulnerable,1
County_2513,TN,12.9,3.9,11.2,0.8041056651814131,0.3771483131763208,0.7313812858052197,0.6375450880543179,Q3,0
County_2514,OK,5.1,4.8,6.9,0.25732017823042647,0.5514003819223424,0.22294716740929343,0.3438892425206874,Q2,0
County_2515,KY,4.5,2.3,8.2,0.21530872056015277,0.13319541693189052,0.3663271801400382,0.2382771058773605,Q1_LeastVulnerable,0
County_2516,TN,4.4,2.5,7.4,0.20910248249522598,0.1581795035009548,0.2737110120942075,0.2136643326967961,Q1_LeastVulnerable,0
County_2517,VA,13.4,5.3,12.5,0.8271801400381922,0.6411521323997453,0.8467536600891152,0.7716953108423509,Q4_MostVulnerable,1
County_2518,MS,7.5,5.3,8.7,0.4619669000636537,0.6411521323997453,0.4252068746021642,0.5094419690218545,Q3,0
County_2519,FL,3.7,4.6,3.6,0.1532463399108848,0.5119350732017823,0.026416295353278166,0.23053256948864842,Q1_LeastVulnerable,0
County_2520,VT,11.5,5.3,10.8,0.7342457033736474,0.6411521323997453,0.683004455760662,0.6861340971780182,Q3,0
County_2521,CT,11.9,5.5,11.1,0.7568427753023552,0.6744112030553787,0.7211966900063653,0.7174835561213664,Q4_MostVulnerable,1
County_2522,CA,6.6,4.7,8.8,0.3835136855506047,0.5316677275620624,0.4377784850413749,0.45098663271801404,Q2,0
County_2523,IN,2.8,3.7,5.2,0.09723106301718651,0.3392743475493316,0.08020369191597708,0.17223636749416507,Q1_LeastVulnerable,0
County_2524,OK,22.1,10.4,13.7,0.9941120305537874,0.9961807765754297,0.9143857415658816,0.9682261828983663,Q4_MostVulnerable,1
County_2525,VA,7.1,2.2,9.8,0.43014003819223423,0.1223742838956079,0.5658816040738384,0.3727986420538935,Q2,0
County_2526,NY,10.8,5.3,9.8,0.6917568427753024,0.6411521323997453,0.5658816040738384,0.632930193082962,Q3,0
County_2527,WA,6.8,2.4,8.7,0.40388287714831317,0.14528962444302992,0.4252068746021642,0.3247931253978358,Q2,0
County_2528,CA,4.6,3.3,6.7,0.22135582431572248,0.2686187141947804,0.20321451304901336,0.23106301718650543,Q1_LeastVulnerable,0
County_2529,CA,9.9,4.6,9.9,0.6360598345003182,0.5119350732017823,0.5786123488224061,0.5755357521748355,Q3,0
County_2530,NJ,3.6,3.0,5.9,0.1465626989178867,0.22469764481222151,0.12587523870146403,0.16571186081052405,Q1_LeastVulnerable,0
County_2531,WA,11.2,4.2,8.7,0.7176957352005092,0.4328453214513049,0.4252068746021642,0.5252493104179928,Q3,0
County_2532,MN,17.6,5.0,14.7,0.9586250795671547,0.5911839592616168,0.9500318268618714,0.8332802885635476,Q4_MostVulnerable,1
County_2533,CA,6.1,0.7,6.8,0.33800127307447486,0.021005728835136857,0.2145130490133673,0.19117335030765967,Q1_LeastVulnerable,0
County_2534,FL,5.6,3.5,8.1,0.3020369191597708,0.30394653087205603,0.35534691279439845,0.32044345427540843,Q2,0
County_2535,GA,4.0,2.6,7.8,0.17457033736473584,0.16931890515595163,0.31954169318905157,0.22114364523657967,Q1_LeastVulnerable,0
County_2536,IN,5.8,2.7,6.7,0.3166772756206238,0.18061744112030553,0.20321451304901336,0.23350307659664757,Q1_LeastVulnerable,0
County_2537,AR,6.6,6.0,5.9,0.3835136855506047,0.7577975811584978,0.12587523870146403,0.4223955018035222,Q2,0
County_2538,TX,13.8,4.8,16.7,0.8465945257797581,0.5514003819223424,0.9888605983450032,0.7956185020157012,Q4_MostVulnerable,1
County_2539,MN,10.0,7.1,8.9,0.6419478039465308,0.8771483131763208,0.45019096117122853,0.6564290260980267,Q3,0
County_2540,NC,13.1,8.4,12.8,0.8107893061744113,0.9565563335455124,0.8647358370464672,0.8773604922554635,Q4_MostVulnerable,1
County_2541,CA,5.9,0.8,11.8,0.32511139401655,0.023870146403564607,0.7921705919796308,0.38038404413324844,Q2,0
County_2542,CA,9.4,5.0,11.3,0.6053469127943985,0.5911839592616168,0.7404519414385742,0.6456609378315298,Q3,0
County_2543,NE,9.0,4.1,8.9,0.5749522597071929,0.41263526416295354,0.45019096117122853,0.4792594950137916,Q2,0
County_2544,TX,1.2,0.0,5.4,0.019255251432208784,0.004455760661998727,0.0918204964990452,0.03851050286441757,Q1_LeastVulnerable,0
County_2545,MS,1.3,0.2,4.0,0.0241884150222788,0.010025461489497135,0.0364417568427753,0.023551877784850416,Q1_LeastVulnerable,0
County_2546,TX,1.5,3.6,7.5,0.03166772756206238,0.3217695735200509,0.285964353914704,0.21313388499893912,Q1_LeastVulnerable,0
County_2547,SC,7.2,7.2,9.7,0.4387332908975175,0.8887651177593889,0.5517186505410566,0.626405686399321,Q3,0
County_2548,CA,12.2,7.0,10.1,0.7733927434754934,0.8682367918523234,0.6020050922978994,0.747878209208572,Q4_MostVulnerable,1
County_2549,FL,4.4,3.8,5.1,0.20910248249522598,0.3582113303628262,0.07447485677912158,0.21392955654572457,Q1_LeastVulnerable,0
County_2550,NY,2.7,2.8,3.7,0.09070655633354552,0.19462126034373012,0.02928071292170592,0.10486950986632719,Q1_LeastVulnerable,0
County_2551,MD,5.3,6.1,9.6,0.27641629535327816,0.7705283259070655,0.5383513685550605,0.5284319966051347,Q3,0
County_2552,IL,7.7,7.5,9.1,0.47835773392743475,0.9127943984723106,0.47374283895607894,0.6216316571186081,Q3,0
County_2553,LA,4.1,2.3,7.5,0.1839592616168046,0.13319541693189052,0.285964353914704,0.2010396774877997,Q1_LeastVulnerable,0
County_2554,MD,3.1,0.0,4.9,0.11298535964353915,0.004455760661998727,0.06572246976448122,0.061054530023339694,Q1_LeastVulnerable,0
County_2555,UT,3.0,0.0,3.6,0.10789306174411203,0.004455760661998727,0.026416295353278166,0.04625503925312965,Q1_LeastVulnerable,0
County_2556,CA,20.4,10.1,17.1,0.9882240611075748,0.9926798217695735,0.9925206874602164,0.9911415234457882,Q4_MostVulnerable,1
County_2557,ID,2.4,2.7,6.3,0.0728835136855506,0.18061744112030553,0.16152132399745386,0.13834075960110334,Q1_LeastVulnerable,0
County_2558,MS,10.4,5.4,12.0,0.6685232336091661,0.6578612348822406,0.8087205601527689,0.7117016762147251,Q4_MostVulnerable,1
County_2559,OH,20.1,5.3,14.3,0.9867918523233609,0.6411521323997453,0.9352323360916613,0.8543921069382558,Q4_MostVulnerable,1
County_2560,NY,13.4,4.9,11.2,0.8271801400381922,0.5724061107574793,0.7313812858052197,0.7103225122002971,Q4_MostVulnerable,1
County_2561,VA,3.1,2.5,8.0,0.11298535964353915,0.1581795035009548,0.343093570973902,0.20475281137279863,Q1_LeastVulnerable,0
County_2562,SC,17.4,7.5,15.1,0.9546467218332273,0.9127943984723106,0.9589433481858689,0.9421281561638022,Q4_MostVulnerable,1
County_2563,MO,2.6,2.2,7.9,0.08402291534054743,0.1223742838956079,0.33131763208147674,0.17923827710587736,Q1_LeastVulnerable,0
County_2564,FL,5.2,2.0,7.0,0.26718650541056654,0.10232336091661362,0.23313176320814769,0.20088054317844262,Q1_LeastVulnerable,0
County_2565,MA,6.6,2.8,9.5,0.3835136855506047,0.19462126034373012,0.5264162953532782,0.3681837470825376,Q2,0
County_2566,OH,3.3,4.8,8.9,0.12842138765117758,0.5514003819223424,0.45019096117122853,0.3766709102482495,Q2,0
County_2567,TN,8.7,5.0,9.2,0.5550604710375557,0.5911839592616168,0.4856779121578612,0.5439741141523445,Q3,0
County_2568,WA,4.4,4.2,6.2,0.20910248249522598,0.4328453214513049,0.1522915340547422,0.26474644600042435,Q1_LeastVulnerable,0
County_2569,NJ,20.0,6.7,17.7,0.9861553150859326,0.83991088478676,0.9955442393380013,0.9405368130702313,Q4_MostVulnerable,1
County_2570,MS,6.2,0.0,6.8,0.3475493316359007,0.004455760661998727,0.2145130490133673,0.1888393804370889,Q1_LeastVulnerable,0
County_2571,AK,12.1,4.8,12.3,0.7689369828134945,0.5514003819223424,0.8308402291534055,0.7170591979630808,Q4_MostVulnerable,1
County_2572,CA,17.3,5.9,13.6,0.952577975811585,0.7418841502227881,0.9096117122851687,0.8680246127731807,Q4_MostVulnerable,1
County_2573,CO,10.5,5.7,6.6,0.6745703373647358,0.7092616168045831,0.19080203691915978,0.5248779970294929,Q3,0
County_2574,CA,19.8,12.9,17.1,0.9842457033736474,1.0,0.9925206874602164,0.9922554636112878,Q4_MostVulnerable,1
County_2575,KY,13.1,7.0,6.0,0.8107893061744113,0.8682367918523234,0.1341502227880331,0.604392106938256,Q3,0
County_2576,IN,9.6,9.0,5.8,0.617600254614895,0.9759707192870783,0.11887332908975175,0.5708147676639084,Q3,0
County_2577,NY,6.9,4.9,9.5,0.4135900700190961,0.5724061107574793,0.5264162953532782,0.5041374920432845,Q3,0
County_2578,MS,2.1,1.7,7.1,0.059516231699554424,0.07670273711012095,0.2437937619350732,0.12667091024824953,Q1_LeastVulnerable,0
County_2579,NV,7.3,4.7,7.4,0.4473265436028008,0.5316677275620624,0.2737110120942075,0.41756842775302355,Q2,0
County_2580,MI,3.9,5.9,7.3,0.16709102482495225,0.7418841502227881,0.2625716104392107,0.390515595162317,Q2,0
County_2581,ID,14.9,9.2,7.4,0.8859007001909611,0.9801082113303629,0.2737110120942075,0.7132399745385105,Q4_MostVulnerable,1
County_2582,WA,3.9,2.3,8.4,0.16709102482495225,0.13319541693189052,0.38749204328453213,0.22925949501379161,Q1_LeastVulnerable,0
County_2583,CA,8.5,4.9,9.7,0.5423297262889879,0.5724061107574793,0.5517186505410566,0.5554848291958413,Q3,0
County_2584,VA,11.8,3.4,10.8,0.7517504774029281,0.28580521960534694,0.683004455760662,0.5735200509229791,Q3,0
County_2585,IL,3.5,4.3,6.8,0.14035646085295989,0.45401018459579884,0.2145130490133673,0.2696265648207087,Q1_LeastVulnerable,0
County_2586,MN,8.8,7.0,10.4,0.5614258434118395,0.8682367918523234,0.6325588796944621,0.687407171652875,Q3,0
County_2587,CA,5.5,3.7,7.7,0.2936028007638447,0.3392743475493316,0.30887969446212604,0.31391894759176747,Q2,0
County_2588,CA,10.8,4.2,6.7,0.6917568427753024,0.4328453214513049,0.20321451304901336,0.44260555909187355,Q2,0
County_2589,LA,2.6,3.3,10.7,0.08402291534054743,0.2686187141947804,0.6691597708465945,0.3406004667939741,Q2,0
County_2590,OR,19.7,8.5,17.3,0.9832908975175048,0.9602164226607256,0.9937937619350732,0.9791003607044345,Q4_MostVulnerable,1
County_2591,GA,9.4,4.9,7.1,0.6053469127943985,0.5724061107574793,0.2437937619350732,0.47384892849565036,Q2,0
County_2592,MO,17.7,7.6,13.2,0.9605346912794398,0.9194780394653087,0.8886059834500318,0.9228729047315934,Q4_MostVulnerable,1
County_2593,ID,13.5,5.8,11.3,0.8329089751750477,0.7245385105028644,0.7404519414385742,0.7659664757054955,Q4_MostVulnerable,1
County_2594,KY,4.9,5.0,9.6,0.24188415022278803,0.5911839592616168,0.5383513685550605,0.4571398260131551,Q2,0
County_2595,TX,12.3,6.8,6.8,0.777689369828135,0.8486632718014003,0.2145130490133673,0.6136218968809676,Q3,0
County_2596,TX,16.1,5.3,12.0,0.9204328453214513,0.6411521323997453,0.8087205601527689,0.7901018459579886,Q4_MostVulnerable,1
County_2597,MN,14.1,4.7,8.5,0.8599618077657543,0.5316677275620624,0.39942711648631446,0.5970188839380438,Q3,0
County_2598,GA,9.2,4.4,9.0,0.5902291534054742,0.47422024188415024,0.4619669000636537,0.508805431784426,Q3,0
County_2599,CT,4.5,4.5,6.3,0.21530872056015277,0.49267982176957353,0.16152132399745386,0.2898366221090601,Q2,0
County_2600,WA,11.3,5.6,10.8,0.7232654360280076,0.6920751113940166,0.683004455760662,0.6994483343942287,Q3,0
County_2601,FL,10.8,4.3,9.2,0.6917568427753024,0.45401018459579884,0.4856779121578612,0.5438149798429874,Q3,0
County_2602,SC,6.1,4.2,6.6,0.33800127307447486,0.4328453214513049,0.19080203691915978,0.32054954381497985,Q2,0
County_2603,KS,3.3,2.5,7.9,0.12842138765117758,0.1581795035009548,0.33131763208147674,0.2059728410778697,Q1_LeastVulnerable,0
County_2604,WI,9.7,6.2,10.8,0.6228516868236792,0.7835773392743476,0.683004455760662,0.6964778272862295,Q3,0
County_2605,KS,4.0,3.7,8.1,0.17457033736473584,0.3392743475493316,0.35534691279439845,0.2897305325694886,Q2,0
County_2606,IA,6.1,3.4,7.7,0.33800127307447486,0.28580521960534694,0.30887969446212604,0.3108953957139826,Q2,0
County_2607,NY,11.7,5.8,9.7,0.7458625079567155,0.7245385105028644,0.5517186505410566,0.6740398896668789,Q3,0
County_2608,WA,3.8,5.1,6.7,0.16008911521323999,0.6078930617441121,0.20321451304901336,0.3237322300021218,Q2,0
County_2609,WV,2.5,1.9,7.3,0.07829408020369191,0.09245703373647358,0.2625716104392107,0.14444090812645874,Q1_LeastVulnerable,0
County_2610,OH,1.8,3.1,1.5,0.045035009548058565,0.23949713558243158,0.0027052832590706557,0.09574580946318693,Q1_LeastVulnerable,0
County_2611,PA,10.5,5.0,11.0,0.6745703373647358,0.5911839592616168,0.707511139401655,0.6577551453426692,Q3,0
County_2612,MO,10.8,5.9,11.0,0.6917568427753024,0.7418841502227881,0.707511139401655,0.7137173774665818,Q4_MostVulnerable,1
County_2613,PA,6.4,2.9,8.3,0.3647358370464672,0.20926161680458308,0.37619350732017826,0.3167303203904095,Q2,0
County_2614,TX,13.5,6.2,11.5,0.8329089751750477,0.7835773392743476,0.7649586250795671,0.7938149798429874,Q4_MostVulnerable,1
County_2615,MI,7.0,5.7,3.3,0.42218332272437936,0.7092616168045831,0.019096117122851686,0.3835136855506047,Q2,0
County_2616,NM,7.2,2.7,7.7,0.4387332908975175,0.18061744112030553,0.30887969446212604,0.309410142159983,Q2,0
County_2617,MS,6.4,1.9,11.8,0.3647358370464672,0.09245703373647358,0.7921705919796308,0.41645448758752385,Q2,0
County_2618,MO,1.7,0.6,5.9,0.03930617441120306,0.018141311266709103,0.12587523870146403,0.061107574793125397,Q1_LeastVulnerable,0
County_2619,TX,5.2,1.8,7.0,0.26718650541056654,0.08338637810311904,0.23313176320814769,0.19456821557394444,Q1_LeastVulnerable,0
County_2620,IA,1.8,3.4,5.9,0.045035009548058565,0.28580521960534694,0.12587523870146403,0.1522384892849565,Q1_LeastVulnerable,0
County_2621,FL,5.5,1.6,8.5,0.2936028007638447,0.07001909611712286,0.39942711648631446,0.25434967112242735,Q1_LeastVulnerable,0
County_2622,MA,12.0,5.2,12.3,0.7627307447485678,0.6247612985359644,0.8308402291534055,0.739444090812646,Q4_MostVulnerable,1
County_2623,FL,1.4,3.3,5.2,0.02816677275620624,0.2686187141947804,0.08020369191597708,0.12566305962232124,Q1_LeastVulnerable,0
County_2624,MI,5.3,4.2,8.5,0.27641629535327816,0.4328453214513049,0.39942711648631446,0.3695629110969659,Q2,0
County_2625,TX,5.2,3.0,11.0,0.26718650541056654,0.22469764481222151,0.707511139401655,0.39979842987481434,Q2,0
County_2626,NM,11.2,5.7,12.6,0.7176957352005092,0.7092616168045831,0.8526416295353278,0.7598663271801401,Q4_MostVulnerable,1
County_2627,TX,4.2,3.4,11.8,0.19478039465308722,0.28580521960534694,0.7921705919796308,0.42425206874602167,Q2,0
County_2628,CO,12.9,5.5,10.1,0.8041056651814131,0.6744112030553787,0.6020050922978994,0.6935073201782304,Q3,0
County_2629,TX,4.6,3.0,10.6,0.22135582431572248,0.22469764481222151,0.6573838319541693,0.36781243369403777,Q2,0
County_2630,NJ,13.2,9.3,10.0,0.8155633354551242,0.9823360916613622,0.5910248249522597,0.7963080840229154,Q4_MostVulnerable,1
County_2631,AZ,12.3,6.9,11.9,0.777689369828135,0.8590070019096118,0.8017186505410566,0.8128050074262677,Q4_MostVulnerable,1
County_2632,NY,8.1,8.1,10.5,0.5103437301082113,0.9436664544875876,0.6451304901336729,0.6997135582431572,Q3,0
County_2633,WA,6.8,3.3,7.4,0.40388287714831317,0.2686187141947804,0.2737110120942075,0.315404201145767,Q2,0
County_2634,CA,2.7,2.7,6.5,0.09070655633354552,0.18061744112030553,0.18125397835773394,0.15085932527052834,Q1_LeastVulnerable,0
County_2635,NE,8.2,2.5,10.9,0.5181413112667091,0.1581795035009548,0.6950986632718014,0.4571398260131551,Q2,0
County_2636,VT,13.3,4.8,10.2,0.8209739019732655,0.5514003819223424,0.6120305537873966,0.6614682792276682,Q3,0
County_2637,AL,3.3,5.8,10.0,0.12842138765117758,0.7245385105028644,0.5910248249522597,0.481328241035434,Q2,0
County_2638,NY,13.5,5.3,9.0,0.8329089751750477,0.6411521323997453,0.4619669000636537,0.6453426692128156,Q3,0
County_2639,MI,14.7,9.3,16.2,0.8814449395289624,0.9823360916613622,0.9837683004455761,0.9491831105453001,Q4_MostVulnerable,1
County_2640,IA,4.2,1.4,9.1,0.19478039465308722,0.055856142584341184,0.47374283895607894,0.24145979206450244,Q1_LeastVulnerable,0
County_2641,NY,8.0,2.8,8.8,0.5028644175684277,0.19462126034373012,0.4377784850413749,0.37842138765117755,Q2,0
County_2642,CA,18.7,7.1,13.5,0.9740611075747931,0.8771483131763208,0.9048376830044558,0.9186823679185232,Q4_MostVulnerable,1
County_2643,OR,5.2,3.5,6.6,0.26718650541056654,0.30394653087205603,0.19080203691915978,0.25397835773392746,Q1_LeastVulnerable,0
County_2644,AL,12.6,7.2,11.0,0.7915340547422024,0.8887651177593889,0.707511139401655,0.7959367706344155,Q4_MostVulnerable,1
County_2645,IL,4.2,3.9,7.0,0.19478039465308722,0.3771483131763208,0.23313176320814769,0.2683534903458519,Q1_LeastVulnerable,0
County_2646,MN,7.2,3.5,11.1,0.4387332908975175,0.30394653087205603,0.7211966900063653,0.4879588372586463,Q2,0
County_2647,KS,4.7,3.2,11.3,0.22756206238064927,0.25302355187778486,0.7404519414385742,0.40701251856566945,Q2,0
County_2648,IL,6.8,3.6,8.8,0.40388287714831317,0.3217695735200509,0.4377784850413749,0.38781031190324633,Q2,0
County_2649,TN,11.4,4.0,9.0,0.7289942711648632,0.39449395289624445,0.4619669000636537,0.5284850413749204,Q3,0
County_2650,VA,8.0,3.1,7.9,0.5028644175684277,0.23949713558243158,0.33131763208147674,0.357893061744112,Q2,0
County_2651,TX,8.1,6.0,8.7,0.5103437301082113,0.7577975811584978,0.4252068746021642,0.5644493952896245,Q3,0
County_2652,MS,4.2,0.5,5.0,0.19478039465308722,0.015436028007638446,0.06954169318905155,0.09325270528325907,Q1_LeastVulnerable,0
County_2653,TX,16.7,9.4,11.0,0.9385741565881605,0.9840865690642903,0.707511139401655,0.8767239550180351,Q4_MostVulnerable,1
County_2654,VA,16.4,6.4,17.4,0.9302991725015913,0.8095162316995544,0.9944302991725016,0.9114152344578824,Q4_MostVulnerable,1
County_2655,LA,11.0,4.1,11.1,0.7067154678548695,0.41263526416295354,0.7211966900063653,0.6135158073413961,Q3,0
County_2656,IL,20.1,9.1,13.4,0.9867918523233609,0.9780394653087205,0.9005410566518142,0.9551241247612984,Q4_MostVulnerable,1
County_2657,CA,11.9,7.8,12.6,0.7568427753023552,0.9310948440483768,0.8526416295353278,0.8468597496286866,Q4_MostVulnerable,1
County_2658,MI,0.9,4.0,3.1,0.011775938892425206,0.39449395289624445,0.01639083386378103,0.1408869085508169,Q1_LeastVulnerable,0
County_2659,WA,2.8,3.6,4.2,0.09723106301718651,0.3217695735200509,0.0429662635264163,0.15398896668788456,Q1_LeastVulnerable,0
County_2660,MO,5.3,5.2,6.1,0.27641629535327816,0.6247612985359644,0.14306174411203054,0.3480797793337577,Q2,0
County_2661,NC,11.4,2.8,14.0,0.7289942711648632,0.19462126034373012,0.9253660089115213,0.6163271801400382,Q3,0
County_2662,CA,2.1,1.8,5.5,0.059516231699554424,0.08338637810311904,0.098026734563972,0.0803097814555485,Q1_LeastVulnerable,0
County_2663,CO,8.5,3.2,4.4,0.5423297262889879,0.25302355187778486,0.0483768300445576,0.28124336940377676,Q1_LeastVulnerable,0
County_2664,MI,12.4,7.6,13.6,0.7821451304901337,0.9194780394653087,0.9096117122851687,0.870411627413537,Q4_MostVulnerable,1
County_2665,WA,5.8,3.2,7.3,0.3166772756206238,0.25302355187778486,0.2625716104392107,0.27742414597920645,Q1_LeastVulnerable,0
County_2666,IA,8.9,5.9,5.8,0.5682686187141948,0.7418841502227881,0.11887332908975175,0.47634203267557823,Q2,0
County_2667,TX,10.3,5.9,9.5,0.6618395926161681,0.7418841502227881,0.5264162953532782,0.6433800127307449,Q3,0
County_2668,CA,10.9,4.0,11.5,0.7000318268618714,0.39449395289624445,0.7649586250795671,0.6198281349458944,Q3,0
County_2669,NM,6.6,3.1,9.1,0.3835136855506047,0.23949713558243158,0.47374283895607894,0.3655845533630384,Q2,0
County_2670,NH,13.4,7.9,15.3,0.8271801400381922,0.936187141947804,0.9648313176320815,0.909399533206026,Q4_MostVulnerable,1
County_2671,TX,5.9,2.6,6.2,0.32511139401655,0.16931890515595163,0.1522915340547422,0.21557394440908126,Q1_LeastVulnerable,0
County_2672,AL,8.4,4.7,9.3,0.534213876511776,0.5316677275620624,0.4990451941438574,0.5216422660725653,Q3,0
County_2673,CT,7.7,3.1,7.5,0.47835773392743475,0.23949713558243158,0.285964353914704,0.3346064078081901,Q2,0
County_2674,FL,6.9,3.6,5.4,0.4135900700190961,0.3217695735200509,0.0918204964990452,0.2757267133460641,Q1_LeastVulnerable,0
County_2675,WA,9.2,4.7,11.4,0.5902291534054742,0.5316677275620624,0.7522278803309994,0.6247082537661787,Q3,0
County_2676,CO,15.3,5.4,13.6,0.897040101845958,0.6578612348822406,0.9096117122851687,0.8215043496711224,Q4_MostVulnerable,1
County_2677,AR,1.8,1.1,6.5,0.045035009548058565,0.03739656269891789,0.18125397835773394,0.08789518353490346,Q1_LeastVulnerable,0
County_2678,MS,7.1,4.6,9.4,0.43014003819223423,0.5119350732017823,0.5135264162953532,0.4852005092297899,Q2,0
County_2679,MS,2.9,1.6,5.1,0.10280076384468491,0.07001909611712286,0.07447485677912158,0.08243157224697645,Q1_LeastVulnerable,0
County_2680,TN,1.8,1.3,3.9,0.045035009548058565,0.050127307447485676,0.033895607893061744,0.04301930829620199,Q1_LeastVulnerable,0
County_2681,WA,4.7,2.0,7.5,0.22756206238064927,0.10232336091661362,0.285964353914704,0.20528325907065562,Q1_LeastVulnerable,0
County_2682,MS,16.4,6.8,15.5,0.9302991725015913,0.8486632718014003,0.970560152768937,0.9165075323573095,Q4_MostVulnerable,1
County_2683,VA,9.6,6.3,13.0,0.617600254614895,0.7969446212603437,0.8779439847231063,0.7641629535327817,Q4_MostVulnerable,1
County_2684,OK,6.2,6.1,9.7,0.3475493316359007,0.7705283259070655,0.5517186505410566,0.556598769361341,Q3,0
County_2685,GA,5.1,2.4,7.6,0.25732017823042647,0.14528962444302992,0.2980585614258434,0.23355612136643325,Q1_LeastVulnerable,0
County_2686,VA,10.3,8.3,10.7,0.6618395926161681,0.9524188415022279,0.6691597708465945,0.7611394016549968,Q4_MostVulnerable,1
County_2687,NC,7.8,2.8,8.9,0.4859961807765754,0.19462126034373012,0.45019096117122853,0.376936134097178,Q2,0
County_2688,LA,6.5,5.6,6.2,0.3733290897517505,0.6920751113940166,0.1522915340547422,0.4058985784001698,Q2,0
County_2689,NC,2.5,1.7,6.3,0.07829408020369191,0.07670273711012095,0.16152132399745386,0.10550604710375559,Q1_LeastVulnerable,0
County_2690,KY,4.1,1.9,4.4,0.1839592616168046,0.09245703373647358,0.0483768300445576,0.10826437513261193,Q1_LeastVulnerable,0
County_2691,CA,15.3,5.5,12.4,0.897040101845958,0.6744112030553787,0.8384786760025461,0.8033099936346276,Q4_MostVulnerable,1
County_2692,OH,9.1,4.6,12.8,0.5819541693189052,0.5119350732017823,0.8647358370464672,0.6528750265223849,Q3,0
County_2693,TN,4.0,4.1,8.7,0.17457033736473584,0.41263526416295354,0.4252068746021642,0.3374708253766179,Q2,0
County_2694,OK,9.9,6.0,8.1,0.6360598345003182,0.7577975811584978,0.35534691279439845,0.5830681094844048,Q3,0
County_2695,FL,13.1,4.5,11.4,0.8107893061744113,0.49267982176957353,0.7522278803309994,0.6852323360916613,Q3,0
County_2696,WA,5.1,2.1,5.9,0.25732017823042647,0.11171228516868237,0.12587523870146403,0.1649692340335243,Q1_LeastVulnerable,0
County_2697,AZ,7.0,2.7,8.4,0.42218332272437936,0.18061744112030553,0.38749204328453213,0.3300976023764057,Q2,0
County_2698,IN,7.4,4.1,10.8,0.45385105028644174,0.41263526416295354,0.683004455760662,0.5164969234033524,Q3,0
County_2699,GA,3.8,2.8,8.2,0.16008911521323999,0.19462126034373012,0.3663271801400382,0.2403458518990028,Q1_LeastVulnerable,0
County_2700,CA,9.2,3.3,14.6,0.5902291534054742,0.2686187141947804,0.9463717377466582,0.6017398684489709,Q3,0
County_2701,LA,4.0,3.6,9.4,0.17457033736473584,0.3217695735200509,0.5135264162953532,0.3366221090600467,Q2,0
County_2702,NM,2.0,6.0,6.4,0.054423933800127305,0.7577975811584978,0.1717059197963081,0.32797581158497774,Q2,0
County_2703,TX,3.9,2.4,8.3,0.16709102482495225,0.14528962444302992,0.37619350732017826,0.22952471886272016,Q1_LeastVulnerable,0
County_2704,WI,8.9,4.0,9.0,0.5682686187141948,0.39449395289624445,0.4619669000636537,0.47490982389136427,Q2,0
County_2705,SC,4.1,4.1,4.8,0.1839592616168046,0.41263526416295354,0.06206238064926798,0.2195523021430087,Q1_LeastVulnerable,0
County_2706,MI,7.2,3.3,11.2,0.4387332908975175,0.2686187141947804,0.7313812858052197,0.47957776363250587,Q2,0
County_2707,OK,7.9,5.4,11.0,0.4949077021005729,0.6578612348822406,0.707511139401655,0.6200933587948229,Q3,0
County_2708,TN,2.6,1.7,5.8,0.08402291534054743,0.07670273711012095,0.11887332908975175,0.09319966051347338,Q1_LeastVulnerable,0
County_2709,MI,20.7,11.0,15.9,0.9906110757479313,0.9980903882877148,0.9793125397835774,0.9893380012730745,Q4_MostVulnerable,1
County_2710,PA,6.1,4.3,10.5,0.33800127307447486,0.45401018459579884,0.6451304901336729,0.47904731593464883,Q2,0
County_2711,MI,12.6,4.9,13.0,0.7915340547422024,0.5724061107574793,0.8779439847231063,0.7472947167409293,Q4_MostVulnerable,1
County_2712,KY,7.1,3.3,5.6,0.43014003819223423,0.2686187141947804,0.10471037555697009,0.2678230426479949,Q1_LeastVulnerable,0
County_2713,MS,12.5,5.0,11.7,0.7862826225334182,0.5911839592616168,0.7824633991088479,0.7199766603012941,Q4_MostVulnerable,1
County_2714,NC,11.3,7.5,10.3,0.7232654360280076,0.9127943984723106,0.6222151495862508,0.7527583280288562,Q4_MostVulnerable,1
County_2715,OK,7.9,2.5,11.2,0.4949077021005729,0.1581795035009548,0.7313812858052197,0.46148949713558246,Q2,0
County_2716,IA,2.1,1.6,8.1,0.059516231699554424,0.07001909611712286,0.35534691279439845,0.16162741353702526,Q1_LeastVulnerable,0
County_2717,MT,16.5,6.1,15.9,0.9334818586887333,0.7705283259070655,0.9793125397835774,0.8944409081264588,Q4_MostVulnerable,1
County_2718,UT,3.9,3.1,4.7,0.16709102482495225,0.23949713558243158,0.058243157224697646,0.15494377254402716,Q1_LeastVulnerable,0
County_2719,WV,2.7,2.4,4.8,0.09070655633354552,0.14528962444302992,0.06206238064926798,0.09935285380861447,Q1_LeastVulnerable,0
County_2720,FL,11.8,3.3,13.1,0.7517504774029281,0.2686187141947804,0.8838319541693189,0.6347337152556758,Q3,0
County_2721,CT,9.0,4.1,8.3,0.5749522597071929,0.41263526416295354,0.37619350732017826,0.45459367706344156,Q2,0
County_2722,NC,7.2,4.0,5.6,0.4387332908975175,0.39449395289624445,0.10471037555697009,0.31264587311691067,Q2,0
County_2723,LA,5.1,2.6,8.6,0.25732017823042647,0.16931890515595163,0.41215786123488224,0.2795989815404201,Q1_LeastVulnerable,0
County_2724,AZ,15.1,7.6,11.4,0.8913112667091024,0.9194780394653087,0.7522278803309994,0.8543390621684702,Q4_MostVulnerable,1
County_2725,IA,3.1,4.3,10.1,0.11298535964353915,0.45401018459579884,0.6020050922978994,0.3896668788457458,Q2,0
County_2726,SC,8.3,4.4,9.7,0.5256206238064927,0.47422024188415024,0.5517186505410566,0.5171865054105665,Q3,0
County_2727,SC,2.7,3.2,6.7,0.09070655633354552,0.25302355187778486,0.20321451304901336,0.1823148737534479,Q1_LeastVulnerable,0
County_2728,MI,11.4,2.2,10.0,0.7289942711648632,0.1223742838956079,0.5910248249522597,0.4807977933375769,Q2,0
County_2729,MI,19.9,7.3,18.1,0.9853596435391471,0.8992679821769574,0.9968173138128581,0.9604816465096541,Q4_MostVulnerable,1
County_2730,NE,10.4,6.6,10.9,0.6685232336091661,0.8302036919159771,0.6950986632718014,0.7312751962656482,Q4_MostVulnerable,1
County_2731,FL,4.1,2.6,6.3,0.1839592616168046,0.16931890515595163,0.16152132399745386,0.17159983025673672,Q1_LeastVulnerable,0
County_2732,MS,12.6,4.7,9.7,0.7915340547422024,0.5316677275620624,0.5517186505410566,0.6249734776151071,Q3,0
County_2733,AL,5.5,7.1,7.6,0.2936028007638447,0.8771483131763208,0.2980585614258434,0.4896032251220029,Q3,0
County_2734,MI,4.8,6.2,5.5,0.23424570337364736,0.7835773392743476,0.098026734563972,0.3719499257373223,Q2,0
County_2735,IN,7.1,4.8,10.6,0.43014003819223423,0.5514003819223424,0.6573838319541693,0.5463080840229153,Q3,0
County_2736,NC,2.0,4.3,2.4,0.054423933800127305,0.45401018459579884,0.008274984086569064,0.17223636749416504,Q1_LeastVulnerable,0
County_2737,NY,16.9,3.7,13.2,0.9433481858688734,0.3392743475493316,0.8886059834500318,0.7237428389560789,Q4_MostVulnerable,1
County_2738,KY,7.9,3.2,10.2,0.4949077021005729,0.25302355187778486,0.6120305537873966,0.4533206025885848,Q2,0
County_2739,AL,8.3,3.8,9.8,0.5256206238064927,0.3582113303628262,0.5658816040738384,0.4832378527477191,Q2,0
County_2740,GA,15.5,6.3,11.3,0.9018141311266709,0.7969446212603437,0.7404519414385742,0.8130702312751964,Q4_MostVulnerable,1
County_2741,NY,15.8,6.0,14.2,0.9119987269255252,0.7577975811584978,0.9307765754296626,0.8668576278378953,Q4_MostVulnerable,1
County_2742,CA,5.4,0.0,5.9,0.28516868236791854,0.004455760661998727,0.12587523870146403,0.13849989391046044,Q1_LeastVulnerable,0
County_2743,CA,8.5,5.1,9.2,0.5423297262889879,0.6078930617441121,0.4856779121578612,0.5453002333969871,Q3,0
County_2744,NY,4.3,4.1,8.4,0.20305537873965626,0.41263526416295354,0.38749204328453213,0.33439422872904734,Q2,0
County_2745,PA,13.8,8.6,12.8,0.8465945257797581,0.9632399745385105,0.8647358370464672,0.8915234457882453,Q4_MostVulnerable,1
County_2746,IN,16.5,5.8,11.9,0.9334818586887333,0.7245385105028644,0.8017186505410566,0.8199130065775515,Q4_MostVulnerable,1
County_2747,MI,1.7,1.2,8.3,0.03930617441120306,0.043602800763844686,0.37619350732017826,0.153034160831742,Q1_LeastVulnerable,0
County_2748,WA,17.1,3.1,13.7,0.9484404837683005,0.23949713558243158,0.9143857415658816,0.7007744536388713,Q3,0
County_2749,WA,3.4,2.6,8.2,0.13542329726288987,0.16931890515595163,0.3663271801400382,0.22368979418629323,Q1_LeastVulnerable,0
County_2750,IL,5.8,5.1,11.0,0.3166772756206238,0.6078930617441121,0.707511139401655,0.5440271589221303,Q3,0
County_2751,SC,2.6,1.9,8.5,0.08402291534054743,0.09245703373647358,0.39942711648631446,0.19196902185444517,Q1_LeastVulnerable,0
County_2752,NV,10.0,8.2,12.2,0.6419478039465308,0.9481222151495863,0.8249522597071929,0.8050074262677699,Q4_MostVulnerable,1
County_2753,WV,3.5,2.7,7.1,0.14035646085295989,0.18061744112030553,0.2437937619350732,0.18825588796944623,Q1_LeastVulnerable,0
County_2754,MI,6.5,4.2,9.8,0.3733290897517505,0.4328453214513049,0.5658816040738384,0.4573520050922979,Q2,0
County_2755,PA,6.4,1.9,8.6,0.3647358370464672,0.09245703373647358,0.41215786123488224,0.28978357733927435,Q2,0
County_2756,PA,1.3,2.8,3.2,0.0241884150222788,0.19462126034373012,0.017345639719923617,0.07871843836197752,Q1_LeastVulnerable,0
County_2757,MI,10.2,2.1,10.7,0.6549968173138129,0.11171228516868237,0.6691597708465945,0.4786229577763632,Q2,0
County_2758,SC,0.9,3.3,6.0,0.011775938892425206,0.2686187141947804,0.1341502227880331,0.13818162529174624,Q1_LeastVulnerable,0
County_2759,GA,6.0,4.9,9.2,0.33195416931890515,0.5724061107574793,0.4856779121578612,0.4633460640780818,Q2,0
County_2760,CA,12.2,7.7,10.8,0.7733927434754934,0.9250477402928071,0.683004455760662,0.7938149798429874,Q4_MostVulnerable,1
County_2761,LA,12.9,4.3,9.9,0.8041056651814131,0.45401018459579884,0.5786123488224061,0.6122427328665393,Q3,0
County_2762,VA,6.0,4.1,9.3,0.33195416931890515,0.41263526416295354,0.4990451941438574,0.41454487587523864,Q2,0
County_2763,MN,3.3,3.8,4.0,0.12842138765117758,0.3582113303628262,0.0364417568427753,0.174358158285593,Q1_LeastVulnerable,0
County_2764,NY,9.4,5.5,12.6,0.6053469127943985,0.6744112030553787,0.8526416295353278,0.7107999151283684,Q4_MostVulnerable,1
County_2765,NM,10.3,3.8,9.7,0.6618395926161681,0.3582113303628262,0.5517186505410566,0.5239231911733503,Q3,0
County_2766,CA,11.6,1.9,11.3,0.7396562698917887,0.09245703373647358,0.7404519414385742,0.5241884150222789,Q3,0
County_2767,KY,7.5,4.8,9.9,0.4619669000636537,0.5514003819223424,0.5786123488224061,0.530659876936134,Q3,0
County_2768,OH,12.6,5.6,12.5,0.7915340547422024,0.6920751113940166,0.8467536600891152,0.7767876087417781,Q4_MostVulnerable,1
County_2769,WV,6.3,3.0,5.3,0.35709739019732656,0.22469764481222151,0.08625079567154678,0.22268194356036497,Q1_LeastVulnerable,0
County_2770,CO,6.2,5.0,9.8,0.3475493316359007,0.5911839592616168,0.5658816040738384,0.5015382983237853,Q3,0
County_2771,LA,6.2,3.8,8.7,0.3475493316359007,0.3582113303628262,0.4252068746021642,0.3769891788669637,Q2,0
County_2772,CA,9.4,2.8,8.4,0.6053469127943985,0.19462126034373012,0.38749204328453213,0.3958200721408869,Q2,0
County_2773,GA,7.3,1.3,7.1,0.4473265436028008,0.050127307447485676,0.2437937619350732,0.24708253766178656,Q1_LeastVulnerable,0
County_2774,KS,15.7,5.0,12.2,0.9081795035009548,0.5911839592616168,0.8249522597071929,0.7747719074899214,Q4_MostVulnerable,1
County_2775,MS,14.9,10.1,9.9,0.8859007001909611,0.9926798217695735,0.5786123488224061,0.8190642902609803,Q4_MostVulnerable,1
County_2776,FL,8.5,5.6,12.7,0.5423297262889879,0.6920751113940166,0.8580521960534692,0.6974856779121579,Q3,0
County_2777,FL,1.7,2.8,8.8,0.03930617441120306,0.19462126034373012,0.4377784850413749,0.223901973265436,Q1_LeastVulnerable,0
County_2778,PA,16.8,6.8,14.3,0.9406429026098027,0.8486632718014003,0.9352323360916613,0.9081795035009548,Q4_MostVulnerable,1
County_2779,WA,11.3,5.0,10.2,0.7232654360280076,0.5911839592616168,0.6120305537873966,0.6421599830256737,Q3,0
County_2780,IN,2.3,4.4,5.8,0.06795035009548059,0.47422024188415024,0.11887332908975175,0.2203479736897942,Q1_LeastVulnerable,0
County_2781,OH,12.2,4.9,12.6,0.7733927434754934,0.5724061107574793,0.8526416295353278,0.7328134945894336,Q4_MostVulnerable,1
County_2782,GA,1.8,3.4,9.4,0.045035009548058565,0.28580521960534694,0.5135264162953532,0.2814555484829196,Q1_LeastVulnerable,0
County_2783,VA,2.2,2.1,5.0,0.06397199236155315,0.11171228516868237,0.06954169318905155,0.08174199023976236,Q1_LeastVulnerable,0
County_2784,NC,6.8,6.9,6.1,0.40388287714831317,0.8590070019096118,0.14306174411203054,0.4686505410566519,Q2,0
County_2785,SC,24.0,10.3,20.1,0.9992043284532145,0.99506683640993,0.9996817313812858,0.9979842987481433,Q4_MostVulnerable,1
County_2786,CA,4.1,5.1,3.5,0.1839592616168046,0.6078930617441121,0.024029280712921704,0.27196053469127945,Q1_LeastVulnerable,0
County_2787,NH,16.5,6.1,11.2,0.9334818586887333,0.7705283259070655,0.7313812858052197,0.8117971568003396,Q4_MostVulnerable,1
County_2788,MS,12.5,7.3,10.7,0.7862826225334182,0.8992679821769574,0.6691597708465945,0.7849034585189901,Q4_MostVulnerable,1
County_2789,IL,4.1,2.8,3.9,0.1839592616168046,0.19462126034373012,0.033895607893061744,0.13749204328453216,Q1_LeastVulnerable,0
County_2790,GA,9.5,5.0,12.0,0.6120305537873966,0.5911839592616168,0.8087205601527689,0.6706450244005943,Q3,0
County_2791,NE,17.1,9.6,15.3,0.9484404837683005,0.9866327180140039,0.9648313176320815,0.9666348398047951,Q4_MostVulnerable,1
County_2792,OH,10.9,3.7,9.3,0.7000318268618714,0.3392743475493316,0.4990451941438574,0.5127837895183535,Q3,0
County_2793,AZ,2.6,3.1,8.8,0.08402291534054743,0.23949713558243158,0.4377784850413749,0.2537661786547846,Q1_LeastVulnerable,0
County_2794,MO,1.6,3.1,8.7,0.03516868236791852,0.23949713558243158,0.4252068746021642,0.23329089751750476,Q1_LeastVulnerable,0
County_2795,CO,13.0,6.7,11.3,0.8068109484404837,0.83991088478676,0.7404519414385742,0.7957245915552726,Q4_MostVulnerable,1
County_2796,CO,4.8,2.8,6.5,0.23424570337364736,0.19462126034373012,0.18125397835773394,0.2033736473583705,Q1_LeastVulnerable,0
County_2797,NM,7.3,7.3,13.2,0.4473265436028008,0.8992679821769574,0.8886059834500318,0.7450668364099299,Q4_MostVulnerable,1
County_2798,IL,5.5,1.7,9.2,0.2936028007638447,0.07670273711012095,0.4856779121578612,0.28532781667727564,Q1_LeastVulnerable,0
County_2799,MD,6.2,6.1,8.6,0.3475493316359007,0.7705283259070655,0.41215786123488224,0.5100785062592829,Q3,0
County_2800,IA,6.1,5.7,10.8,0.33800127307447486,0.7092616168045831,0.683004455760662,0.5767557818799066,Q3,0
County_2801,NY,4.2,6.1,7.7,0.19478039465308722,0.7705283259070655,0.30887969446212604,0.424729471674093,Q2,0
County_2802,MI,11.1,3.0,9.5,0.7122851686823679,0.22469764481222151,0.5264162953532782,0.48779970294928915,Q2,0
County_2803,WA,12.5,4.4,11.4,0.7862826225334182,0.47422024188415024,0.7522278803309994,0.6709102482495227,Q3,0
County_2804,IA,4.5,5.6,9.3,0.21530872056015277,0.6920751113940166,0.4990451941438574,0.4688096753660089,Q2,0
County_2805,OR,4.8,0.6,3.4,0.23424570337364736,0.018141311266709103,0.021801400381922343,0.0913961383407596,Q1_LeastVulnerable,0
County_2806,GA,14.4,3.9,11.6,0.8711012094207511,0.3771483131763208,0.77466581795035,0.6743051135158072,Q3,0
County_2807,MN,4.2,2.5,9.9,0.19478039465308722,0.1581795035009548,0.5786123488224061,0.31052408232548273,Q2,0
County_2808,MO,10.7,5.5,9.3,0.6853914704010184,0.6744112030553787,0.4990451941438574,0.6196159558667514,Q3,0
County_2809,IN,15.6,9.1,15.9,0.9048376830044558,0.9780394653087205,0.9793125397835774,0.9540632293655845,Q4_MostVulnerable,1
County_2810,MI,3.2,2.7,9.4,0.11950986632718014,0.18061744112030553,0.5135264162953532,0.27121790791427963,Q1_LeastVulnerable,0
County_2811,ID,4.9,2.6,7.3,0.24188415022278803,0.16931890515595163,0.2625716104392107,0.22459155527265015,Q1_LeastVulnerable,0
County_2812,AL,5.2,4.0,6.5,0.26718650541056654,0.39449395289624445,0.18125397835773394,0.2809781455548483,Q1_LeastVulnerable,0
County_2813,FL,6.6,4.7,7.7,0.3835136855506047,0.5316677275620624,0.30887969446212604,0.40802036919159773,Q2,0
County_2814,OH,8.6,5.2,14.6,0.5488542329726289,0.6247612985359644,0.9463717377466582,0.7066624230850839,Q3,0
County_2815,PA,5.3,3.3,11.4,0.27641629535327816,0.2686187141947804,0.7522278803309994,0.4324209632930193,Q2,0
County_2816,ID,10.1,2.1,10.3,0.6484723106301719,0.11171228516868237,0.6222151495862508,0.4607999151283684,Q2,0
County_2817,LA,11.3,4.0,9.5,0.7232654360280076,0.39449395289624445,0.5264162953532782,0.5480585614258434,Q3,0
County_2818,AR,23.3,11.1,16.9,0.9974538510502864,0.9988860598345003,0.9910884786760026,0.9958094631869298,Q4_MostVulnerable,1
County_2819,GA,14.6,6.6,12.8,0.8776257161043921,0.8302036919159771,0.8647358370464672,0.8575217483556122,Q4_MostVulnerable,1
County_2820,PA,10.8,4.8,7.9,0.6917568427753024,0.5514003819223424,0.33131763208147674,0.5248249522597072,Q3,0
County_2821,NJ,7.7,6.0,9.0,0.47835773392743475,0.7577975811584978,0.4619669000636537,0.5660407383831955,Q3,0
County_2822,FL,6.6,2.3,11.0,0.3835136855506047,0.13319541693189052,0.707511139401655,0.40807341396138347,Q2,0
County_2823,GA,13.8,5.8,8.3,0.8465945257797581,0.7245385105028644,0.37619350732017826,0.6491088478676003,Q3,0
County_2824,SD,6.2,4.1,9.7,0.3475493316359007,0.41263526416295354,0.5517186505410566,0.4373010821133036,Q2,0
County_2825,FL,6.3,3.2,10.9,0.35709739019732656,0.25302355187778486,0.6950986632718014,0.43507320178230424,Q2,0
County_2826,IN,4.2,3.4,6.0,0.19478039465308722,0.28580521960534694,0.1341502227880331,0.20491194568215576,Q1_LeastVulnerable,0
County_2827,NC,6.6,3.7,11.7,0.3835136855506047,0.3392743475493316,0.7824633991088479,0.5017504774029281,Q3,0
County_2828,MO,3.6,1.0,5.4,0.1465626989178867,0.03214513049013367,0.0918204964990452,0.09017610863568852,Q1_LeastVulnerable,0
County_2829,MA,7.9,4.6,9.8,0.4949077021005729,0.5119350732017823,0.5658816040738384,0.5242414597920645,Q3,0
County_2830,TX,6.3,1.9,7.6,0.35709739019732656,0.09245703373647358,0.2980585614258434,0.24920432845321452,Q1_LeastVulnerable,0
County_2831,FL,8.4,4.8,8.6,0.534213876511776,0.5514003819223424,0.41215786123488224,0.4992573732230002,Q3,0
County_2832,OR,7.7,6.4,7.6,0.47835773392743475,0.8095162316995544,0.2980585614258434,0.5286441756842776,Q3,0
County_2833,CO,11.4,5.0,12.1,0.7289942711648632,0.5911839592616168,0.8168364099299809,0.7123382134521536,Q4_MostVulnerable,1
County_2834,NM,8.2,2.7,10.8,0.5181413112667091,0.18061744112030553,0.683004455760662,0.4605877360492256,Q2,0
County_2835,TX,10.1,4.8,9.9,0.6484723106301719,0.5514003819223424,0.5786123488224061,0.5928283471249735,Q3,0
County_2836,MA,10.1,3.8,7.3,0.6484723106301719,0.3582113303628262,0.2625716104392107,0.42308508381073623,Q2,0
County_2837,OK,9.2,5.7,10.4,0.5902291534054742,0.7092616168045831,0.6325588796944621,0.6440165499681731,Q3,0
County_2838,TN,9.7,4.7,10.7,0.6228516868236792,0.5316677275620624,0.6691597708465945,0.607893061744112,Q3,0
County_2839,CO,6.7,6.6,7.9,0.39417568427753025,0.8302036919159771,0.33131763208147674,0.5185656694249947,Q3,0
County_2840,OH,16.4,8.7,16.9,0.9302991725015913,0.9662635264162953,0.9910884786760026,0.9625503925312963,Q4_MostVulnerable,1
County_2841,VA,9.4,4.6,6.6,0.6053469127943985,0.5119350732017823,0.19080203691915978,0.4360280076384469,Q2,0
County_2842,MT,1.9,3.7,1.5,0.050127307447485676,0.3392743475493316,0.0027052832590706557,0.13070231275196265,Q1_LeastVulnerable,0
County_2843,CO,3.9,2.6,5.5,0.16709102482495225,0.16931890515595163,0.098026734563972,0.14481222151495862,Q1_LeastVulnerable,0
County_2844,CA,9.4,4.9,11.1,0.6053469127943985,0.5724061107574793,0.7211966900063653,0.6329832378527477,Q3,0
County_2845,GA,7.0,3.6,6.4,0.42218332272437936,0.3217695735200509,0.1717059197963081,0.3052196053469128,Q2,0
County_2846,CA,8.2,5.6,7.1,0.5181413112667091,0.6920751113940166,0.2437937619350732,0.484670061531933,Q2,0
County_2847,MN,1.7,4.6,7.7,0.03930617441120306,0.5119350732017823,0.30887969446212604,0.2867069806917038,Q1_LeastVulnerable,0
County_2848,CA,10.1,6.2,11.0,0.6484723106301719,0.7835773392743476,0.707511139401655,0.7131869297687249,Q4_MostVulnerable,1
County_2849,FL,2.3,4.1,6.9,0.06795035009548059,0.41263526416295354,0.22294716740929343,0.23451092722257585,Q1_LeastVulnerable,0
County_2850,MD,15.6,8.1,14.4,0.9048376830044558,0.9436664544875876,0.9398472310630172,0.9294504561850201,Q4_MostVulnerable,1
County_2851,MI,5.2,4.4,6.7,0.26718650541056654,0.47422024188415024,0.20321451304901336,0.3148737534479101,Q2,0
County_2852,MO,9.1,3.0,8.8,0.5819541693189052,0.22469764481222151,0.4377784850413749,0.4148100997241672,Q2,0
County_2853,OH,4.1,5.8,8.7,0.1839592616168046,0.7245385105028644,0.4252068746021642,0.4445682155739444,Q2,0
County_2854,CA,0.9,5.0,2.8,0.011775938892425206,0.5911839592616168,0.012730744748567792,0.20523021430086996,Q1_LeastVulnerable,0
County_2855,CA,3.8,2.8,2.6,0.16008911521323999,0.19462126034373012,0.010184595798854232,0.12163165711860811,Q1_LeastVulnerable,0
County_2856,CA,6.6,3.4,7.4,0.3835136855506047,0.28580521960534694,0.2737110120942075,0.31434330575005304,Q2,0
County_2857,LA,1.7,3.4,7.7,0.03930617441120306,0.28580521960534694,0.30887969446212604,0.21133036282622533,Q1_LeastVulnerable,0
County_2858,AR,19.8,8.8,15.4,0.9842457033736474,0.9704010184595799,0.9676957352005092,0.9741141523445789,Q4_MostVulnerable,1
County_2859,OR,7.8,4.0,10.6,0.4859961807765754,0.39449395289624445,0.6573838319541693,0.5126246552089965,Q3,0
County_2860,FL,4.7,1.5,3.3,0.22756206238064927,0.06253978357733928,0.019096117122851686,0.10306598769361341,Q1_LeastVulnerable,0
County_2861,VA,13.1,6.4,12.2,0.8107893061744113,0.8095162316995544,0.8249522597071929,0.8150859325270529,Q4_MostVulnerable,1
County_2862,MI,6.6,4.8,9.6,0.3835136855506047,0.5514003819223424,0.5383513685550605,0.4910884786760025,Q3,0
County_2863,MA,11.1,6.4,7.8,0.7122851686823679,0.8095162316995544,0.31954169318905157,0.6137810311903246,Q3,0
County_2864,PA,3.4,3.5,8.4,0.13542329726288987,0.30394653087205603,0.38749204328453213,0.27562062380649266,Q1_LeastVulnerable,0
County_2865,OH,13.4,5.6,11.5,0.8271801400381922,0.6920751113940166,0.7649586250795671,0.7614046255039253,Q4_MostVulnerable,1
County_2866,NJ,4.0,4.7,13.1,0.17457033736473584,0.5316677275620624,0.8838319541693189,0.5300233396987056,Q3,0
County_2867,VA,7.6,4.4,4.5,0.4711966900063654,0.47422024188415024,0.051559516231699555,0.3323254827074051,Q2,0
County_2868,LA,7.5,3.6,11.5,0.4619669000636537,0.3217695735200509,0.7649586250795671,0.5162316995544239,Q3,0
County_2869,SC,14.9,6.2,11.6,0.8859007001909611,0.7835773392743476,0.77466581795035,0.8147146191385529,Q4_MostVulnerable,1
County_2870,KY,8.7,2.0,6.1,0.5550604710375557,0.10232336091661362,0.14306174411203054,0.26681519202206666,Q1_LeastVulnerable,0
County_2871,TN,9.3,4.5,8.6,0.5983450031826862,0.49267982176957353,0.41215786123488224,0.501060895395714,Q3,0
County_2872,GA,12.5,6.8,11.8,0.7862826225334182,0.8486632718014003,0.7921705919796308,0.8090388287714831,Q4_MostVulnerable,1
County_2873,IL,3.6,3.6,8.9,0.1465626989178867,0.3217695735200509,0.45019096117122853,0.3061744112030554,Q2,0
County_2874,NC,6.3,6.2,11.6,0.35709739019732656,0.7835773392743476,0.77466581795035,0.6384468491406747,Q3,0
County_2875,FL,13.1,5.5,14.4,0.8107893061744113,0.6744112030553787,0.9398472310630172,0.8083492467642691,Q4_MostVulnerable,1
County_2876,FL,10.3,5.8,8.2,0.6618395926161681,0.7245385105028644,0.3663271801400382,0.5842350944196902,Q3,0
County_2877,IL,6.7,5.2,10.6,0.39417568427753025,0.6247612985359644,0.6573838319541693,0.5587736049225547,Q3,0
County_2878,NC,11.8,9.0,11.7,0.7517504774029281,0.9759707192870783,0.7824633991088479,0.8367281985996181,Q4_MostVulnerable,1
County_2879,TX,5.2,3.8,6.3,0.26718650541056654,0.3582113303628262,0.16152132399745386,0.2623063865902822,Q1_LeastVulnerable,0
County_2880,NC,5.3,2.0,7.2,0.27641629535327816,0.10232336091661362,0.25302355187778486,0.21058773604922557,Q1_LeastVulnerable,0
County_2881,TN,4.5,4.6,5.8,0.21530872056015277,0.5119350732017823,0.11887332908975175,0.2820390409505623,Q1_LeastVulnerable,0
County_2882,MO,9.8,7.7,10.0,0.6295353278166773,0.9250477402928071,0.5910248249522597,0.7152026310205813,Q4_MostVulnerable,1
County_2883,CA,5.0,3.0,6.0,0.24920432845321452,0.22469764481222151,0.1341502227880331,0.20268406535115638,Q1_LeastVulnerable,0
County_2884,CA,15.2,7.8,10.6,0.8941756842775302,0.9310948440483768,0.6573838319541693,0.8275514534266922,Q4_MostVulnerable,1
County_2885,MO,22.9,10.7,17.4,0.9964990451941439,0.9972947167409294,0.9944302991725016,0.9960746870358582,Q4_MostVulnerable,1
County_2886,IN,4.3,4.8,8.4,0.20305537873965626,0.5514003819223424,0.38749204328453213,0.3806492679821769,Q2,0
County_2887,FL,6.8,4.2,8.0,0.40388287714831317,0.4328453214513049,0.343093570973902,0.3932739231911733,Q2,0
County_2888,MI,11.5,4.4,13.5,0.7342457033736474,0.47422024188415024,0.9048376830044558,0.7044345427540845,Q3,0
County_2889,NC,9.8,4.8,9.4,0.6295353278166773,0.5514003819223424,0.5135264162953532,0.5648207086781244,Q3,0
County_2890,KY,6.0,4.5,7.4,0.33195416931890515,0.49267982176957353,0.2737110120942075,0.3661150010608954,Q2,0
County_2891,SC,9.8,6.3,11.2,0.6295353278166773,0.7969446212603437,0.7313812858052197,0.7192870782940802,Q4_MostVulnerable,1
County_2892,OK,11.1,5.8,10.3,0.7122851686823679,0.7245385105028644,0.6222151495862508,0.686346276257161,Q3,0
County_2893,OK,11.5,4.9,10.9,0.7342457033736474,0.5724061107574793,0.6950986632718014,0.6672501591343093,Q3,0
County_2894,WI,16.1,7.7,8.0,0.9204328453214513,0.9250477402928071,0.343093570973902,0.7295247188627201,Q4_MostVulnerable,1
County_2895,IL,11.9,6.9,11.0,0.7568427753023552,0.8590070019096118,0.707511139401655,0.7744536388712073,Q4_MostVulnerable,1
County_2896,NY,6.6,4.5,4.6,0.3835136855506047,0.49267982176957353,0.0549013367281986,0.31036494801612563,Q2,0
County_2897,TX,4.4,2.1,4.7,0.20910248249522598,0.11171228516868237,0.058243157224697646,0.12635264162953533,Q1_LeastVulnerable,0
County_2898,NE,6.6,3.7,5.6,0.3835136855506047,0.3392743475493316,0.10471037555697009,0.27583280288563544,Q1_LeastVulnerable,0
County_2899,RI,9.4,6.2,7.6,0.6053469127943985,0.7835773392743476,0.2980585614258434,0.5623276044981965,Q3,0
County_2900,LA,2.2,0.6,5.0,0.06397199236155315,0.018141311266709103,0.06954169318905155,0.05055166560577127,Q1_LeastVulnerable,0
County_2901,NV,7.5,1.1,7.8,0.4619669000636537,0.03739656269891789,0.31954169318905157,0.27296838531720774,Q1_LeastVulnerable,0
County_2902,CA,18.4,9.8,15.5,0.9707192870782941,0.9896562698917887,0.970560152768937,0.9769785699130066,Q4_MostVulnerable,1
County_2903,WI,23.6,9.9,17.3,0.9977721196690006,0.9907702100572884,0.9937937619350732,0.9941120305537874,Q4_MostVulnerable,1
County_2904,SC,9.3,5.7,5.8,0.5983450031826862,0.7092616168045831,0.11887332908975175,0.475493316359007,Q2,0
County_2905,TX,2.3,1.1,6.3,0.06795035009548059,0.03739656269891789,0.16152132399745386,0.08895607893061745,Q1_LeastVulnerable,0
County_2906,OH,10.6,6.3,10.9,0.6806174411203055,0.7969446212603437,0.6950986632718014,0.7242202418841502,Q4_MostVulnerable,1
County_2907,CO,2.0,3.0,5.4,0.054423933800127305,0.22469764481222151,0.0918204964990452,0.12364735837046466,Q1_LeastVulnerable,0
County_2908,AZ,6.0,1.4,7.9,0.33195416931890515,0.055856142584341184,0.33131763208147674,0.23970931466157439,Q1_LeastVulnerable,0
County_2909,TX,9.5,7.0,10.1,0.6120305537873966,0.8682367918523234,0.6020050922978994,0.694090812645873,Q3,0
County_2910,KY,11.2,5.6,12.1,0.7176957352005092,0.6920751113940166,0.8168364099299809,0.7422024188415022,Q4_MostVulnerable,1
County_2911,GA,16.1,6.2,9.9,0.9204328453214513,0.7835773392743476,0.5786123488224061,0.7608741778060684,Q4_MostVulnerable,1
County_2912,MO,2.1,2.1,5.6,0.059516231699554424,0.11171228516868237,0.10471037555697009,0.09197963080840228,Q1_LeastVulnerable,0
County_2913,LA,7.9,1.3,12.0,0.4949077021005729,0.050127307447485676,0.8087205601527689,0.4512518565669425,Q2,0
County_2914,NY,5.5,4.5,10.6,0.2936028007638447,0.49267982176957353,0.6573838319541693,0.4812221514958625,Q2,0
County_2915,MI,11.6,5.9,12.5,0.7396562698917887,0.7418841502227881,0.8467536600891152,0.7760980267345641,Q4_MostVulnerable,1
County_2916,OH,3.3,2.7,7.7,0.12842138765117758,0.18061744112030553,0.30887969446212604,0.20597284107786973,Q1_LeastVulnerable,0
County_2917,TN,2.6,4.7,9.6,0.08402291534054743,0.5316677275620624,0.5383513685550605,0.3846806704858901,Q2,0
County_2918,DE,8.4,2.4,13.0,0.534213876511776,0.14528962444302992,0.8779439847231063,0.5191491618926375,Q3,0
County_2919,IN,1.3,1.5,5.4,0.0241884150222788,0.06253978357733928,0.0918204964990452,0.059516231699554424,Q1_LeastVulnerable,0
County_2920,ME,13.7,4.8,9.9,0.8424570337364736,0.5514003819223424,0.5786123488224061,0.6574899214937407,Q3,0
County_2921,WA,10.7,4.8,9.8,0.6853914704010184,0.5514003819223424,0.5658816040738384,0.6008911521323997,Q3,0
County_2922,KS,7.6,4.4,15.0,0.4711966900063654,0.47422024188415024,0.9563971992361553,0.6339380437088903,Q3,0
County_2923,KY,5.7,4.3,4.7,0.30919796308084024,0.45401018459579884,0.058243157224697646,0.27381710163377887,Q1_LeastVulnerable,0
County_2924,NY,8.1,3.9,8.1,0.5103437301082113,0.3771483131763208,0.35534691279439845,0.4142796520263102,Q2,0
County_2925,LA,7.8,3.0,6.1,0.4859961807765754,0.22469764481222151,0.14306174411203054,0.2845851899002758,Q1_LeastVulnerable,0
County_2926,WA,15.7,9.2,13.1,0.9081795035009548,0.9801082113303629,0.8838319541693189,0.9240398896668789,Q4_MostVulnerable,1
County_2927,TX,15.9,10.4,10.5,0.9156588160407384,0.9961807765754297,0.6451304901336729,0.8523233609166136,Q4_MostVulnerable,1
County_2928,MN,15.5,6.9,12.5,0.9018141311266709,0.8590070019096118,0.8467536600891152,0.869191597708466,Q4_MostVulnerable,1
County_2929,NY,16.6,5.9,9.4,0.936187141947804,0.7418841502227881,0.5135264162953532,0.7305325694886484,Q4_MostVulnerable,1
County_2930,CA,10.4,7.3,11.5,0.6685232336091661,0.8992679821769574,0.7649586250795671,0.7775832802885635,Q4_MostVulnerable,1
County_2931,OH,5.1,1.4,10.0,0.25732017823042647,0.055856142584341184,0.5910248249522597,0.3014003819223425,Q2,0
County_2932,OH,14.4,5.8,11.4,0.8711012094207511,0.7245385105028644,0.7522278803309994,0.782622533418205,Q4_MostVulnerable,1
County_2933,IA,16.4,5.9,12.9,0.9302991725015913,0.7418841502227881,0.8715786123488224,0.8479206450244007,Q4_MostVulnerable,1
County_2934,FL,13.1,4.2,11.2,0.8107893061744113,0.4328453214513049,0.7313812858052197,0.6583386378103119,Q3,0
County_2935,UT,13.3,5.6,12.0,0.8209739019732655,0.6920751113940166,0.8087205601527689,0.7739231911733503,Q4_MostVulnerable,1
County_2936,LA,6.0,2.5,7.9,0.33195416931890515,0.1581795035009548,0.33131763208147674,0.2738171016337789,Q1_LeastVulnerable,0
County_2937,NY,13.5,6.1,13.3,0.8329089751750477,0.7705283259070655,0.8949713558243158,0.8328028856354764,Q4_MostVulnerable,1
County_2938,AZ,4.2,3.3,9.6,0.19478039465308722,0.2686187141947804,0.5383513685550605,0.3339168258009761,Q2,0
County_2939,LA,15.4,5.7,11.1,0.8994271164863145,0.7092616168045831,0.7211966900063653,0.776628474432421,Q4_MostVulnerable,1
County_2940,SD,6.4,3.4,7.6,0.3647358370464672,0.28580521960534694,0.2980585614258434,0.3161998726925525,Q2,0
County_2941,KY,2.5,2.4,8.1,0.07829408020369191,0.14528962444302992,0.35534691279439845,0.19297687248037343,Q1_LeastVulnerable,0
County_2942,NJ,17.6,8.5,11.0,0.9586250795671547,0.9602164226607256,0.707511139401655,0.8754508805431783,Q4_MostVulnerable,1
County_2943,FL,13.4,5.8,7.8,0.8271801400381922,0.7245385105028644,0.31954169318905157,0.6237534479100361,Q3,0
County_2944,LA,11.0,6.5,11.0,0.7067154678548695,0.8200190961171229,0.707511139401655,0.7447485677912158,Q4_MostVulnerable,1
County_2945,VA,10.0,5.9,11.0,0.6419478039465308,0.7418841502227881,0.707511139401655,0.6971143645236579,Q3,0
County_2946,MO,6.2,4.7,6.7,0.3475493316359007,0.5316677275620624,0.20321451304901336,0.36081052408232545,Q2,0
County_2947,TX,12.3,7.8,10.0,0.777689369828135,0.9310948440483768,0.5910248249522597,0.7666030129429239,Q4_MostVulnerable,1
County_2948,TX,4.3,1.6,5.6,0.20305537873965626,0.07001909611712286,0.10471037555697009,0.12592828347124974,Q1_LeastVulnerable,0
County_2949,VA,3.1,2.2,4.8,0.11298535964353915,0.1223742838956079,0.06206238064926798,0.09914067472947168,Q1_LeastVulnerable,0
County_2950,TX,15.2,9.2,14.0,0.8941756842775302,0.9801082113303629,0.9253660089115213,0.9332166348398049,Q4_MostVulnerable,1
County_2951,AL,13.1,5.5,9.2,0.8107893061744113,0.6744112030553787,0.4856779121578612,0.6569594737958837,Q3,0
County_2952,VA,15.0,2.3,12.0,0.8887651177593889,0.13319541693189052,0.8087205601527689,0.6102270316146828,Q3,0
County_2953,CO,18.8,7.3,12.6,0.975493316359007,0.8992679821769574,0.8526416295353278,0.9091343093570975,Q4_MostVulnerable,1
County_2954,AR,3.9,3.4,4.0,0.16709102482495225,0.28580521960534694,0.0364417568427753,0.16311266709102482,Q1_LeastVulnerable,0
County_2955,CA,10.9,1.3,12.2,0.7000318268618714,0.050127307447485676,0.8249522597071929,0.52503713133885,Q3,0
County_2956,IA,7.6,6.3,7.8,0.4711966900063654,0.7969446212603437,0.31954169318905157,0.5292276681519202,Q3,0
County_2957,NM,11.9,4.5,11.3,0.7568427753023552,0.49267982176957353,0.7404519414385742,0.6633248461701676,Q3,0
County_2958,KY,6.3,4.4,5.1,0.35709739019732656,0.47422024188415024,0.07447485677912158,0.30193082962019946,Q2,0
County_2959,AZ,14.3,6.0,10.7,0.867600254614895,0.7577975811584978,0.6691597708465945,0.7648525355399958,Q4_MostVulnerable,1
County_2960,MI,13.3,4.1,13.2,0.8209739019732655,0.41263526416295354,0.8886059834500318,0.7074050498620835,Q3,0
County_2961,MD,10.6,3.6,15.5,0.6806174411203055,0.3217695735200509,0.970560152768937,0.6576490558030978,Q3,0
County_2962,PA,1.2,1.0,1.7,0.019255251432208784,0.03214513049013367,0.0038192234245703373,0.0184065351156376,Q1_LeastVulnerable,0
County_2963,ID,6.9,5.7,8.1,0.4135900700190961,0.7092616168045831,0.35534691279439845,0.49273286653935916,Q3,0
County_2964,FL,18.4,7.3,15.0,0.9707192870782941,0.8992679821769574,0.9563971992361553,0.9421281561638022,Q4_MostVulnerable,1
County_2965,GA,11.9,4.8,9.7,0.7568427753023552,0.5514003819223424,0.5517186505410566,0.6199872692552515,Q3,0
County_2966,IL,15.6,5.3,14.5,0.9048376830044558,0.6411521323997453,0.9428707829408021,0.8296201994483344,Q4_MostVulnerable,1
County_2967,NH,1.5,4.2,4.0,0.03166772756206238,0.4328453214513049,0.0364417568427753,0.16698493528538086,Q1_LeastVulnerable,0
County_2968,MI,1.3,4.6,6.0,0.0241884150222788,0.5119350732017823,0.1341502227880331,0.22342457033736474,Q1_LeastVulnerable,0
County_2969,IN,7.6,6.0,7.7,0.4711966900063654,0.7577975811584978,0.30887969446212604,0.5126246552089965,Q3,0
County_2970,KS,10.8,6.0,12.8,0.6917568427753024,0.7577975811584978,0.8647358370464672,0.7714300869934224,Q4_MostVulnerable,1
County_2971,KS,11.9,6.0,9.6,0.7568427753023552,0.7577975811584978,0.5383513685550605,0.6843305750053045,Q3,0
County_2972,WV,6.5,2.1,7.6,0.3733290897517505,0.11171228516868237,0.2980585614258434,0.2610333121154254,Q1_LeastVulnerable,0
County_2973,FL,8.2,4.1,11.0,0.5181413112667091,0.41263526416295354,0.707511139401655,0.5460959049437726,Q3,0
County_2974,SD,2.4,1.7,4.1,0.0728835136855506,0.07670273711012095,0.03962444302991725,0.06307023127519627,Q1_LeastVulnerable,0
County_2975,OH,9.5,2.1,9.9,0.6120305537873966,0.11171228516868237,0.5786123488224061,0.4341183959261617,Q2,0
County_2976,AL,3.5,4.6,3.1,0.14035646085295989,0.5119350732017823,0.01639083386378103,0.22289412263950772,Q1_LeastVulnerable,0
County_2977,WI,13.0,4.9,9.3,0.8068109484404837,0.5724061107574793,0.4990451941438574,0.6260874177806068,Q3,0
County_2978,PA,8.1,6.2,9.8,0.5103437301082113,0.7835773392743476,0.5658816040738384,0.6199342244854658,Q3,0
County_2979,ND,12.8,7.2,9.4,0.8009229789942711,0.8887651177593889,0.5135264162953532,0.7344048376830044,Q4_MostVulnerable,1
County_2980,KY,5.4,4.5,6.6,0.28516868236791854,0.49267982176957353,0.19080203691915978,0.3228835136855506,Q2,0
County_2981,MO,9.1,5.6,10.5,0.5819541693189052,0.6920751113940166,0.6451304901336729,0.6397199236155315,Q3,0
County_2982,GA,5.4,2.7,6.6,0.28516868236791854,0.18061744112030553,0.19080203691915978,0.21886272013579464,Q1_LeastVulnerable,0
County_2983,AR,4.5,6.1,8.9,0.21530872056015277,0.7705283259070655,0.45019096117122853,0.47867600254614895,Q2,0
County_2984,TN,6.7,4.1,8.8,0.39417568427753025,0.41263526416295354,0.4377784850413749,0.41486314449395284,Q2,0
County_2985,TX,4.5,3.8,8.1,0.21530872056015277,0.3582113303628262,0.35534691279439845,0.3096223212391258,Q2,0
County_2986,CO,13.6,5.1,14.3,0.838319541693189,0.6078930617441121,0.9352323360916613,0.7938149798429874,Q4_MostVulnerable,1
County_2987,PA,8.2,3.0,9.7,0.5181413112667091,0.22469764481222151,0.5517186505410566,0.43151920220666246,Q2,0
County_2988,OR,6.6,4.7,11.4,0.3835136855506047,0.5316677275620624,0.7522278803309994,0.5558030978145555,Q3,0
County_2989,CO,8.7,4.9,11.2,0.5550604710375557,0.5724061107574793,0.7313812858052197,0.6196159558667516,Q3,0
County_2990,LA,6.2,2.7,7.0,0.3475493316359007,0.18061744112030553,0.23313176320814769,0.2537661786547846,Q1_LeastVulnerable,0
County_2991,LA,7.4,2.1,11.3,0.45385105028644174,0.11171228516868237,0.7404519414385742,0.43533842563123276,Q2,0
County_2992,PA,11.9,3.7,11.5,0.7568427753023552,0.3392743475493316,0.7649586250795671,0.6203585826437513,Q3,0
County_2993,TN,7.7,6.1,8.1,0.47835773392743475,0.7705283259070655,0.35534691279439845,0.5347443242096329,Q3,0
County_2994,CA,7.3,3.3,9.2,0.4473265436028008,0.2686187141947804,0.4856779121578612,0.4005410566518141,Q2,0
County_2995,MO,14.0,5.7,14.2,0.8559834500318269,0.7092616168045831,0.9307765754296626,0.8320072140886908,Q4_MostVulnerable,1
County_2996,PA,3.2,5.1,7.5,0.11950986632718014,0.6078930617441121,0.285964353914704,0.337789093995332,Q2,0
County_2997,PA,5.6,2.0,11.5,0.3020369191597708,0.10232336091661362,0.7649586250795671,0.3897729683853172,Q2,0
County_2998,CO,6.6,2.9,10.5,0.3835136855506047,0.20926161680458308,0.6451304901336729,0.4126352641629536,Q2,0
County_2999,MS,17.1,6.0,14.6,0.9484404837683005,0.7577975811584978,0.9463717377466582,0.8842032675578189,Q4_MostVulnerable,1
County_3000,TX,8.6,7.0,7.3,0.5488542329726289,0.8682367918523234,0.2625716104392107,0.5598875450880544,Q3,0
County_3001,IN,7.0,7.1,8.2,0.42218332272437936,0.8771483131763208,0.3663271801400382,0.5552196053469127,Q3,0
County_3002,LA,2.4,3.9,6.4,0.0728835136855506,0.3771483131763208,0.1717059197963081,0.2072459155527265,Q1_LeastVulnerable,0
County_3003,SC,5.1,4.7,9.0,0.25732017823042647,0.5316677275620624,0.4619669000636537,0.4169849352853809,Q2,0
County_3004,CA,11.8,4.7,12.2,0.7517504774029281,0.5316677275620624,0.8249522597071929,0.7027901548907277,Q3,0
County_3005,TX,4.2,6.2,7.5,0.19478039465308722,0.7835773392743476,0.285964353914704,0.4214406959473796,Q2,0
County_3006,IL,10.2,5.4,10.3,0.6549968173138129,0.6578612348822406,0.6222151495862508,0.6450244005941014,Q3,0
County_3007,AL,16.1,8.1,14.5,0.9204328453214513,0.9436664544875876,0.9428707829408021,0.935656694249947,Q4_MostVulnerable,1
County_3008,FL,7.2,4.0,6.9,0.4387332908975175,0.39449395289624445,0.22294716740929343,0.3520581370676852,Q2,0
County_3009,CA,5.8,3.3,11.3,0.3166772756206238,0.2686187141947804,0.7404519414385742,0.44191597708465946,Q2,0
County_3010,CA,2.3,5.2,2.0,0.06795035009548059,0.6247612985359644,0.0060471037555697,0.2329195841290049,Q1_LeastVulnerable,0
County_3011,OH,8.8,5.5,12.3,0.5614258434118395,0.6744112030553787,0.8308402291534055,0.6888924252068745,Q3,0
County_3012,FL,10.5,7.3,10.2,0.6745703373647358,0.8992679821769574,0.6120305537873966,0.7286229577763632,Q4_MostVulnerable,1
County_3013,VA,3.2,3.3,8.6,0.11950986632718014,0.2686187141947804,0.41215786123488224,0.2667621472522809,Q1_LeastVulnerable,0
County_3014,MN,1.4,1.1,6.4,0.02816677275620624,0.03739656269891789,0.1717059197963081,0.0790897517504774,Q1_LeastVulnerable,0
County_3015,MA,8.9,3.8,10.2,0.5682686187141948,0.3582113303628262,0.6120305537873966,0.5128368342881392,Q3,0
County_3016,ME,6.7,4.2,9.4,0.39417568427753025,0.4328453214513049,0.5135264162953532,0.4468491406747295,Q2,0
County_3017,OH,15.2,5.6,14.2,0.8941756842775302,0.6920751113940166,0.9307765754296626,0.8390091237004031,Q4_MostVulnerable,1
County_3018,MA,2.7,1.2,5.7,0.09070655633354552,0.043602800763844686,0.11187141947803947,0.08206025885847655,Q1_LeastVulnerable,0
County_3019,CA,15.8,8.5,14.9,0.9119987269255252,0.9602164226607256,0.9540101845957989,0.9420751113940166,Q4_MostVulnerable,1
County_3020,TX,8.9,3.9,7.3,0.5682686187141948,0.3771483131763208,0.2625716104392107,0.4026628474432421,Q2,0
County_3021,LA,8.1,4.6,9.0,0.5103437301082113,0.5119350732017823,0.4619669000636537,0.4947485677912158,Q3,0
County_3022,CA,14.0,6.6,13.7,0.8559834500318269,0.8302036919159771,0.9143857415658816,0.8668576278378953,Q4_MostVulnerable,1
County_3023,MS,15.0,5.6,14.5,0.8887651177593889,0.6920751113940166,0.9428707829408021,0.8412370040314024,Q4_MostVulnerable,1
County_3024,NY,6.4,6.1,9.1,0.3647358370464672,0.7705283259070655,0.47374283895607894,0.5363356673032039,Q3,0
County_3025,ID,10.9,3.6,9.7,0.7000318268618714,0.3217695735200509,0.5517186505410566,0.524506683640993,Q3,0
County_3026,SC,7.5,4.7,10.6,0.4619669000636537,0.5316677275620624,0.6573838319541693,0.5503394865266285,Q3,0
County_3027,NC,3.2,3.3,5.3,0.11950986632718014,0.2686187141947804,0.08625079567154678,0.15812645873116912,Q1_LeastVulnerable,0
County_3028,NY,10.0,4.9,13.5,0.6419478039465308,0.5724061107574793,0.9048376830044558,0.7063971992361552,Q3,0
County_3029,LA,7.1,2.2,8.4,0.43014003819223423,0.1223742838956079,0.38749204328453213,0.31333545512412475,Q2,0
County_3030,WA,4.8,4.7,4.3,0.23424570337364736,0.5316677275620624,0.045671546785486954,0.27052832590706555,Q1_LeastVulnerable,0
County_3031,ID,5.0,4.6,5.1,0.24920432845321452,0.5119350732017823,0.07447485677912158,0.27853808614470615,Q1_LeastVulnerable,0
County_3032,MT,11.6,4.5,10.9,0.7396562698917887,0.49267982176957353,0.6950986632718014,0.6424782516443878,Q3,0
County_3033,IL,8.5,5.6,9.5,0.5423297262889879,0.6920751113940166,0.5264162953532782,0.5869403776787608,Q3,0
County_3034,OR,6.3,4.4,12.1,0.35709739019732656,0.47422024188415024,0.8168364099299809,0.549384680670486,Q3,0
County_3035,CA,6.5,2.0,6.2,0.3733290897517505,0.10232336091661362,0.1522915340547422,0.20931466157436876,Q1_LeastVulnerable,0
County_3036,CA,2.7,1.5,6.4,0.09070655633354552,0.06253978357733928,0.1717059197963081,0.10831741990239763,Q1_LeastVulnerable,0
County_3037,SC,13.6,7.8,9.7,0.838319541693189,0.9310948440483768,0.5517186505410566,0.7737110120942075,Q4_MostVulnerable,1
County_3038,ME,7.9,4.8,7.9,0.4949077021005729,0.5514003819223424,0.33131763208147674,0.45920857203479737,Q2,0
County_3039,IN,9.6,4.0,13.2,0.617600254614895,0.39449395289624445,0.8886059834500318,0.6335667303203905,Q3,0
County_3040,NJ,9.3,3.5,7.4,0.5983450031826862,0.30394653087205603,0.2737110120942075,0.39200084871631663,Q2,0
County_3041,OH,16.8,6.3,14.6,0.9406429026098027,0.7969446212603437,0.9463717377466582,0.8946530872056014,Q4_MostVulnerable,1
County_3042,FL,8.7,4.0,10.2,0.5550604710375557,0.39449395289624445,0.6120305537873966,0.5205283259070655,Q3,0
County_3043,CO,5.1,2.2,7.5,0.25732017823042647,0.1223742838956079,0.285964353914704,0.22188627201357947,Q1_LeastVulnerable,0
County_3044,WA,8.9,2.0,10.5,0.5682686187141948,0.10232336091661362,0.6451304901336729,0.4385741565881604,Q2,0
County_3045,NV,1.2,4.1,3.3,0.019255251432208784,0.41263526416295354,0.019096117122851686,0.15032887757267135,Q1_LeastVulnerable,0
County_3046,KY,6.4,5.4,11.5,0.3647358370464672,0.6578612348822406,0.7649586250795671,0.5958518990027583,Q3,0
County_3047,SC,11.0,3.4,14.4,0.7067154678548695,0.28580521960534694,0.9398472310630172,0.6441226395077445,Q3,0
County_3048,MS,4.8,3.6,7.5,0.23424570337364736,0.3217695735200509,0.285964353914704,0.2806598769361341,Q1_LeastVulnerable,0
County_3049,GA,16.6,5.6,18.1,0.936187141947804,0.6920751113940166,0.9968173138128581,0.8750265223848929,Q4_MostVulnerable,1
County_3050,FL,3.4,2.6,5.9,0.13542329726288987,0.16931890515595163,0.12587523870146403,0.14353914704010184,Q1_LeastVulnerable,0
County_3051,KY,11.8,5.0,11.7,0.7517504774029281,0.5911839592616168,0.7824633991088479,0.7084659452577977,Q4_MostVulnerable,1
County_3052,TX,6.0,3.1,10.8,0.33195416931890515,0.23949713558243158,0.683004455760662,0.4181519202206663,Q2,0
County_3053,CA,18.8,10.6,13.5,0.975493316359007,0.9968173138128581,0.9048376830044558,0.9590494377254403,Q4_MostVulnerable,1
County_3054,FL,8.8,4.0,6.7,0.5614258434118395,0.39449395289624445,0.20321451304901336,0.3863781031190325,Q2,0
County_3055,TX,3.9,1.9,3.7,0.16709102482495225,0.09245703373647358,0.02928071292170592,0.09627625716104392,Q1_LeastVulnerable,0
County_3056,CA,13.8,5.0,16.0,0.8465945257797581,0.5911839592616168,0.9810630171865055,0.8062805007426267,Q4_MostVulnerable,1
County_3057,NY,10.3,6.6,9.1,0.6618395926161681,0.8302036919159771,0.47374283895607894,0.6552620411627413,Q3,0
County_3058,FL,12.9,3.4,11.1,0.8041056651814131,0.28580521960534694,0.7211966900063653,0.6037025249310418,Q3,0
County_3059,NJ,13.1,4.8,9.3,0.8107893061744113,0.5514003819223424,0.4990451941438574,0.6204116274135371,Q3,0
County_3060,KY,5.5,5.8,9.7,0.2936028007638447,0.7245385105028644,0.5517186505410566,0.523286653935922,Q3,0
County_3061,CA,20.4,8.5,13.6,0.9882240611075748,0.9602164226607256,0.9096117122851687,0.9526840653511562,Q4_MostVulnerable,1
County_3062,NE,15.3,6.9,11.7,0.897040101845958,0.8590070019096118,0.7824633991088479,0.8461701676214725,Q4_MostVulnerable,1
County_3063,ND,13.3,9.2,12.2,0.8209739019732655,0.9801082113303629,0.8249522597071929,0.8753447910036071,Q4_MostVulnerable,1
County_3064,NC,7.7,4.7,6.7,0.47835773392743475,0.5316677275620624,0.20321451304901336,0.4044133248461701,Q2,0
County_3065,NY,3.0,1.8,6.1,0.10789306174411203,0.08338637810311904,0.14306174411203054,0.11144706131975386,Q1_LeastVulnerable,0
County_3066,MN,1.5,2.0,8.6,0.03166772756206238,0.10232336091661362,0.41215786123488224,0.1820496499045194,Q1_LeastVulnerable,0
County_3067,MS,2.7,1.1,7.2,0.09070655633354552,0.03739656269891789,0.25302355187778486,0.1270422236367494,Q1_LeastVulnerable,0
County_3068,NY,5.3,5.5,7.9,0.27641629535327816,0.6744112030553787,0.33131763208147674,0.4273817101633779,Q2,0
County_3069,OH,6.6,4.8,8.7,0.3835136855506047,0.5514003819223424,0.4252068746021642,0.4533736473583705,Q2,0
County_3070,NY,5.7,5.4,7.1,0.30919796308084024,0.6578612348822406,0.2437937619350732,0.4036176532993847,Q2,0
County_3071,NE,14.6,8.2,16.3,0.8776257161043921,0.9481222151495863,0.9856779121578613,0.9371419478039466,Q4_MostVulnerable,1
County_3072,CO,11.2,4.7,9.0,0.7176957352005092,0.5316677275620624,0.4619669000636537,0.5704434542754084,Q3,0
County_3073,FL,16.8,5.6,13.8,0.9406429026098027,0.6920751113940166,0.9186823679185232,0.8504667939741141,Q4_MostVulnerable,1
County_3074,GA,5.4,3.5,7.9,0.28516868236791854,0.30394653087205603,0.33131763208147674,0.3068109484404838,Q2,0
County_3075,VA,10.9,3.9,12.4,0.7000318268618714,0.3771483131763208,0.8384786760025461,0.6385529386802461,Q3,0
County_3076,PA,16.9,7.3,15.7,0.9433481858688734,0.8992679821769574,0.9756524506683641,0.9394228729047316,Q4_MostVulnerable,1
County_3077,MO,16.7,8.7,13.3,0.9385741565881605,0.9662635264162953,0.8949713558243158,0.9332696796095905,Q4_MostVulnerable,1
County_3078,GA,0.6,1.9,5.9,0.007479312539783577,0.09245703373647358,0.12587523870146403,0.07527052832590707,Q1_LeastVulnerable,0
County_3079,CA,4.5,3.6,7.9,0.21530872056015277,0.3217695735200509,0.33131763208147674,0.28946530872056014,Q2,0
County_3080,TX,1.7,2.4,1.3,0.03930617441120306,0.14528962444302992,0.0014322087842138765,0.06200933587948229,Q1_LeastVulnerable,0
County_3081,TX,9.1,5.9,6.4,0.5819541693189052,0.7418841502227881,0.1717059197963081,0.49851474644600047,Q3,0
County_3082,CA,11.2,4.4,9.4,0.7176957352005092,0.47422024188415024,0.5135264162953532,0.5684807977933376,Q3,0
County_3083,SC,5.9,0.5,6.8,0.32511139401655,0.015436028007638446,0.2145130490133673,0.1850201570125186,Q1_LeastVulnerable,0
County_3084,MA,13.4,6.7,9.3,0.8271801400381922,0.83991088478676,0.4990451941438574,0.7220454063229366,Q4_MostVulnerable,1
County_3085,IN,6.8,5.5,9.9,0.40388287714831317,0.6744112030553787,0.5786123488224061,0.5523021430086993,Q3,0
County_3086,OR,4.3,4.0,7.2,0.20305537873965626,0.39449395289624445,0.25302355187778486,0.2835242945045619,Q1_LeastVulnerable,0
County_3087,NM,8.1,3.5,8.6,0.5103437301082113,0.30394653087205603,0.41215786123488224,0.4088160407383832,Q2,0
County_3088,PA,1.9,0.9,3.5,0.050127307447485676,0.027530235518777847,0.024029280712921704,0.033895607893061744,Q1_LeastVulnerable,0
County_3089,CA,11.3,6.1,10.6,0.7232654360280076,0.7705283259070655,0.6573838319541693,0.7170591979630808,Q4_MostVulnerable,1
County_3090,IN,17.7,7.5,8.6,0.9605346912794398,0.9127943984723106,0.41215786123488224,0.7618289836622109,Q4_MostVulnerable,1
County_3091,IN,14.2,6.1,11.8,0.8636218968809676,0.7705283259070655,0.7921705919796308,0.8087736049225547,Q4_MostVulnerable,1
County_3092,IN,11.9,8.3,11.1,0.7568427753023552,0.9524188415022279,0.7211966900063653,0.8101527689369828,Q4_MostVulnerable,1
County_3093,MN,12.7,4.4,11.8,0.7969446212603437,0.47422024188415024,0.7921705919796308,0.6877784850413748,Q3,0
County_3094,IL,7.3,6.9,5.5,0.4473265436028008,0.8590070019096118,0.098026734563972,0.46812009335879484,Q2,0
County_3095,MD,12.1,5.7,11.5,0.7689369828134945,0.7092616168045831,0.7649586250795671,0.747719074899215,Q4_MostVulnerable,1
County_3096,KS,5.6,0.9,5.7,0.3020369191597708,0.027530235518777847,0.11187141947803947,0.1471461913855294,Q1_LeastVulnerable,0
County_3097,OK,6.7,3.7,6.7,0.39417568427753025,0.3392743475493316,0.20321451304901336,0.3122215149586251,Q2,0
County_3098,NJ,11.2,6.8,12.0,0.7176957352005092,0.8486632718014003,0.8087205601527689,0.7916931890515594,Q4_MostVulnerable,1
County_3099,NY,7.0,3.6,12.5,0.42218332272437936,0.3217695735200509,0.8467536600891152,0.5302355187778485,Q3,0
County_3100,FL,8.3,2.3,9.2,0.5256206238064927,0.13319541693189052,0.4856779121578612,0.3814979842987481,Q2,0
County_3101,IN,5.8,3.5,6.3,0.3166772756206238,0.30394653087205603,0.16152132399745386,0.26071504349671126,Q1_LeastVulnerable,0
County_3102,AK,14.1,4.9,12.4,0.8599618077657543,0.5724061107574793,0.8384786760025461,0.7569488648419266,Q4_MostVulnerable,1
County_3103,CA,9.2,5.5,11.5,0.5902291534054742,0.6744112030553787,0.7649586250795671,0.6765329938468067,Q3,0
County_3104,GA,14.4,7.5,13.5,0.8711012094207511,0.9127943984723106,0.9048376830044558,0.8962444302991726,Q4_MostVulnerable,1
County_3105,CA,3.3,1.4,12.1,0.12842138765117758,0.055856142584341184,0.8168364099299809,0.3337046467218332,Q2,0
County_3106,NJ,5.3,2.5,6.2,0.27641629535327816,0.1581795035009548,0.1522915340547422,0.19562911096965838,Q1_LeastVulnerable,0
County_3107,WY,8.9,5.8,9.9,0.5682686187141948,0.7245385105028644,0.5786123488224061,0.6238064926798218,Q3,0
County_3108,CA,12.4,4.4,14.3,0.7821451304901337,0.47422024188415024,0.9352323360916613,0.7305325694886484,Q4_MostVulnerable,1
County_3109,TN,7.1,2.5,11.5,0.43014003819223423,0.1581795035009548,0.7649586250795671,0.45109272225758534,Q2,0
County_3110,CA,17.9,5.6,10.1,0.9630808402291534,0.6920751113940166,0.6020050922978994,0.7523870146403565,Q4_MostVulnerable,1
County_3111,NC,3.6,3.6,6.8,0.1465626989178867,0.3217695735200509,0.2145130490133673,0.22761510715043498,Q1_LeastVulnerable,0
County_3112,NY,8.9,5.1,12.4,0.5682686187141948,0.6078930617441121,0.8384786760025461,0.6715467854869509,Q3,0
County_3113,TX,16.2,5.8,18.9,0.9239338001273074,0.7245385105028644,0.9988860598345003,0.8824527901548906,Q4_MostVulnerable,1
County_3114,CA,18.3,7.5,15.6,0.9696053469127944,0.9127943984723106,0.9734245703373647,0.9519414385741566,Q4_MostVulnerable,1
County_3115,IL,6.8,6.3,7.7,0.40388287714831317,0.7969446212603437,0.30887969446212604,0.5032357309569276,Q3,0
County_3116,CA,2.3,1.2,4.1,0.06795035009548059,0.043602800763844686,0.03962444302991725,0.05039253129641417,Q1_LeastVulnerable,0
County_3117,LA,8.2,1.5,13.5,0.5181413112667091,0.06253978357733928,0.9048376830044558,0.4951729259495014,Q3,0
County_3118,UT,2.9,3.6,7.9,0.10280076384468491,0.3217695735200509,0.33131763208147674,0.2519626564820709,Q1_LeastVulnerable,0
County_3119,PA,7.7,4.2,7.2,0.47835773392743475,0.4328453214513049,0.25302355187778486,0.3880755357521748,Q2,0
County_3120,OK,8.8,3.6,9.0,0.5614258434118395,0.3217695735200509,0.4619669000636537,0.44838743899851474,Q2,0
County_3121,MS,4.8,4.4,8.0,0.23424570337364736,0.47422024188415024,0.343093570973902,0.35051983874389986,Q2,0
County_3122,TX,10.3,6.3,11.2,0.6618395926161681,0.7969446212603437,0.7313812858052197,0.7300551665605771,Q4_MostVulnerable,1
County_3123,MA,10.7,1.9,8.6,0.6853914704010184,0.09245703373647358,0.41215786123488224,0.39666878845745807,Q2,0
County_3124,CO,9.8,4.0,8.7,0.6295353278166773,0.39449395289624445,0.4252068746021642,0.48307871843836203,Q2,0
County_3125,TN,10.8,8.7,7.1,0.6917568427753024,0.9662635264162953,0.2437937619350732,0.6339380437088903,Q3,0
County_3126,ID,7.8,5.2,11.0,0.4859961807765754,0.6247612985359644,0.707511139401655,0.6060895395713982,Q3,0
County_3127,CA,7.6,5.3,8.1,0.4711966900063654,0.6411521323997453,0.35534691279439845,0.48923191173350306,Q3,0
County_3128,CA,6.8,5.8,9.3,0.40388287714831317,0.7245385105028644,0.4990451941438574,0.542488860598345,Q3,0
County_3129,NJ,8.5,4.6,12.1,0.5423297262889879,0.5119350732017823,0.8168364099299809,0.6237004031402504,Q3,0
County_3130,NJ,3.8,4.3,7.4,0.16008911521323999,0.45401018459579884,0.2737110120942075,0.2959367706344154,Q2,0
County_3131,GA,11.3,6.5,10.4,0.7232654360280076,0.8200190961171229,0.6325588796944621,0.7252811372798642,Q4_MostVulnerable,1
County_3132,OK,9.0,5.5,9.9,0.5749522597071929,0.6744112030553787,0.5786123488224061,0.609325270528326,Q3,0
County_3133,PA,5.7,3.2,8.0,0.30919796308084024,0.25302355187778486,0.343093570973902,0.3017716953108424,Q2,0
County_3134,VA,4.2,3.5,9.6,0.19478039465308722,0.30394653087205603,0.5383513685550605,0.3456927646934012,Q2,0
County_3135,NE,2.2,1.8,6.7,0.06397199236155315,0.08338637810311904,0.20321451304901336,0.11685762783789518,Q1_LeastVulnerable,0
County_3136,PA,7.5,4.3,7.6,0.4619669000636537,0.45401018459579884,0.2980585614258434,0.4046785486950986,Q2,0
County_3137,PA,6.6,2.2,10.4,0.3835136855506047,0.1223742838956079,0.6325588796944621,0.3794822830468916,Q2,0
County_3138,GA,16.1,5.6,15.5,0.9204328453214513,0.6920751113940166,0.970560152768937,0.8610227031614683,Q4_MostVulnerable,1
County_3139,IL,4.2,2.8,4.4,0.19478039465308722,0.19462126034373012,0.0483768300445576,0.14592616168045833,Q1_LeastVulnerable,0
County_3140,MI,5.5,2.2,10.8,0.2936028007638447,0.1223742838956079,0.683004455760662,0.36632718014003823,Q2,0
County_3141,AK,1.8,1.8,6.6,0.045035009548058565,0.08338637810311904,0.19080203691915978,0.10640780819011246,Q1_LeastVulnerable,0
