individual_id,ancestry,ses_score,ses_quartile,high_vulnerability
IND_00000,EUR,0.15784085149944235,Q1_LowestVuln,0
IND_00001,AMR,0.6826353313674164,Q3_MedVuln,0
IND_00002,SAS,0.48918534682474357,Q2_LowVuln,0
IND_00003,EAS,0.13323762617821636,Q1_LowestVuln,0
IND_00004,EUR,0.6572043256591775,Q3_MedVuln,0
IND_00005,EAS,0.2705978714913083,Q2_LowVuln,0
IND_00006,AFR,0.3592476326692622,Q2_LowVuln,0
IND_00007,EUR,0.5619785881285826,Q3_MedVuln,0
IND_00008,AFR,0.2366127986233139,Q1_LowestVuln,0
IND_00009,AFR,0.6816419560649146,Q3_MedVuln,0
IND_00010,AFR,0.7949288862158117,Q4_HighestVuln,1
IND_00011,EUR,0.7546010709426965,Q4_HighestVuln,1
IND_00012,AFR,0.5467908554487081,Q3_MedVuln,0
IND_00013,AFR,0.5388995996145717,Q3_MedVuln,0
IND_00014,EUR,0.41375287273430084,Q2_LowVuln,0
IND_00015,EAS,0.25249283616527607,Q2_LowVuln,0
IND_00016,SAS,0.6578227725215634,Q3_MedVuln,0
IND_00017,EUR,0.4466059122572962,Q2_LowVuln,0
IND_00018,AMR,0.8301741495060849,Q4_HighestVuln,1
IND_00019,AFR,0.5854433454943163,Q3_MedVuln,0
IND_00020,EAS,0.3860745470348627,Q2_LowVuln,0
IND_00021,EAS,0.29685330414082756,Q2_LowVuln,0
IND_00022,SAS,0.04813185210798318,Q1_LowestVuln,0
IND_00023,EUR,0.3025117856919123,Q2_LowVuln,0
IND_00024,EUR,0.6833981516718347,Q3_MedVuln,0
IND_00025,AFR,0.2748581090065901,Q2_LowVuln,0
IND_00026,AMR,0.6085722216538024,Q3_MedVuln,0
IND_00027,AFR,0.6380083898135049,Q3_MedVuln,0
IND_00028,EUR,0.427574287528859,Q2_LowVuln,0
IND_00029,SAS,0.4133124737974279,Q2_LowVuln,0
IND_00030,SAS,0.5659692363215437,Q3_MedVuln,0
IND_00031,AFR,0.23805119434513483,Q1_LowestVuln,0
IND_00032,EUR,0.25303765448044974,Q2_LowVuln,0
IND_00033,EAS,0.1006812023256057,Q1_LowestVuln,0
IND_00034,AMR,0.20126358659827376,Q1_LowestVuln,0
IND_00035,AMR,0.5896647597642701,Q3_MedVuln,0
IND_00036,AFR,0.5029688499635123,Q3_MedVuln,0
IND_00037,EAS,0.6065124149754494,Q3_MedVuln,0
IND_00038,SAS,0.5812062659659668,Q3_MedVuln,0
IND_00039,SAS,0.3635723139373073,Q2_LowVuln,0
IND_00040,EUR,0.5729339036295289,Q3_MedVuln,0
IND_00041,EAS,0.11844279281886627,Q1_LowestVuln,0
IND_00042,EUR,0.4128007162320117,Q2_LowVuln,0
IND_00043,AMR,0.45570372472501475,Q2_LowVuln,0
IND_00044,EUR,0.21680638757268508,Q1_LowestVuln,0
IND_00045,EUR,0.6391433783830215,Q3_MedVuln,0
IND_00046,EAS,0.5609887919774049,Q3_MedVuln,0
IND_00047,EAS,0.3705023440680356,Q2_LowVuln,0
IND_00048,EUR,0.6352315822757852,Q3_MedVuln,0
IND_00049,AMR,0.5273007205923933,Q3_MedVuln,0
IND_00050,EUR,0.47426488152186314,Q2_LowVuln,0
IND_00051,EAS,0.16623665172098528,Q1_LowestVuln,0
IND_00052,AFR,0.5146507681467724,Q3_MedVuln,0
IND_00053,SAS,0.575870207503468,Q3_MedVuln,0
IND_00054,EAS,0.26048095042556646,Q2_LowVuln,0
IND_00055,EAS,0.6334631211307831,Q3_MedVuln,0
IND_00056,AFR,0.8345193897387838,Q4_HighestVuln,1
IND_00057,AFR,0.5546007923645141,Q3_MedVuln,0
IND_00058,EUR,0.40270006694571114,Q2_LowVuln,0
IND_00059,EUR,0.47636570315145965,Q2_LowVuln,0
IND_00060,AFR,0.5477844277014775,Q3_MedVuln,0
IND_00061,EAS,0.7050993763579887,Q3_MedVuln,0
IND_00062,EAS,0.1740886979887981,Q1_LowestVuln,0
IND_00063,EAS,0.45423841603099413,Q2_LowVuln,0
IND_00064,EAS,0.376582093569171,Q2_LowVuln,0
IND_00065,EUR,0.18873887753816063,Q1_LowestVuln,0
IND_00066,EUR,0.2695019475620189,Q2_LowVuln,0
IND_00067,AFR,0.3753047604439275,Q2_LowVuln,0
IND_00068,EAS,0.3685770406917377,Q2_LowVuln,0
IND_00069,AFR,0.6122716893447836,Q3_MedVuln,0
IND_00070,EUR,0.15741528778400207,Q1_LowestVuln,0
IND_00071,EUR,0.41306797127409,Q2_LowVuln,0
IND_00072,EAS,0.19206271100827363,Q1_LowestVuln,0
IND_00073,AFR,0.6823870511012754,Q3_MedVuln,0
IND_00074,EAS,0.11438213364147631,Q1_LowestVuln,0
IND_00075,SAS,0.49937144058165,Q2_LowVuln,0
IND_00076,AFR,0.08882837788127874,Q1_LowestVuln,0
IND_00077,AFR,0.7657883118190935,Q4_HighestVuln,1
IND_00078,AFR,0.5095784469729698,Q3_MedVuln,0
IND_00079,AFR,0.6843188910704234,Q3_MedVuln,0
IND_00080,AMR,0.2952468188457385,Q2_LowVuln,0
IND_00081,EAS,0.557169109604366,Q3_MedVuln,0
IND_00082,AFR,0.5143967100490735,Q3_MedVuln,0
IND_00083,EAS,0.2871750300827296,Q2_LowVuln,0
IND_00084,EUR,0.2657469039000923,Q2_LowVuln,0
IND_00085,AMR,0.6443849413983378,Q3_MedVuln,0
IND_00086,AMR,0.788414171213187,Q4_HighestVuln,1
IND_00087,EAS,0.5072904495612668,Q3_MedVuln,0
IND_00088,AMR,0.4321383322952963,Q2_LowVuln,0
IND_00089,AFR,0.3105911799328172,Q2_LowVuln,0
IND_00090,AMR,0.2169721658764111,Q1_LowestVuln,0
IND_00091,AFR,0.1633241600382669,Q1_LowestVuln,0
IND_00092,AFR,0.657363265672175,Q3_MedVuln,0
IND_00093,AFR,0.7845018202433167,Q4_HighestVuln,1
IND_00094,EUR,0.5516175087475621,Q3_MedVuln,0
IND_00095,AMR,0.7350232193500094,Q3_MedVuln,0
IND_00096,AFR,0.8944464288926012,Q4_HighestVuln,1
IND_00097,EAS,0.43084919139207434,Q2_LowVuln,0
IND_00098,SAS,0.33838831468899344,Q2_LowVuln,0
IND_00099,AMR,0.6551668187855372,Q3_MedVuln,0
IND_00100,AFR,0.9519289226260542,Q4_HighestVuln,1
IND_00101,AMR,0.5650636145954243,Q3_MedVuln,0
IND_00102,EAS,0.40032153999415265,Q2_LowVuln,0
IND_00103,EUR,0.850130751403948,Q4_HighestVuln,1
IND_00104,AFR,0.8051165231475517,Q4_HighestVuln,1
IND_00105,AMR,0.8369694102971482,Q4_HighestVuln,1
IND_00106,AFR,0.8135278636354328,Q4_HighestVuln,1
IND_00107,AFR,0.6386009247226243,Q3_MedVuln,0
IND_00108,SAS,0.21754680385935948,Q1_LowestVuln,0
IND_00109,AMR,0.7716870742652204,Q4_HighestVuln,1
IND_00110,SAS,0.5604374807796828,Q3_MedVuln,0
IND_00111,EAS,0.0770808517106024,Q1_LowestVuln,0
IND_00112,AFR,0.5723388850946551,Q3_MedVuln,0
IND_00113,AFR,0.9320476508198033,Q4_HighestVuln,1
IND_00114,EUR,0.602536770523722,Q3_MedVuln,0
IND_00115,AFR,0.2602024713526174,Q2_LowVuln,0
IND_00116,EAS,0.2610959926802546,Q2_LowVuln,0
IND_00117,EUR,0.693960612449959,Q3_MedVuln,0
IND_00118,EAS,0.14040635673652893,Q1_LowestVuln,0
IND_00119,AFR,0.7500264328488789,Q4_HighestVuln,1
IND_00120,EUR,0.21999611325580157,Q1_LowestVuln,0
IND_00121,EUR,0.2003733027083216,Q1_LowestVuln,0
IND_00122,AMR,0.6148380090114938,Q3_MedVuln,0
IND_00123,AFR,0.8634317060274472,Q4_HighestVuln,1
IND_00124,AFR,0.22969541915087405,Q1_LowestVuln,0
IND_00125,EAS,0.2588887509502481,Q2_LowVuln,0
IND_00126,AFR,0.38674658839817305,Q2_LowVuln,0
IND_00127,EAS,0.048007519985348114,Q1_LowestVuln,0
IND_00128,SAS,0.5132526120588531,Q3_MedVuln,0
IND_00129,SAS,0.6308497595141652,Q3_MedVuln,0
IND_00130,AFR,0.6286114016753342,Q3_MedVuln,0
IND_00131,EAS,0.5854610430077052,Q3_MedVuln,0
IND_00132,EUR,0.6849295010662309,Q3_MedVuln,0
IND_00133,EAS,0.4776087068179612,Q2_LowVuln,0
IND_00134,AMR,0.4153223537076372,Q2_LowVuln,0
IND_00135,EUR,0.5117737913339039,Q3_MedVuln,0
IND_00136,AMR,0.46457992560478734,Q2_LowVuln,0
IND_00137,SAS,0.5966829204864443,Q3_MedVuln,0
IND_00138,EUR,0.6628787224075465,Q3_MedVuln,0
IND_00139,SAS,0.4344023888090675,Q2_LowVuln,0
IND_00140,AFR,0.5414036912393339,Q3_MedVuln,0
IND_00141,EUR,0.5081402414912708,Q3_MedVuln,0
IND_00142,EAS,0.3407430082087434,Q2_LowVuln,0
IND_00143,EAS,0.43711990349245494,Q2_LowVuln,0
IND_00144,EAS,0.06162876996423669,Q1_LowestVuln,0
IND_00145,AMR,0.4730527985407212,Q2_LowVuln,0
IND_00146,AFR,0.7928100234098238,Q4_HighestVuln,1
IND_00147,EUR,0.4645231064609337,Q2_LowVuln,0
IND_00148,EUR,0.7169358000675735,Q3_MedVuln,0
IND_00149,EUR,0.37875745984648373,Q2_LowVuln,0
IND_00150,AMR,0.9529661944279556,Q4_HighestVuln,1
IND_00151,EAS,0.12429073385249477,Q1_LowestVuln,0
IND_00152,SAS,0.5297192453699702,Q3_MedVuln,0
IND_00153,AFR,0.7638133545956262,Q4_HighestVuln,1
IND_00154,EUR,0.7803236280571672,Q4_HighestVuln,1
IND_00155,AFR,0.7208892357381801,Q3_MedVuln,0
IND_00156,EUR,0.19373326326004198,Q1_LowestVuln,0
IND_00157,AFR,0.3641189870477786,Q2_LowVuln,0
IND_00158,AFR,0.3361500963090388,Q2_LowVuln,0
IND_00159,AFR,0.3182561295805966,Q2_LowVuln,0
IND_00160,EUR,0.5714893655006033,Q3_MedVuln,0
IND_00161,AFR,0.3989931265783483,Q2_LowVuln,0
IND_00162,AMR,0.67804097597362,Q3_MedVuln,0
IND_00163,EAS,0.4326045626028543,Q2_LowVuln,0
IND_00164,EUR,0.527016610773095,Q3_MedVuln,0
IND_00165,EUR,0.3369568954698553,Q2_LowVuln,0
IND_00166,AFR,0.59755903996154,Q3_MedVuln,0
IND_00167,AFR,0.5946265040130817,Q3_MedVuln,0
IND_00168,EAS,0.2608546449860029,Q2_LowVuln,0
IND_00169,AFR,0.6420892448588292,Q3_MedVuln,0
IND_00170,EAS,0.5760987900404214,Q3_MedVuln,0
IND_00171,EAS,0.44922523652774665,Q2_LowVuln,0
IND_00172,EAS,0.5063558613277575,Q3_MedVuln,0
IND_00173,SAS,0.5319266484138222,Q3_MedVuln,0
IND_00174,AMR,0.7896784273709602,Q4_HighestVuln,1
IND_00175,EAS,0.06938279603492507,Q1_LowestVuln,0
IND_00176,AFR,0.2259973178084512,Q1_LowestVuln,0
IND_00177,AFR,0.49679272852471873,Q2_LowVuln,0
IND_00178,EAS,0.7583027615616059,Q4_HighestVuln,1
IND_00179,AMR,0.4807981468608819,Q2_LowVuln,0
IND_00180,SAS,0.6673890511550972,Q3_MedVuln,0
IND_00181,AFR,0.637719135485825,Q3_MedVuln,0
IND_00182,AMR,0.7112941740595979,Q3_MedVuln,0
IND_00183,EAS,0.3854888422841053,Q2_LowVuln,0
IND_00184,AFR,0.28719216272147124,Q2_LowVuln,0
IND_00185,SAS,0.8068959098164632,Q4_HighestVuln,1
IND_00186,EAS,0.16783870072124987,Q1_LowestVuln,0
IND_00187,EAS,0.26947081213853935,Q2_LowVuln,0
IND_00188,AMR,0.8482701393537787,Q4_HighestVuln,1
IND_00189,EAS,0.16575689367953236,Q1_LowestVuln,0
IND_00190,AFR,0.7269090718298991,Q3_MedVuln,0
IND_00191,AFR,0.5677163953504015,Q3_MedVuln,0
IND_00192,AFR,0.7476227741929331,Q3_MedVuln,0
IND_00193,EAS,0.4285536042063098,Q2_LowVuln,0
IND_00194,EAS,0.5557716462766109,Q3_MedVuln,0
IND_00195,SAS,0.2185775803780244,Q1_LowestVuln,0
IND_00196,AFR,0.668495961318364,Q3_MedVuln,0
IND_00197,EAS,0.3383622151866185,Q2_LowVuln,0
IND_00198,AMR,0.4572816294249653,Q2_LowVuln,0
IND_00199,AFR,0.9160845577822532,Q4_HighestVuln,1
IND_00200,EAS,0.1831255703110454,Q1_LowestVuln,0
IND_00201,SAS,0.10140429790943271,Q1_LowestVuln,0
IND_00202,EUR,0.5768889058897106,Q3_MedVuln,0
IND_00203,SAS,0.44709586867402934,Q2_LowVuln,0
IND_00204,SAS,0.6906712330073606,Q3_MedVuln,0
IND_00205,AMR,0.7074553813999694,Q3_MedVuln,0
IND_00206,SAS,0.45675051815754575,Q2_LowVuln,0
IND_00207,AFR,0.6367325188557651,Q3_MedVuln,0
IND_00208,AFR,0.3820041734531906,Q2_LowVuln,0
IND_00209,SAS,0.5516108416502863,Q3_MedVuln,0
IND_00210,AMR,0.6232097490844247,Q3_MedVuln,0
IND_00211,EUR,0.43794331993918195,Q2_LowVuln,0
IND_00212,EAS,0.21670788887289053,Q1_LowestVuln,0
IND_00213,AFR,0.2913062237752694,Q2_LowVuln,0
IND_00214,EUR,0.5856138760604537,Q3_MedVuln,0
IND_00215,SAS,0.429358849244347,Q2_LowVuln,0
IND_00216,EUR,0.30941851857975866,Q2_LowVuln,0
IND_00217,EUR,0.25601871675033405,Q2_LowVuln,0
IND_00218,AMR,0.638457148783256,Q3_MedVuln,0
IND_00219,EUR,0.2403710093964105,Q1_LowestVuln,0
IND_00220,AMR,0.5894360362974429,Q3_MedVuln,0
IND_00221,EAS,0.32585166275463107,Q2_LowVuln,0
IND_00222,AFR,0.7931619903245416,Q4_HighestVuln,1
IND_00223,EAS,0.5191577900424403,Q3_MedVuln,0
IND_00224,EUR,0.3369414541768407,Q2_LowVuln,0
IND_00225,EAS,0.07723669711089302,Q1_LowestVuln,0
IND_00226,SAS,0.5984300045627612,Q3_MedVuln,0
IND_00227,AMR,0.8225787780767803,Q4_HighestVuln,1
IND_00228,EAS,0.22053469664727032,Q1_LowestVuln,0
IND_00229,AFR,0.5024665317890586,Q3_MedVuln,0
IND_00230,SAS,0.49078816304747735,Q2_LowVuln,0
IND_00231,SAS,0.6260895728473175,Q3_MedVuln,0
IND_00232,SAS,0.25288318446568586,Q2_LowVuln,0
IND_00233,AMR,0.7379227126091709,Q3_MedVuln,0
IND_00234,EAS,0.2903797819183135,Q2_LowVuln,0
IND_00235,AFR,0.4888377422513024,Q2_LowVuln,0
IND_00236,AFR,0.5147869242447489,Q3_MedVuln,0
IND_00237,SAS,0.4863162115765213,Q2_LowVuln,0
IND_00238,AFR,0.7613751867472938,Q4_HighestVuln,1
IND_00239,EUR,0.11615832479969934,Q1_LowestVuln,0
IND_00240,SAS,0.8832395024685354,Q4_HighestVuln,1
IND_00241,AMR,0.2948491143961624,Q2_LowVuln,0
IND_00242,AFR,0.7258581726345797,Q3_MedVuln,0
IND_00243,AFR,0.43557975394985066,Q2_LowVuln,0
IND_00244,EAS,0.009189117884329892,Q1_LowestVuln,0
IND_00245,EAS,0.441020236177205,Q2_LowVuln,0
IND_00246,EUR,0.8117149551009085,Q4_HighestVuln,1
IND_00247,EUR,0.25331618143546664,Q2_LowVuln,0
IND_00248,AFR,0.5882449813173679,Q3_MedVuln,0
IND_00249,SAS,0.5259907091922646,Q3_MedVuln,0
IND_00250,AFR,0.640038838923131,Q3_MedVuln,0
IND_00251,AFR,0.37673615115766956,Q2_LowVuln,0
IND_00252,EAS,0.3503899214521536,Q2_LowVuln,0
IND_00253,EUR,0.23081620042474627,Q1_LowestVuln,0
IND_00254,AFR,0.7713111650506769,Q4_HighestVuln,1
IND_00255,AMR,0.796975957838565,Q4_HighestVuln,1
IND_00256,AFR,0.8150926179978277,Q4_HighestVuln,1
IND_00257,AMR,0.678133748248007,Q3_MedVuln,0
IND_00258,EAS,0.6997697872476625,Q3_MedVuln,0
IND_00259,AMR,0.6674026754619573,Q3_MedVuln,0
IND_00260,SAS,0.46371093910674066,Q2_LowVuln,0
IND_00261,EUR,0.3654698637662676,Q2_LowVuln,0
IND_00262,EUR,0.489074184309423,Q2_LowVuln,0
IND_00263,EUR,0.09609077739608964,Q1_LowestVuln,0
IND_00264,EUR,0.427780870179949,Q2_LowVuln,0
IND_00265,EAS,0.3724398330403014,Q2_LowVuln,0
IND_00266,AMR,0.8785866453776342,Q4_HighestVuln,1
IND_00267,EUR,0.2584195301779963,Q2_LowVuln,0
IND_00268,SAS,0.8170314993702145,Q4_HighestVuln,1
IND_00269,AFR,0.7942115102767977,Q4_HighestVuln,1
IND_00270,AFR,0.40659256599468896,Q2_LowVuln,0
IND_00271,EUR,0.4221286579132843,Q2_LowVuln,0
IND_00272,AFR,0.8654156329420897,Q4_HighestVuln,1
IND_00273,SAS,0.5168770475555043,Q3_MedVuln,0
IND_00274,SAS,0.38590161082019114,Q2_LowVuln,0
IND_00275,EAS,0.38766253428149305,Q2_LowVuln,0
IND_00276,EAS,0.6224155855039167,Q3_MedVuln,0
IND_00277,AFR,0.3476511007518354,Q2_LowVuln,0
IND_00278,SAS,0.6776881637410141,Q3_MedVuln,0
IND_00279,AFR,0.6295874223559633,Q3_MedVuln,0
IND_00280,AFR,0.5222757336534183,Q3_MedVuln,0
IND_00281,EUR,0.14084737300675607,Q1_LowestVuln,0
IND_00282,SAS,0.6280438670649425,Q3_MedVuln,0
IND_00283,AMR,0.4370162241788227,Q2_LowVuln,0
IND_00284,AFR,0.5781698846173798,Q3_MedVuln,0
IND_00285,EAS,0.701034874998736,Q3_MedVuln,0
IND_00286,EAS,0.12456510972763428,Q1_LowestVuln,0
IND_00287,EAS,0.6053463793683108,Q3_MedVuln,0
IND_00288,SAS,0.6786859075748807,Q3_MedVuln,0
IND_00289,SAS,0.3525549580431135,Q2_LowVuln,0
IND_00290,AFR,0.6825628766894938,Q3_MedVuln,0
IND_00291,EAS,0.49128546314953475,Q2_LowVuln,0
IND_00292,SAS,0.6491373364008463,Q3_MedVuln,0
IND_00293,AFR,0.8577456457833668,Q4_HighestVuln,1
IND_00294,EUR,0.3605203580764617,Q2_LowVuln,0
IND_00295,AMR,0.605005410048755,Q3_MedVuln,0
IND_00296,AMR,0.4994941773021155,Q2_LowVuln,0
IND_00297,AFR,0.6052012831009415,Q3_MedVuln,0
IND_00298,AMR,0.5104639353048469,Q3_MedVuln,0
IND_00299,AMR,0.41787137086476966,Q2_LowVuln,0
IND_00300,EAS,0.5424929806949895,Q3_MedVuln,0
IND_00301,AFR,0.4371868553632525,Q2_LowVuln,0
IND_00302,EUR,0.9299667290505761,Q4_HighestVuln,1
IND_00303,EAS,0.2560225866561957,Q2_LowVuln,0
IND_00304,AFR,0.8486258744725246,Q4_HighestVuln,1
IND_00305,AFR,0.7208468953332543,Q3_MedVuln,0
IND_00306,AFR,0.8571874824304073,Q4_HighestVuln,1
IND_00307,EAS,0.7587875713868026,Q4_HighestVuln,1
IND_00308,EUR,0.24153929880605665,Q1_LowestVuln,0
IND_00309,EUR,0.6043479320499681,Q3_MedVuln,0
IND_00310,AFR,0.8307140356674841,Q4_HighestVuln,1
IND_00311,EUR,0.3828904152261323,Q2_LowVuln,0
IND_00312,EUR,0.6474155712375049,Q3_MedVuln,0
IND_00313,EUR,0.40237616526247866,Q2_LowVuln,0
IND_00314,EUR,0.5739778065356723,Q3_MedVuln,0
IND_00315,EAS,0.36895766381202644,Q2_LowVuln,0
IND_00316,EAS,0.6206766195551108,Q3_MedVuln,0
IND_00317,AFR,0.8417007647272715,Q4_HighestVuln,1
IND_00318,AFR,0.782037627764879,Q4_HighestVuln,1
IND_00319,EUR,0.753771677637094,Q4_HighestVuln,1
IND_00320,AFR,0.8112539808767789,Q4_HighestVuln,1
IND_00321,AFR,0.5692478721980346,Q3_MedVuln,0
IND_00322,EUR,0.21590802231876713,Q1_LowestVuln,0
IND_00323,EAS,0.29590484885202945,Q2_LowVuln,0
IND_00324,EAS,0.43761925068389845,Q2_LowVuln,0
IND_00325,AFR,0.8527337117639001,Q4_HighestVuln,1
IND_00326,EAS,0.34070494612036184,Q2_LowVuln,0
IND_00327,EAS,0.625286933616887,Q3_MedVuln,0
IND_00328,AMR,0.8390224304407631,Q4_HighestVuln,1
IND_00329,SAS,0.42864322991566406,Q2_LowVuln,0
IND_00330,AMR,0.6174953135140142,Q3_MedVuln,0
IND_00331,AFR,0.7557701470685625,Q4_HighestVuln,1
IND_00332,EAS,0.07311241468607838,Q1_LowestVuln,0
IND_00333,AMR,0.6660419115711621,Q3_MedVuln,0
IND_00334,AFR,0.8531070419034604,Q4_HighestVuln,1
IND_00335,EUR,0.2145787749967696,Q1_LowestVuln,0
IND_00336,EAS,0.46835001335308374,Q2_LowVuln,0
IND_00337,AFR,0.3732896282036057,Q2_LowVuln,0
IND_00338,EUR,0.4269215350753655,Q2_LowVuln,0
IND_00339,EUR,0.70919528414569,Q3_MedVuln,0
IND_00340,EUR,0.7522531614177457,Q4_HighestVuln,1
IND_00341,EUR,0.10050565723595192,Q1_LowestVuln,0
IND_00342,EAS,0.4329053161269144,Q2_LowVuln,0
IND_00343,SAS,0.7082714655359135,Q3_MedVuln,0
IND_00344,AFR,0.8370038801743064,Q4_HighestVuln,1
IND_00345,EAS,0.1983318941019359,Q1_LowestVuln,0
IND_00346,AFR,0.6472304093549399,Q3_MedVuln,0
IND_00347,EAS,0.5221005777389043,Q3_MedVuln,0
IND_00348,EUR,0.3923425335119302,Q2_LowVuln,0
IND_00349,EUR,0.42641961421725066,Q2_LowVuln,0
IND_00350,AMR,0.17040922791637866,Q1_LowestVuln,0
IND_00351,AFR,0.806448912944957,Q4_HighestVuln,1
IND_00352,AFR,0.5266927283408668,Q3_MedVuln,0
IND_00353,SAS,0.31244915909021154,Q2_LowVuln,0
IND_00354,AFR,0.745798091972232,Q3_MedVuln,0
IND_00355,EUR,0.21867675572577075,Q1_LowestVuln,0
IND_00356,AFR,0.47397545143648073,Q2_LowVuln,0
IND_00357,EUR,0.17554768378091368,Q1_LowestVuln,0
IND_00358,AFR,0.5382371931565975,Q3_MedVuln,0
IND_00359,AFR,0.4079210364909393,Q2_LowVuln,0
IND_00360,AMR,0.5497582947260278,Q3_MedVuln,0
IND_00361,AFR,0.5297101905433845,Q3_MedVuln,0
IND_00362,AFR,0.7924976516224306,Q4_HighestVuln,1
IND_00363,EAS,0.5954833974830103,Q3_MedVuln,0
IND_00364,AMR,0.2550072889651156,Q2_LowVuln,0
IND_00365,EAS,0.5071720566044665,Q3_MedVuln,0
IND_00366,AFR,0.40717875159613903,Q2_LowVuln,0
IND_00367,EUR,0.22518842290403257,Q1_LowestVuln,0
IND_00368,AMR,0.46720572666659016,Q2_LowVuln,0
IND_00369,SAS,0.6457200636460958,Q3_MedVuln,0
IND_00370,AFR,0.6634576303525248,Q3_MedVuln,0
IND_00371,AMR,0.8733794861619463,Q4_HighestVuln,1
IND_00372,EAS,0.5051980452888978,Q3_MedVuln,0
IND_00373,EAS,0.6112936501941926,Q3_MedVuln,0
IND_00374,SAS,0.3780779215745509,Q2_LowVuln,0
IND_00375,AFR,0.37942627432505155,Q2_LowVuln,0
IND_00376,AFR,0.5995949643003443,Q3_MedVuln,0
IND_00377,EUR,0.15665354878654675,Q1_LowestVuln,0
IND_00378,AFR,0.6691177317997556,Q3_MedVuln,0
IND_00379,AMR,0.7054914388600051,Q3_MedVuln,0
IND_00380,SAS,0.6900129737879295,Q3_MedVuln,0
IND_00381,SAS,0.17939762744355126,Q1_LowestVuln,0
IND_00382,EUR,0.6200413849115988,Q3_MedVuln,0
IND_00383,AFR,0.7380856650356021,Q3_MedVuln,0
IND_00384,EAS,0.06649453801888844,Q1_LowestVuln,0
IND_00385,AMR,0.405399329717882,Q2_LowVuln,0
IND_00386,SAS,0.34910886015633624,Q2_LowVuln,0
IND_00387,EAS,0.20196812230265124,Q1_LowestVuln,0
IND_00388,AFR,0.907901899147849,Q4_HighestVuln,1
IND_00389,SAS,0.43299485470596855,Q2_LowVuln,0
IND_00390,SAS,0.3012870659614621,Q2_LowVuln,0
IND_00391,AMR,0.8013755718206216,Q4_HighestVuln,1
IND_00392,AMR,0.6838796412922571,Q3_MedVuln,0
IND_00393,SAS,0.7658617244036339,Q4_HighestVuln,1
IND_00394,EUR,0.5176154821754725,Q3_MedVuln,0
IND_00395,AFR,0.5152512036601256,Q3_MedVuln,0
IND_00396,EAS,0.21463977895245376,Q1_LowestVuln,0
IND_00397,AMR,0.31640744760304984,Q2_LowVuln,0
IND_00398,AFR,0.7000731357028882,Q3_MedVuln,0
IND_00399,EAS,0.2567120552570175,Q2_LowVuln,0
IND_00400,SAS,0.6285036444933427,Q3_MedVuln,0
IND_00401,AMR,0.988238604662232,Q4_HighestVuln,1
IND_00402,EUR,0.38113282372948365,Q2_LowVuln,0
IND_00403,EAS,0.23809081019519537,Q1_LowestVuln,0
IND_00404,EAS,0.5541173046931988,Q3_MedVuln,0
IND_00405,AMR,0.16990181327712364,Q1_LowestVuln,0
IND_00406,AFR,0.8484948147873606,Q4_HighestVuln,1
IND_00407,AFR,0.5065969731543881,Q3_MedVuln,0
IND_00408,EUR,0.3996603353316487,Q2_LowVuln,0
IND_00409,AFR,0.6734479600581632,Q3_MedVuln,0
IND_00410,EAS,0.20744484573097655,Q1_LowestVuln,0
IND_00411,AFR,0.6491495117375449,Q3_MedVuln,0
IND_00412,AMR,0.5656956092252774,Q3_MedVuln,0
IND_00413,EUR,0.2344896710238602,Q1_LowestVuln,0
IND_00414,EUR,0.4533388039454939,Q2_LowVuln,0
IND_00415,AFR,0.9241975362711897,Q4_HighestVuln,1
IND_00416,EUR,0.2003042801899933,Q1_LowestVuln,0
IND_00417,SAS,0.4877917885836147,Q2_LowVuln,0
IND_00418,AMR,0.5497480043313168,Q3_MedVuln,0
IND_00419,AMR,0.8683555559583783,Q4_HighestVuln,1
IND_00420,EUR,0.15506998668059271,Q1_LowestVuln,0
IND_00421,AFR,0.3336973201267145,Q2_LowVuln,0
IND_00422,SAS,0.15445536563647538,Q1_LowestVuln,0
IND_00423,EUR,0.13448651016227023,Q1_LowestVuln,0
IND_00424,SAS,0.8050517629447107,Q4_HighestVuln,1
IND_00425,EUR,0.1630931923133063,Q1_LowestVuln,0
IND_00426,AFR,0.8754572687916378,Q4_HighestVuln,1
IND_00427,EAS,0.3875700878126267,Q2_LowVuln,0
IND_00428,EUR,0.6401513175982173,Q3_MedVuln,0
IND_00429,AMR,0.8660239367228323,Q4_HighestVuln,1
IND_00430,AFR,0.6898090974471698,Q3_MedVuln,0
IND_00431,AFR,0.7146704983700847,Q3_MedVuln,0
IND_00432,AMR,0.8006712293100201,Q4_HighestVuln,1
IND_00433,EAS,0.44244602944040484,Q2_LowVuln,0
IND_00434,EUR,0.4373250226594707,Q2_LowVuln,0
IND_00435,SAS,0.6545370227153109,Q3_MedVuln,0
IND_00436,AFR,0.7858457976810659,Q4_HighestVuln,1
IND_00437,EAS,0.380630551901163,Q2_LowVuln,0
IND_00438,EAS,0.38608735994647586,Q2_LowVuln,0
IND_00439,EAS,0.6120405615089072,Q3_MedVuln,0
IND_00440,EAS,0.3292076582265891,Q2_LowVuln,0
IND_00441,AFR,0.7673459554536068,Q4_HighestVuln,1
IND_00442,AMR,0.5866742076182189,Q3_MedVuln,0
IND_00443,EAS,0.4491713146889242,Q2_LowVuln,0
IND_00444,AFR,0.7264882345201702,Q3_MedVuln,0
IND_00445,EAS,0.33563945875506324,Q2_LowVuln,0
IND_00446,EAS,0.6099992025487009,Q3_MedVuln,0
IND_00447,AMR,0.6958514756575714,Q3_MedVuln,0
IND_00448,SAS,0.5040036519914329,Q3_MedVuln,0
IND_00449,SAS,0.2418924142116588,Q1_LowestVuln,0
IND_00450,AFR,0.5973058321098695,Q3_MedVuln,0
IND_00451,SAS,0.4342209438656937,Q2_LowVuln,0
IND_00452,EAS,0.641890479802057,Q3_MedVuln,0
IND_00453,EUR,0.5101612199412824,Q3_MedVuln,0
IND_00454,AMR,0.5626522716976838,Q3_MedVuln,0
IND_00455,AFR,0.586553633485837,Q3_MedVuln,0
IND_00456,AFR,0.8686766190928285,Q4_HighestVuln,1
IND_00457,SAS,0.25240335863962154,Q2_LowVuln,0
IND_00458,EAS,0.33805884216554094,Q2_LowVuln,0
IND_00459,EUR,0.36293289497631454,Q2_LowVuln,0
IND_00460,AFR,0.2996494939869653,Q2_LowVuln,0
IND_00461,SAS,0.30770725598834836,Q2_LowVuln,0
IND_00462,EUR,0.08498167180155052,Q1_LowestVuln,0
IND_00463,AFR,0.3007010711765461,Q2_LowVuln,0
IND_00464,AFR,0.873788570937056,Q4_HighestVuln,1
IND_00465,AFR,0.845189388973934,Q4_HighestVuln,1
IND_00466,EUR,0.5895492029498777,Q3_MedVuln,0
IND_00467,AMR,0.7424610005884541,Q3_MedVuln,0
IND_00468,AFR,0.3078791789880238,Q2_LowVuln,0
IND_00469,SAS,0.46325220991783594,Q2_LowVuln,0
IND_00470,AMR,0.2723584578683354,Q2_LowVuln,0
IND_00471,EAS,0.4278015138374119,Q2_LowVuln,0
IND_00472,EUR,0.149889667558238,Q1_LowestVuln,0
IND_00473,AFR,0.3150399682534547,Q2_LowVuln,0
IND_00474,AFR,0.25586857730969703,Q2_LowVuln,0
IND_00475,SAS,0.14055281401428932,Q1_LowestVuln,0
IND_00476,SAS,0.8540488342152638,Q4_HighestVuln,1
IND_00477,AFR,0.45697440963351377,Q2_LowVuln,0
IND_00478,AFR,0.280740832976251,Q2_LowVuln,0
IND_00479,EUR,0.5070180973246455,Q3_MedVuln,0
IND_00480,EAS,0.36825131010757056,Q2_LowVuln,0
IND_00481,EAS,0.10193779601233147,Q1_LowestVuln,0
IND_00482,EAS,0.31529442056454693,Q2_LowVuln,0
IND_00483,EUR,0.22857857142028304,Q1_LowestVuln,0
IND_00484,AFR,0.9096165292983133,Q4_HighestVuln,1
IND_00485,AFR,0.5965392418255361,Q3_MedVuln,0
IND_00486,EUR,0.33595515749586047,Q2_LowVuln,0
IND_00487,EAS,0.18459721807804355,Q1_LowestVuln,0
IND_00488,AMR,0.6775131808759733,Q3_MedVuln,0
IND_00489,AFR,0.6195768301982242,Q3_MedVuln,0
IND_00490,EAS,0.5018888897275928,Q3_MedVuln,0
IND_00491,SAS,0.5979378686252896,Q3_MedVuln,0
IND_00492,EAS,0.3584479479687281,Q2_LowVuln,0
IND_00493,AFR,0.8202776208420174,Q4_HighestVuln,1
IND_00494,SAS,0.40123042809133186,Q2_LowVuln,0
IND_00495,EAS,0.5097726253558642,Q3_MedVuln,0
IND_00496,SAS,0.38304172755266913,Q2_LowVuln,0
IND_00497,AMR,0.9076586994094638,Q4_HighestVuln,1
IND_00498,EAS,0.4427899582504766,Q2_LowVuln,0
IND_00499,SAS,0.4382574144627616,Q2_LowVuln,0
IND_00500,AFR,0.7921248873415968,Q4_HighestVuln,1
IND_00501,SAS,0.41288815316653726,Q2_LowVuln,0
IND_00502,AFR,0.5586696055558354,Q3_MedVuln,0
IND_00503,EAS,0.24379378455208234,Q1_LowestVuln,0
IND_00504,AFR,0.548564895131868,Q3_MedVuln,0
IND_00505,AFR,0.4082764193699898,Q2_LowVuln,0
IND_00506,AFR,0.836946418163546,Q4_HighestVuln,1
IND_00507,AMR,0.7779535398095488,Q4_HighestVuln,1
IND_00508,AFR,0.5293421175546694,Q3_MedVuln,0
IND_00509,AFR,0.39639146887858184,Q2_LowVuln,0
IND_00510,AFR,0.4155725827130178,Q2_LowVuln,0
IND_00511,AMR,0.2920922309796632,Q2_LowVuln,0
IND_00512,SAS,0.1419122538114622,Q1_LowestVuln,0
IND_00513,AMR,0.5955676580176625,Q3_MedVuln,0
IND_00514,AFR,0.8502675642795819,Q4_HighestVuln,1
IND_00515,AFR,0.4048126155548788,Q2_LowVuln,0
IND_00516,EUR,0.4549769585182454,Q2_LowVuln,0
IND_00517,AMR,0.2458046376407673,Q1_LowestVuln,0
IND_00518,AFR,0.816594477495578,Q4_HighestVuln,1
IND_00519,AFR,0.32790118946077235,Q2_LowVuln,0
IND_00520,SAS,0.4804119067330569,Q2_LowVuln,0
IND_00521,SAS,0.19159943466153662,Q1_LowestVuln,0
IND_00522,AMR,0.3435230366688654,Q2_LowVuln,0
IND_00523,AFR,0.47414933515927976,Q2_LowVuln,0
IND_00524,EAS,0.747520693315538,Q3_MedVuln,0
IND_00525,SAS,0.34904381680373764,Q2_LowVuln,0
IND_00526,AMR,0.5944409208727005,Q3_MedVuln,0
IND_00527,SAS,0.536889252221259,Q3_MedVuln,0
IND_00528,AFR,0.6644376335947052,Q3_MedVuln,0
IND_00529,SAS,0.33881118861366427,Q2_LowVuln,0
IND_00530,EUR,0.5521605776749178,Q3_MedVuln,0
IND_00531,AFR,0.412818428875537,Q2_LowVuln,0
IND_00532,EAS,0.6594531347769689,Q3_MedVuln,0
IND_00533,SAS,0.06465294866714967,Q1_LowestVuln,0
IND_00534,AFR,0.6461667943739352,Q3_MedVuln,0
IND_00535,SAS,0.8237621311044505,Q4_HighestVuln,1
IND_00536,AMR,0.741552667500339,Q3_MedVuln,0
IND_00537,EUR,0.0703018284146181,Q1_LowestVuln,0
IND_00538,AFR,0.3447861006701597,Q2_LowVuln,0
IND_00539,EUR,0.4409805142213096,Q2_LowVuln,0
IND_00540,SAS,0.2188557695237989,Q1_LowestVuln,0
IND_00541,AFR,0.6602554819982174,Q3_MedVuln,0
IND_00542,AFR,0.36859698123536017,Q2_LowVuln,0
IND_00543,EUR,0.3954495781165291,Q2_LowVuln,0
IND_00544,EUR,0.3195118293214259,Q2_LowVuln,0
IND_00545,EUR,0.4119837981318561,Q2_LowVuln,0
IND_00546,AFR,0.5690574862552223,Q3_MedVuln,0
IND_00547,EAS,0.10286546161227891,Q1_LowestVuln,0
IND_00548,AFR,0.6046478767656451,Q3_MedVuln,0
IND_00549,EUR,0.5170136106319481,Q3_MedVuln,0
IND_00550,AFR,0.5320400748702333,Q3_MedVuln,0
IND_00551,SAS,0.46745837330553336,Q2_LowVuln,0
IND_00552,EUR,0.3001864085199175,Q2_LowVuln,0
IND_00553,SAS,0.5261782621701327,Q3_MedVuln,0
IND_00554,AMR,0.410888458256254,Q2_LowVuln,0
IND_00555,AFR,0.6156160981405062,Q3_MedVuln,0
IND_00556,SAS,0.46795162261792256,Q2_LowVuln,0
IND_00557,AFR,0.639737707512753,Q3_MedVuln,0
IND_00558,SAS,0.580364870222602,Q3_MedVuln,0
IND_00559,SAS,0.504235588856292,Q3_MedVuln,0
IND_00560,AFR,0.6783121359102069,Q3_MedVuln,0
IND_00561,AFR,0.7366074535116418,Q3_MedVuln,0
IND_00562,EUR,0.5670407136658777,Q3_MedVuln,0
IND_00563,EUR,0.10535321330649912,Q1_LowestVuln,0
IND_00564,EUR,0.45256210810596076,Q2_LowVuln,0
IND_00565,EUR,0.31908008184359027,Q2_LowVuln,0
IND_00566,AFR,0.7176880492737581,Q3_MedVuln,0
IND_00567,EUR,0.10838765874299093,Q1_LowestVuln,0
IND_00568,AFR,0.8483947102016054,Q4_HighestVuln,1
IND_00569,SAS,0.5532405171369591,Q3_MedVuln,0
IND_00570,EAS,0.039142798418607155,Q1_LowestVuln,0
IND_00571,SAS,0.6294564055670828,Q3_MedVuln,0
IND_00572,EUR,0.5069731383167084,Q3_MedVuln,0
IND_00573,EUR,0.29849216574196813,Q2_LowVuln,0
IND_00574,SAS,0.7637583265736941,Q4_HighestVuln,1
IND_00575,AFR,0.7357991337392266,Q3_MedVuln,0
IND_00576,AFR,0.5493449298221481,Q3_MedVuln,0
IND_00577,AFR,0.8798513302718177,Q4_HighestVuln,1
IND_00578,AFR,0.720414962206081,Q3_MedVuln,0
IND_00579,EUR,0.3529450293865974,Q2_LowVuln,0
IND_00580,EUR,0.5555717223620338,Q3_MedVuln,0
IND_00581,EAS,0.5146274487739269,Q3_MedVuln,0
IND_00582,AFR,0.779116092823654,Q4_HighestVuln,1
IND_00583,SAS,0.24530607071391863,Q1_LowestVuln,0
IND_00584,EAS,0.34765552522515974,Q2_LowVuln,0
IND_00585,EAS,0.2146263648331797,Q1_LowestVuln,0
IND_00586,SAS,0.9490006319990689,Q4_HighestVuln,1
IND_00587,EUR,0.479145626817194,Q2_LowVuln,0
IND_00588,SAS,0.5374137622438582,Q3_MedVuln,0
IND_00589,AMR,0.8187744070986953,Q4_HighestVuln,1
IND_00590,SAS,0.7270505347021771,Q3_MedVuln,0
IND_00591,EUR,0.3402560872448041,Q2_LowVuln,0
IND_00592,EAS,0.05378452925529108,Q1_LowestVuln,0
IND_00593,SAS,0.8477756663928901,Q4_HighestVuln,1
IND_00594,EAS,0.30256828877802533,Q2_LowVuln,0
IND_00595,AFR,0.47554049128173004,Q2_LowVuln,0
IND_00596,AFR,0.6469686180899652,Q3_MedVuln,0
IND_00597,EAS,0.3964567870458156,Q2_LowVuln,0
IND_00598,AFR,0.8676807325693436,Q4_HighestVuln,1
IND_00599,EUR,0.601945650121921,Q3_MedVuln,0
IND_00600,EAS,0.12393570917130886,Q1_LowestVuln,0
IND_00601,SAS,0.5347468742137651,Q3_MedVuln,0
IND_00602,EUR,0.760734498311979,Q4_HighestVuln,1
IND_00603,AFR,0.6772818188397024,Q3_MedVuln,0
IND_00604,EAS,0.10123005131793521,Q1_LowestVuln,0
IND_00605,AFR,0.8590451351946217,Q4_HighestVuln,1
IND_00606,AFR,0.31084551511367325,Q2_LowVuln,0
IND_00607,AFR,0.567618548453843,Q3_MedVuln,0
IND_00608,EUR,0.39852917345908145,Q2_LowVuln,0
IND_00609,AFR,0.5757649431917226,Q3_MedVuln,0
IND_00610,AMR,0.7109013283816901,Q3_MedVuln,0
IND_00611,AFR,0.4741213261019374,Q2_LowVuln,0
IND_00612,EAS,0.43796761386424204,Q2_LowVuln,0
IND_00613,SAS,0.3259647840522377,Q2_LowVuln,0
IND_00614,EAS,0.33377374110182073,Q2_LowVuln,0
IND_00615,AFR,0.47011857218584796,Q2_LowVuln,0
IND_00616,AMR,0.6657451982028544,Q3_MedVuln,0
IND_00617,AFR,0.8695335031284849,Q4_HighestVuln,1
IND_00618,AMR,0.8416778087292912,Q4_HighestVuln,1
IND_00619,EAS,0.31097973446813965,Q2_LowVuln,0
IND_00620,AFR,0.28098199291930176,Q2_LowVuln,0
IND_00621,AFR,0.6679332420307893,Q3_MedVuln,0
IND_00622,AMR,0.12483485366204991,Q1_LowestVuln,0
IND_00623,EAS,0.48578904775456316,Q2_LowVuln,0
IND_00624,EUR,0.25374513719966185,Q2_LowVuln,0
IND_00625,AMR,0.31768321016717854,Q2_LowVuln,0
IND_00626,AFR,0.41307254267066573,Q2_LowVuln,0
IND_00627,SAS,0.6043179995183687,Q3_MedVuln,0
IND_00628,SAS,0.5876221677941222,Q3_MedVuln,0
IND_00629,AFR,0.6826530161216317,Q3_MedVuln,0
IND_00630,AFR,0.8836137198459781,Q4_HighestVuln,1
IND_00631,EUR,0.3687585863476164,Q2_LowVuln,0
IND_00632,EUR,0.37426470988094723,Q2_LowVuln,0
IND_00633,AMR,0.6662355960922487,Q3_MedVuln,0
IND_00634,EAS,0.20535125850291466,Q1_LowestVuln,0
IND_00635,AFR,0.4529040584399122,Q2_LowVuln,0
IND_00636,EUR,0.18550781694447477,Q1_LowestVuln,0
IND_00637,EAS,0.02940070941180673,Q1_LowestVuln,0
IND_00638,EAS,0.6531868974957861,Q3_MedVuln,0
IND_00639,SAS,0.2485896390091216,Q1_LowestVuln,0
IND_00640,SAS,0.583750711262399,Q3_MedVuln,0
IND_00641,AFR,0.09390034163736645,Q1_LowestVuln,0
IND_00642,EAS,0.9052820914431342,Q4_HighestVuln,1
IND_00643,AFR,0.8102999945883305,Q4_HighestVuln,1
IND_00644,AFR,0.4077401088382123,Q2_LowVuln,0
IND_00645,EAS,0.216242454751518,Q1_LowestVuln,0
IND_00646,AFR,0.46059949137073714,Q2_LowVuln,0
IND_00647,SAS,0.5092240499204246,Q3_MedVuln,0
IND_00648,AFR,0.5135601574104547,Q3_MedVuln,0
IND_00649,SAS,0.8969836856951602,Q4_HighestVuln,1
IND_00650,EAS,0.37063705306437666,Q2_LowVuln,0
IND_00651,EAS,0.33124007356658447,Q2_LowVuln,0
IND_00652,EUR,0.3147026869864006,Q2_LowVuln,0
IND_00653,AFR,0.5324621452352113,Q3_MedVuln,0
IND_00654,AMR,0.33396051091524415,Q2_LowVuln,0
IND_00655,EAS,0.42869593243711973,Q2_LowVuln,0
IND_00656,EUR,0.4003169099059741,Q2_LowVuln,0
IND_00657,AFR,0.5588427955560376,Q3_MedVuln,0
IND_00658,AFR,0.6505762856750187,Q3_MedVuln,0
IND_00659,AMR,0.4055572534006999,Q2_LowVuln,0
IND_00660,AFR,0.6912803991361065,Q3_MedVuln,0
IND_00661,EAS,0.3074690090587156,Q2_LowVuln,0
IND_00662,AMR,0.737791254266369,Q3_MedVuln,0
IND_00663,AFR,0.3074463709016137,Q2_LowVuln,0
IND_00664,EUR,0.6373822279012415,Q3_MedVuln,0
IND_00665,EUR,0.17768572249226677,Q1_LowestVuln,0
IND_00666,AFR,0.7938595002374526,Q4_HighestVuln,1
IND_00667,EUR,0.46738356189275554,Q2_LowVuln,0
IND_00668,SAS,0.12794978680420716,Q1_LowestVuln,0
IND_00669,SAS,0.6978169592648202,Q3_MedVuln,0
IND_00670,AMR,0.832304003754022,Q4_HighestVuln,1
IND_00671,EUR,0.5746386350790275,Q3_MedVuln,0
IND_00672,SAS,0.27442597189632634,Q2_LowVuln,0
IND_00673,EAS,0.8335705110298932,Q4_HighestVuln,1
IND_00674,AFR,0.8474050554269825,Q4_HighestVuln,1
IND_00675,EAS,0.4702543034186782,Q2_LowVuln,0
IND_00676,AMR,0.6945180343468398,Q3_MedVuln,0
IND_00677,EAS,0.2869203025810337,Q2_LowVuln,0
IND_00678,EAS,0.7831226832419899,Q4_HighestVuln,1
IND_00679,SAS,0.8878180218782894,Q4_HighestVuln,1
IND_00680,AFR,0.8000051459201151,Q4_HighestVuln,1
IND_00681,AFR,0.39740326743146026,Q2_LowVuln,0
IND_00682,EAS,0.18340179785258565,Q1_LowestVuln,0
IND_00683,AFR,0.8359658445246219,Q4_HighestVuln,1
IND_00684,AFR,0.07780077705991183,Q1_LowestVuln,0
IND_00685,EUR,0.43867095846154985,Q2_LowVuln,0
IND_00686,AFR,0.8565767688870982,Q4_HighestVuln,1
IND_00687,AMR,0.6341645887328995,Q3_MedVuln,0
IND_00688,AFR,0.6074143641493533,Q3_MedVuln,0
IND_00689,EUR,0.32050013675101924,Q2_LowVuln,0
IND_00690,EAS,0.39099365077737247,Q2_LowVuln,0
IND_00691,EUR,0.41547010918064353,Q2_LowVuln,0
IND_00692,AFR,0.8461811141735878,Q4_HighestVuln,1
IND_00693,EAS,0.16466568030900697,Q1_LowestVuln,0
IND_00694,AFR,0.39470435897832706,Q2_LowVuln,0
IND_00695,SAS,0.7999328525604712,Q4_HighestVuln,1
IND_00696,SAS,0.7176752763028401,Q3_MedVuln,0
IND_00697,EUR,0.6196281331959138,Q3_MedVuln,0
IND_00698,EAS,0.34861213407120195,Q2_LowVuln,0
IND_00699,AFR,0.3109449878572562,Q2_LowVuln,0
IND_00700,EUR,0.2911138908345912,Q2_LowVuln,0
IND_00701,AMR,0.28906865599351905,Q2_LowVuln,0
IND_00702,AFR,0.676494601486903,Q3_MedVuln,0
IND_00703,EUR,0.3280804938375716,Q2_LowVuln,0
IND_00704,EUR,0.4667694999555544,Q2_LowVuln,0
IND_00705,EAS,0.4163991449168407,Q2_LowVuln,0
IND_00706,SAS,0.45451424766386583,Q2_LowVuln,0
IND_00707,AMR,0.898418327539024,Q4_HighestVuln,1
IND_00708,EAS,0.7015730393255203,Q3_MedVuln,0
IND_00709,EAS,0.5490085948872998,Q3_MedVuln,0
IND_00710,SAS,0.6119952710706427,Q3_MedVuln,0
IND_00711,AFR,0.6447055737311305,Q3_MedVuln,0
IND_00712,AFR,0.7788593945148301,Q4_HighestVuln,1
IND_00713,AFR,0.12738172192640182,Q1_LowestVuln,0
IND_00714,EAS,0.6343354325098827,Q3_MedVuln,0
IND_00715,AFR,0.6830380262336664,Q3_MedVuln,0
IND_00716,SAS,0.8264789764479393,Q4_HighestVuln,1
IND_00717,AFR,0.6062104117696737,Q3_MedVuln,0
IND_00718,SAS,0.43400348314344067,Q2_LowVuln,0
IND_00719,AFR,0.2816364835313147,Q2_LowVuln,0
IND_00720,AFR,0.5150401046390704,Q3_MedVuln,0
IND_00721,EUR,0.7898168308992182,Q4_HighestVuln,1
IND_00722,EUR,0.54513186096112,Q3_MedVuln,0
IND_00723,SAS,0.3507663685895738,Q2_LowVuln,0
IND_00724,SAS,0.7225868178906123,Q3_MedVuln,0
IND_00725,AFR,0.6560098467655818,Q3_MedVuln,0
IND_00726,EAS,0.516296187268186,Q3_MedVuln,0
IND_00727,EUR,0.18037821242318097,Q1_LowestVuln,0
IND_00728,EAS,0.1710570742984374,Q1_LowestVuln,0
IND_00729,EAS,0.13103771341402654,Q1_LowestVuln,0
IND_00730,EUR,0.3291288449480897,Q2_LowVuln,0
IND_00731,AFR,0.18643093215680903,Q1_LowestVuln,0
IND_00732,EUR,0.4129504171096786,Q2_LowVuln,0
IND_00733,EAS,0.13669023471964406,Q1_LowestVuln,0
IND_00734,EAS,0.5328121842728655,Q3_MedVuln,0
IND_00735,SAS,0.8568833917580515,Q4_HighestVuln,1
IND_00736,SAS,0.5028906579813079,Q3_MedVuln,0
IND_00737,AFR,0.6188912204230721,Q3_MedVuln,0
IND_00738,EAS,0.7683603099704457,Q4_HighestVuln,1
IND_00739,AFR,0.5362805801809379,Q3_MedVuln,0
IND_00740,SAS,0.3892485511786156,Q2_LowVuln,0
IND_00741,EUR,0.5599355171295789,Q3_MedVuln,0
IND_00742,EAS,0.5427388958028345,Q3_MedVuln,0
IND_00743,EUR,0.35325299881152483,Q2_LowVuln,0
IND_00744,AFR,0.5609550965457959,Q3_MedVuln,0
IND_00745,AMR,0.7137931745104114,Q3_MedVuln,0
IND_00746,EUR,0.429150864546562,Q2_LowVuln,0
IND_00747,EAS,0.5982276039026185,Q3_MedVuln,0
IND_00748,SAS,0.34112642513036245,Q2_LowVuln,0
IND_00749,AFR,0.9202466772070069,Q4_HighestVuln,1
IND_00750,AFR,0.9066107734023645,Q4_HighestVuln,1
IND_00751,AFR,0.7998332908758091,Q4_HighestVuln,1
IND_00752,EAS,0.6848249741658545,Q3_MedVuln,0
IND_00753,EAS,0.5570973435888679,Q3_MedVuln,0
IND_00754,EAS,0.6423150825777121,Q3_MedVuln,0
IND_00755,AMR,0.2567953735394953,Q2_LowVuln,0
IND_00756,SAS,0.25429191204789103,Q2_LowVuln,0
IND_00757,EUR,0.1991330960840246,Q1_LowestVuln,0
IND_00758,EAS,0.0908910785225957,Q1_LowestVuln,0
IND_00759,AMR,0.597312987569537,Q3_MedVuln,0
IND_00760,EAS,0.34596230979057224,Q2_LowVuln,0
IND_00761,EAS,0.3875884530241771,Q2_LowVuln,0
IND_00762,AFR,0.49616069375008376,Q2_LowVuln,0
IND_00763,AFR,0.6821900926995498,Q3_MedVuln,0
IND_00764,EUR,0.25354703087649666,Q2_LowVuln,0
IND_00765,AMR,0.5003739774064979,Q3_MedVuln,0
IND_00766,EUR,0.22694544476489645,Q1_LowestVuln,0
IND_00767,EAS,0.7636910402413547,Q4_HighestVuln,1
IND_00768,EUR,0.617662618351659,Q3_MedVuln,0
IND_00769,EAS,0.48509014205184564,Q2_LowVuln,0
IND_00770,SAS,0.27787047312210383,Q2_LowVuln,0
IND_00771,EAS,0.30191800848382183,Q2_LowVuln,0
IND_00772,EUR,0.5856464229258129,Q3_MedVuln,0
IND_00773,SAS,0.10055889326353681,Q1_LowestVuln,0
IND_00774,SAS,0.5930644367704274,Q3_MedVuln,0
IND_00775,AMR,0.7297374010526165,Q3_MedVuln,0
IND_00776,EAS,0.5335515270054044,Q3_MedVuln,0
IND_00777,SAS,0.6287856447163686,Q3_MedVuln,0
IND_00778,AFR,0.5567477014420605,Q3_MedVuln,0
IND_00779,EAS,0.625501455088233,Q3_MedVuln,0
IND_00780,AFR,0.7644820046512054,Q4_HighestVuln,1
IND_00781,EAS,0.6499206156342324,Q3_MedVuln,0
IND_00782,AMR,0.3961505869817472,Q2_LowVuln,0
IND_00783,AFR,0.811810826977069,Q4_HighestVuln,1
IND_00784,AMR,0.6363452754873896,Q3_MedVuln,0
IND_00785,EAS,0.3928287855514615,Q2_LowVuln,0
IND_00786,EUR,0.3359574099331977,Q2_LowVuln,0
IND_00787,EUR,0.3541152305845951,Q2_LowVuln,0
IND_00788,SAS,0.07202227129343719,Q1_LowestVuln,0
IND_00789,EUR,0.26353418500846887,Q2_LowVuln,0
IND_00790,EUR,0.489887496255167,Q2_LowVuln,0
IND_00791,EUR,0.5028843426148458,Q3_MedVuln,0
IND_00792,AFR,0.7207544028199281,Q3_MedVuln,0
IND_00793,EUR,0.3140289918408676,Q2_LowVuln,0
IND_00794,AFR,0.6043881968800483,Q3_MedVuln,0
IND_00795,EUR,0.08724524939259518,Q1_LowestVuln,0
IND_00796,EAS,0.8471558359571877,Q4_HighestVuln,1
IND_00797,AFR,0.6045933969091041,Q3_MedVuln,0
IND_00798,SAS,0.607371032029895,Q3_MedVuln,0
IND_00799,EAS,0.6120101514753185,Q3_MedVuln,0
IND_00800,EAS,0.11653994043008113,Q1_LowestVuln,0
IND_00801,SAS,0.362318866798432,Q2_LowVuln,0
IND_00802,EAS,0.29786365972472095,Q2_LowVuln,0
IND_00803,EAS,0.6688249701504441,Q3_MedVuln,0
IND_00804,EAS,0.36254683948516153,Q2_LowVuln,0
IND_00805,EAS,0.43233063553699363,Q2_LowVuln,0
IND_00806,EUR,0.5339966250131547,Q3_MedVuln,0
IND_00807,AFR,0.7993226155869056,Q4_HighestVuln,1
IND_00808,EUR,0.08217102045917207,Q1_LowestVuln,0
IND_00809,AMR,0.43007626722506276,Q2_LowVuln,0
IND_00810,SAS,0.16305153831626695,Q1_LowestVuln,0
IND_00811,AFR,0.7223252573749935,Q3_MedVuln,0
IND_00812,SAS,0.5880495850056567,Q3_MedVuln,0
IND_00813,SAS,0.8278025938108254,Q4_HighestVuln,1
IND_00814,EAS,0.20266993575513859,Q1_LowestVuln,0
IND_00815,SAS,0.5596312632297001,Q3_MedVuln,0
IND_00816,SAS,0.4465590857823418,Q2_LowVuln,0
IND_00817,EUR,0.2090693339625011,Q1_LowestVuln,0
IND_00818,EUR,0.500967836776821,Q3_MedVuln,0
IND_00819,SAS,0.5721790541355534,Q3_MedVuln,0
IND_00820,EUR,0.4545996993292032,Q2_LowVuln,0
IND_00821,AFR,0.448418317069233,Q2_LowVuln,0
IND_00822,SAS,0.634566305022724,Q3_MedVuln,0
IND_00823,AMR,0.6710688498324997,Q3_MedVuln,0
IND_00824,EAS,0.03411227366696276,Q1_LowestVuln,0
IND_00825,AFR,0.32344730904441005,Q2_LowVuln,0
IND_00826,SAS,0.18020170354828968,Q1_LowestVuln,0
IND_00827,SAS,0.6443026104040959,Q3_MedVuln,0
IND_00828,AFR,0.7496009905783044,Q3_MedVuln,0
IND_00829,EUR,0.6390010885398487,Q3_MedVuln,0
IND_00830,SAS,0.8000674044305677,Q4_HighestVuln,1
IND_00831,SAS,0.6282199650649559,Q3_MedVuln,0
IND_00832,AMR,0.7742579423128333,Q4_HighestVuln,1
IND_00833,AFR,0.29130658448594543,Q2_LowVuln,0
IND_00834,AFR,0.6369470763373989,Q3_MedVuln,0
IND_00835,AFR,0.4193279034442868,Q2_LowVuln,0
IND_00836,EUR,0.27537960006646856,Q2_LowVuln,0
IND_00837,EAS,0.36630128085535063,Q2_LowVuln,0
IND_00838,EUR,0.6679233114794865,Q3_MedVuln,0
IND_00839,EAS,0.5837685889666903,Q3_MedVuln,0
IND_00840,EAS,0.8033498572877846,Q4_HighestVuln,1
IND_00841,AMR,0.5748588124533641,Q3_MedVuln,0
IND_00842,AFR,0.5658077156260825,Q3_MedVuln,0
IND_00843,AFR,0.6302664253799903,Q3_MedVuln,0
IND_00844,EAS,0.36986317445921657,Q2_LowVuln,0
IND_00845,AFR,0.8208548699759866,Q4_HighestVuln,1
IND_00846,SAS,0.661306623089441,Q3_MedVuln,0
IND_00847,SAS,0.5493193616008738,Q3_MedVuln,0
IND_00848,SAS,0.82365255894465,Q4_HighestVuln,1
IND_00849,AFR,0.25609876105002954,Q2_LowVuln,0
IND_00850,AFR,0.3594600215235159,Q2_LowVuln,0
IND_00851,EUR,0.3449986718774543,Q2_LowVuln,0
IND_00852,EAS,0.5537670888219559,Q3_MedVuln,0
IND_00853,AMR,0.24678384416653656,Q1_LowestVuln,0
IND_00854,AFR,0.6680001506603104,Q3_MedVuln,0
IND_00855,SAS,0.7065661795478629,Q3_MedVuln,0
IND_00856,AMR,0.7575704606508785,Q4_HighestVuln,1
IND_00857,AMR,0.7589313160610629,Q4_HighestVuln,1
IND_00858,AFR,0.7775102203330669,Q4_HighestVuln,1
IND_00859,SAS,0.436713763165837,Q2_LowVuln,0
IND_00860,EUR,0.8811144194809408,Q4_HighestVuln,1
IND_00861,AFR,0.9321779307527465,Q4_HighestVuln,1
IND_00862,EAS,0.6208917687913783,Q3_MedVuln,0
IND_00863,EUR,0.33059626589261204,Q2_LowVuln,0
IND_00864,AMR,0.7624823480668936,Q4_HighestVuln,1
IND_00865,EUR,0.15666182300795847,Q1_LowestVuln,0
IND_00866,AFR,0.5083541309487741,Q3_MedVuln,0
IND_00867,EUR,0.78084636642434,Q4_HighestVuln,1
IND_00868,EAS,0.18500568527093927,Q1_LowestVuln,0
IND_00869,AFR,0.9111874738397823,Q4_HighestVuln,1
IND_00870,EUR,0.2343913772867314,Q1_LowestVuln,0
IND_00871,AFR,0.898824192709507,Q4_HighestVuln,1
IND_00872,EUR,0.5037715757546299,Q3_MedVuln,0
IND_00873,AFR,0.7033644241314556,Q3_MedVuln,0
IND_00874,AFR,0.4434818144278233,Q2_LowVuln,0
IND_00875,AFR,0.39961053545224645,Q2_LowVuln,0
IND_00876,EAS,0.3581589003822725,Q2_LowVuln,0
IND_00877,EUR,0.1469386423637735,Q1_LowestVuln,0
IND_00878,EAS,0.6429685411206524,Q3_MedVuln,0
IND_00879,AMR,0.4991450046347531,Q2_LowVuln,0
IND_00880,SAS,0.26088509529261483,Q2_LowVuln,0
IND_00881,EUR,0.5114141128514946,Q3_MedVuln,0
IND_00882,EUR,0.45077112433741046,Q2_LowVuln,0
IND_00883,SAS,0.8741515034122951,Q4_HighestVuln,1
IND_00884,EAS,0.4029469767307699,Q2_LowVuln,0
IND_00885,AFR,0.5046871240594202,Q3_MedVuln,0
IND_00886,EAS,0.13477485497370958,Q1_LowestVuln,0
IND_00887,AFR,0.6611879447477282,Q3_MedVuln,0
IND_00888,SAS,0.6153479013881957,Q3_MedVuln,0
IND_00889,EAS,0.7894177223407975,Q4_HighestVuln,1
IND_00890,AFR,0.8161470316184954,Q4_HighestVuln,1
IND_00891,EAS,0.2107285582196183,Q1_LowestVuln,0
IND_00892,SAS,0.3853478627636206,Q2_LowVuln,0
IND_00893,SAS,0.6986891296909638,Q3_MedVuln,0
IND_00894,AFR,0.9438136795682514,Q4_HighestVuln,1
IND_00895,EUR,0.2953826718854754,Q2_LowVuln,0
IND_00896,SAS,0.5649602103283523,Q3_MedVuln,0
IND_00897,EAS,0.492515804759718,Q2_LowVuln,0
IND_00898,SAS,0.4921808158037251,Q2_LowVuln,0
IND_00899,SAS,0.4648105751694784,Q2_LowVuln,0
IND_00900,EUR,0.13176093323250287,Q1_LowestVuln,0
IND_00901,AFR,0.8940710180110965,Q4_HighestVuln,1
IND_00902,EAS,0.5126339642906497,Q3_MedVuln,0
IND_00903,EUR,0.16843219864326864,Q1_LowestVuln,0
IND_00904,AFR,0.3188290640380278,Q2_LowVuln,0
IND_00905,EAS,0.5308876077731869,Q3_MedVuln,0
IND_00906,EAS,0.47822051750679206,Q2_LowVuln,0
IND_00907,AFR,0.5219134264000495,Q3_MedVuln,0
IND_00908,AFR,0.5350164119318773,Q3_MedVuln,0
IND_00909,EAS,0.381305118888796,Q2_LowVuln,0
IND_00910,AFR,0.5146747222250087,Q3_MedVuln,0
IND_00911,EUR,0.7373973266264933,Q3_MedVuln,0
IND_00912,EUR,0.007215068888934441,Q1_LowestVuln,0
IND_00913,EAS,0.26574007907782665,Q2_LowVuln,0
IND_00914,EAS,0.17510213982415374,Q1_LowestVuln,0
IND_00915,SAS,0.3549462941976612,Q2_LowVuln,0
IND_00916,SAS,0.4803809450211093,Q2_LowVuln,0
IND_00917,EAS,0.6894697881709627,Q3_MedVuln,0
IND_00918,SAS,0.5577148236691944,Q3_MedVuln,0
IND_00919,EAS,0.33924010265151483,Q2_LowVuln,0
IND_00920,EAS,0.4500334953695077,Q2_LowVuln,0
IND_00921,EUR,0.18610059153944838,Q1_LowestVuln,0
IND_00922,AFR,0.6209215651360206,Q3_MedVuln,0
IND_00923,AFR,0.8703025079899548,Q4_HighestVuln,1
IND_00924,EUR,0.47529874292815866,Q2_LowVuln,0
IND_00925,AFR,0.7334599285707083,Q3_MedVuln,0
IND_00926,EUR,0.25392428422473023,Q2_LowVuln,0
IND_00927,AMR,0.3484378596842292,Q2_LowVuln,0
IND_00928,EAS,0.3595340174850028,Q2_LowVuln,0
IND_00929,EUR,0.5874177685568133,Q3_MedVuln,0
IND_00930,AFR,0.20932524690510895,Q1_LowestVuln,0
IND_00931,SAS,0.6861632779316419,Q3_MedVuln,0
IND_00932,EAS,0.36328975870808916,Q2_LowVuln,0
IND_00933,EAS,0.2973611586916129,Q2_LowVuln,0
IND_00934,AMR,0.8536501063062685,Q4_HighestVuln,1
IND_00935,AFR,0.4172889722499487,Q2_LowVuln,0
IND_00936,EUR,0.297514623567164,Q2_LowVuln,0
IND_00937,AFR,0.5318217972170926,Q3_MedVuln,0
IND_00938,SAS,0.4288234108799199,Q2_LowVuln,0
IND_00939,SAS,0.23535636198470558,Q1_LowestVuln,0
IND_00940,AMR,0.39370174760001475,Q2_LowVuln,0
IND_00941,SAS,0.6343554813411963,Q3_MedVuln,0
IND_00942,AFR,0.805400591436323,Q4_HighestVuln,1
IND_00943,AFR,0.6237713250103234,Q3_MedVuln,0
IND_00944,EAS,0.5776751542726181,Q3_MedVuln,0
IND_00945,EAS,0.4494429931609411,Q2_LowVuln,0
IND_00946,EUR,0.2826386216563254,Q2_LowVuln,0
IND_00947,EUR,0.5548482381175633,Q3_MedVuln,0
IND_00948,EUR,0.19762388583686524,Q1_LowestVuln,0
IND_00949,AMR,0.6653898349155081,Q3_MedVuln,0
IND_00950,AFR,0.5411055399016086,Q3_MedVuln,0
IND_00951,EAS,0.0212248445984276,Q1_LowestVuln,0
IND_00952,SAS,0.7987526620796515,Q4_HighestVuln,1
IND_00953,SAS,0.5439967531169294,Q3_MedVuln,0
IND_00954,SAS,0.6468995722416647,Q3_MedVuln,0
IND_00955,SAS,0.7124134257039089,Q3_MedVuln,0
IND_00956,SAS,0.49218086699734415,Q2_LowVuln,0
IND_00957,AFR,0.4585676741848454,Q2_LowVuln,0
IND_00958,EAS,0.23622340791364943,Q1_LowestVuln,0
IND_00959,AFR,0.5351851741340544,Q3_MedVuln,0
IND_00960,AMR,0.7181055968598059,Q3_MedVuln,0
IND_00961,AMR,0.3479797040613945,Q2_LowVuln,0
IND_00962,EUR,0.18540639547247448,Q1_LowestVuln,0
IND_00963,EAS,0.22874952631307002,Q1_LowestVuln,0
IND_00964,EUR,0.1818790633237655,Q1_LowestVuln,0
IND_00965,SAS,0.6486982425589856,Q3_MedVuln,0
IND_00966,AFR,0.7874925927181141,Q4_HighestVuln,1
IND_00967,AFR,0.9098033321954083,Q4_HighestVuln,1
IND_00968,AMR,0.6929564070197595,Q3_MedVuln,0
IND_00969,EAS,0.3055363566985672,Q2_LowVuln,0
IND_00970,EUR,0.31536431814495075,Q2_LowVuln,0
IND_00971,AMR,0.5316582397472942,Q3_MedVuln,0
IND_00972,EUR,0.31703618471168526,Q2_LowVuln,0
IND_00973,SAS,0.7122980272907693,Q3_MedVuln,0
IND_00974,SAS,0.8969854188876094,Q4_HighestVuln,1
IND_00975,SAS,0.43463683414391446,Q2_LowVuln,0
IND_00976,SAS,0.4745871227025597,Q2_LowVuln,0
IND_00977,AFR,0.9525861475892597,Q4_HighestVuln,1
IND_00978,EUR,0.4486888415108306,Q2_LowVuln,0
IND_00979,EAS,0.5549171797808945,Q3_MedVuln,0
IND_00980,AFR,0.5892662929286612,Q3_MedVuln,0
IND_00981,AFR,0.40229945601633726,Q2_LowVuln,0
IND_00982,SAS,0.6776835101951516,Q3_MedVuln,0
IND_00983,SAS,0.6508440769553184,Q3_MedVuln,0
IND_00984,AFR,0.8372268913167343,Q4_HighestVuln,1
IND_00985,EAS,0.1514324483264667,Q1_LowestVuln,0
IND_00986,AFR,0.6859378938007098,Q3_MedVuln,0
IND_00987,AFR,0.7181395700688619,Q3_MedVuln,0
IND_00988,AFR,0.7126794097865844,Q3_MedVuln,0
IND_00989,AMR,0.423562268471957,Q2_LowVuln,0
IND_00990,SAS,0.4447275417501583,Q2_LowVuln,0
IND_00991,EUR,0.43534049555240084,Q2_LowVuln,0
IND_00992,AMR,0.5769538890353418,Q3_MedVuln,0
IND_00993,AMR,0.4499403731933355,Q2_LowVuln,0
IND_00994,SAS,0.2118765158798935,Q1_LowestVuln,0
IND_00995,EAS,0.33848016858040264,Q2_LowVuln,0
IND_00996,AFR,0.5633680378988375,Q3_MedVuln,0
IND_00997,SAS,0.5419946779673174,Q3_MedVuln,0
IND_00998,AFR,0.5456064086033515,Q3_MedVuln,0
IND_00999,AMR,0.8439234140265661,Q4_HighestVuln,1
IND_01000,SAS,0.7157892765655901,Q3_MedVuln,0
IND_01001,AFR,0.3382679090927155,Q2_LowVuln,0
IND_01002,SAS,0.29778622456952375,Q2_LowVuln,0
IND_01003,AFR,0.44289939543793555,Q2_LowVuln,0
IND_01004,AFR,0.7453206447844573,Q3_MedVuln,0
IND_01005,AFR,0.7200434303828558,Q3_MedVuln,0
IND_01006,EAS,0.33308400880364275,Q2_LowVuln,0
IND_01007,SAS,0.6197519055017287,Q3_MedVuln,0
IND_01008,SAS,0.23102026738463138,Q1_LowestVuln,0
IND_01009,EAS,0.5198245513592041,Q3_MedVuln,0
IND_01010,AFR,0.624202776359246,Q3_MedVuln,0
IND_01011,EUR,0.14849481356565863,Q1_LowestVuln,0
IND_01012,AFR,0.7243921169017935,Q3_MedVuln,0
IND_01013,SAS,0.6329550422740418,Q3_MedVuln,0
IND_01014,AFR,0.8208495664311315,Q4_HighestVuln,1
IND_01015,EUR,0.2844297657578122,Q2_LowVuln,0
IND_01016,AFR,0.29702045296262924,Q2_LowVuln,0
IND_01017,EAS,0.2525508274398536,Q2_LowVuln,0
IND_01018,EUR,0.46233355296969003,Q2_LowVuln,0
IND_01019,AFR,0.6542675367709144,Q3_MedVuln,0
IND_01020,EAS,0.28024585760279325,Q2_LowVuln,0
IND_01021,SAS,0.5306942438367596,Q3_MedVuln,0
IND_01022,EUR,0.3552699616520611,Q2_LowVuln,0
IND_01023,AFR,0.523944052738497,Q3_MedVuln,0
IND_01024,SAS,0.20472662318810947,Q1_LowestVuln,0
IND_01025,EUR,0.11984233046597884,Q1_LowestVuln,0
IND_01026,AFR,0.6531409109845554,Q3_MedVuln,0
IND_01027,AFR,0.7198904492696111,Q3_MedVuln,0
IND_01028,AFR,0.44576543912040567,Q2_LowVuln,0
IND_01029,EAS,0.22623043019977662,Q1_LowestVuln,0
IND_01030,EUR,0.41341578256200456,Q2_LowVuln,0
IND_01031,SAS,0.4440304474598062,Q2_LowVuln,0
IND_01032,EUR,0.44092363715335225,Q2_LowVuln,0
IND_01033,EUR,0.19549289932427216,Q1_LowestVuln,0
IND_01034,AFR,0.6857410545795647,Q3_MedVuln,0
IND_01035,EUR,0.4296013593986884,Q2_LowVuln,0
IND_01036,EAS,0.44346084803157376,Q2_LowVuln,0
IND_01037,EAS,0.19862221899968358,Q1_LowestVuln,0
IND_01038,AMR,0.9436374097743045,Q4_HighestVuln,1
IND_01039,AFR,0.47350944476020973,Q2_LowVuln,0
IND_01040,EUR,0.16018991608642974,Q1_LowestVuln,0
IND_01041,AMR,0.8415365124986172,Q4_HighestVuln,1
IND_01042,AFR,0.1498940639660163,Q1_LowestVuln,0
IND_01043,EUR,0.14813628739600804,Q1_LowestVuln,0
IND_01044,SAS,0.2026614535627237,Q1_LowestVuln,0
IND_01045,SAS,0.2888584566918415,Q2_LowVuln,0
IND_01046,EUR,0.13742880299524063,Q1_LowestVuln,0
IND_01047,AMR,0.2805154896710078,Q2_LowVuln,0
IND_01048,EAS,0.6340809875699548,Q3_MedVuln,0
IND_01049,AMR,0.3652018147992249,Q2_LowVuln,0
IND_01050,EAS,0.6253552558991977,Q3_MedVuln,0
IND_01051,EUR,0.4254910384566261,Q2_LowVuln,0
IND_01052,AMR,0.44085955088869083,Q2_LowVuln,0
IND_01053,AMR,0.09147257308484633,Q1_LowestVuln,0
IND_01054,AMR,0.6066999109141756,Q3_MedVuln,0
IND_01055,SAS,0.4813260068660759,Q2_LowVuln,0
IND_01056,EUR,0.31301011590049915,Q2_LowVuln,0
IND_01057,AFR,0.9235744042112913,Q4_HighestVuln,1
IND_01058,AMR,0.7945218203956486,Q4_HighestVuln,1
IND_01059,SAS,0.29667003374181566,Q2_LowVuln,0
IND_01060,EAS,0.6143291582331877,Q3_MedVuln,0
IND_01061,SAS,0.5550749945226694,Q3_MedVuln,0
IND_01062,SAS,0.4002469604819598,Q2_LowVuln,0
IND_01063,SAS,0.5734687471086521,Q3_MedVuln,0
IND_01064,AFR,0.3237100573641472,Q2_LowVuln,0
IND_01065,AMR,0.6231003167468208,Q3_MedVuln,0
IND_01066,SAS,0.8727726651150973,Q4_HighestVuln,1
IND_01067,AFR,0.6253054480915199,Q3_MedVuln,0
IND_01068,AFR,0.5936935803116627,Q3_MedVuln,0
IND_01069,AFR,0.7468307231720299,Q3_MedVuln,0
IND_01070,AFR,0.5969379248903025,Q3_MedVuln,0
IND_01071,EAS,0.21571211511330599,Q1_LowestVuln,0
IND_01072,SAS,0.6537856985105871,Q3_MedVuln,0
IND_01073,AFR,0.18521135659878404,Q1_LowestVuln,0
IND_01074,EAS,0.6770801452288784,Q3_MedVuln,0
IND_01075,AMR,0.40179878949350606,Q2_LowVuln,0
IND_01076,SAS,0.386236779267776,Q2_LowVuln,0
IND_01077,AMR,0.6955939057740183,Q3_MedVuln,0
IND_01078,SAS,0.40738049441501445,Q2_LowVuln,0
IND_01079,EAS,0.47571577904405754,Q2_LowVuln,0
IND_01080,EUR,0.3954617410491327,Q2_LowVuln,0
IND_01081,EUR,0.23380992023982602,Q1_LowestVuln,0
IND_01082,EUR,0.07529266829917838,Q1_LowestVuln,0
IND_01083,AFR,0.7903979156405605,Q4_HighestVuln,1
IND_01084,AFR,0.8053209878553783,Q4_HighestVuln,1
IND_01085,AFR,0.706018517679215,Q3_MedVuln,0
IND_01086,SAS,0.46167806021501095,Q2_LowVuln,0
IND_01087,AFR,0.3941130350032497,Q2_LowVuln,0
IND_01088,EAS,0.29957167650993305,Q2_LowVuln,0
IND_01089,EUR,0.5119770848323691,Q3_MedVuln,0
IND_01090,EUR,0.6308077706983098,Q3_MedVuln,0
IND_01091,EAS,0.09372568285403544,Q1_LowestVuln,0
IND_01092,SAS,0.6252941788386072,Q3_MedVuln,0
IND_01093,SAS,0.9245343347932135,Q4_HighestVuln,1
IND_01094,AMR,0.9059683857457677,Q4_HighestVuln,1
IND_01095,AFR,0.4740899513074372,Q2_LowVuln,0
IND_01096,SAS,0.8014472526454439,Q4_HighestVuln,1
IND_01097,AFR,0.4426397521921192,Q2_LowVuln,0
IND_01098,AFR,0.709501650874779,Q3_MedVuln,0
IND_01099,EAS,0.6280653819957369,Q3_MedVuln,0
IND_01100,EUR,0.4761859105917859,Q2_LowVuln,0
IND_01101,AFR,0.7111563146758475,Q3_MedVuln,0
IND_01102,AFR,0.5492214993510244,Q3_MedVuln,0
IND_01103,SAS,0.4965336419582074,Q2_LowVuln,0
IND_01104,AFR,0.4094656029347055,Q2_LowVuln,0
IND_01105,AFR,0.7459835956987455,Q3_MedVuln,0
IND_01106,AFR,0.4538904648586762,Q2_LowVuln,0
IND_01107,SAS,0.3864046056143233,Q2_LowVuln,0
IND_01108,AFR,0.6378984293541087,Q3_MedVuln,0
IND_01109,AFR,0.7771978775914644,Q4_HighestVuln,1
IND_01110,AMR,0.8225803165766713,Q4_HighestVuln,1
IND_01111,EAS,0.08446185887921397,Q1_LowestVuln,0
IND_01112,EAS,0.35030336620700026,Q2_LowVuln,0
IND_01113,EUR,0.3868938546724063,Q2_LowVuln,0
IND_01114,EAS,0.35540345686863195,Q2_LowVuln,0
IND_01115,AMR,0.41205793391211376,Q2_LowVuln,0
IND_01116,EUR,0.07551417297825139,Q1_LowestVuln,0
IND_01117,EAS,0.517480787776497,Q3_MedVuln,0
IND_01118,SAS,0.6552586771695493,Q3_MedVuln,0
IND_01119,SAS,0.7937273132362448,Q4_HighestVuln,1
IND_01120,AMR,0.45012228595701737,Q2_LowVuln,0
IND_01121,EUR,0.2934836543608486,Q2_LowVuln,0
IND_01122,SAS,0.926324127660124,Q4_HighestVuln,1
IND_01123,EUR,0.2855341045519247,Q2_LowVuln,0
IND_01124,EUR,0.652089009858639,Q3_MedVuln,0
IND_01125,AMR,0.43546537256976725,Q2_LowVuln,0
IND_01126,EAS,0.7101370474756153,Q3_MedVuln,0
IND_01127,AFR,0.49728571256476245,Q2_LowVuln,0
IND_01128,AFR,0.3822105689639281,Q2_LowVuln,0
IND_01129,SAS,0.5055917410507225,Q3_MedVuln,0
IND_01130,AFR,0.5825102445833633,Q3_MedVuln,0
IND_01131,AFR,0.689275324480805,Q3_MedVuln,0
IND_01132,AFR,0.6938974123033791,Q3_MedVuln,0
IND_01133,EUR,0.3574492814025856,Q2_LowVuln,0
IND_01134,AFR,0.5159807076161301,Q3_MedVuln,0
IND_01135,AFR,0.761166047650105,Q4_HighestVuln,1
IND_01136,AMR,0.4953294569908323,Q2_LowVuln,0
IND_01137,AFR,0.8967843436718463,Q4_HighestVuln,1
IND_01138,EUR,0.2165909297231623,Q1_LowestVuln,0
IND_01139,SAS,0.13142986859475161,Q1_LowestVuln,0
IND_01140,SAS,0.41515983224131825,Q2_LowVuln,0
IND_01141,AMR,0.654596027723415,Q3_MedVuln,0
IND_01142,AFR,0.7882810546290709,Q4_HighestVuln,1
IND_01143,EUR,0.5461381580497605,Q3_MedVuln,0
IND_01144,AMR,0.513752516078433,Q3_MedVuln,0
IND_01145,AFR,0.9139045298124715,Q4_HighestVuln,1
IND_01146,AMR,0.7731759885409749,Q4_HighestVuln,1
IND_01147,AFR,0.816155170844845,Q4_HighestVuln,1
IND_01148,SAS,0.5892977348443534,Q3_MedVuln,0
IND_01149,EAS,0.5167531297848963,Q3_MedVuln,0
IND_01150,EUR,0.5386124616543141,Q3_MedVuln,0
IND_01151,EUR,0.4156061611265637,Q2_LowVuln,0
IND_01152,AMR,0.807301624561917,Q4_HighestVuln,1
IND_01153,AFR,0.6629435446629633,Q3_MedVuln,0
IND_01154,SAS,0.3820823081572258,Q2_LowVuln,0
IND_01155,AFR,0.20547830512839538,Q1_LowestVuln,0
IND_01156,AFR,0.7007164234691549,Q3_MedVuln,0
IND_01157,SAS,0.13701529120820163,Q1_LowestVuln,0
IND_01158,AMR,0.7493285771623207,Q3_MedVuln,0
IND_01159,SAS,0.45455937317601247,Q2_LowVuln,0
IND_01160,SAS,0.4181289989158573,Q2_LowVuln,0
IND_01161,SAS,0.2034535853992018,Q1_LowestVuln,0
IND_01162,AMR,0.6573113094872918,Q3_MedVuln,0
IND_01163,AFR,0.798657819957844,Q4_HighestVuln,1
IND_01164,AMR,0.8817579582925991,Q4_HighestVuln,1
IND_01165,EAS,0.562076555068274,Q3_MedVuln,0
IND_01166,EAS,0.545795355324739,Q3_MedVuln,0
IND_01167,EUR,0.8000498608509407,Q4_HighestVuln,1
IND_01168,SAS,0.18298595313554708,Q1_LowestVuln,0
IND_01169,AMR,0.7296109375415963,Q3_MedVuln,0
IND_01170,AFR,0.8913003210118451,Q4_HighestVuln,1
IND_01171,EUR,0.3594085427570561,Q2_LowVuln,0
IND_01172,AFR,0.6384775838146948,Q3_MedVuln,0
IND_01173,EAS,0.28936300001456283,Q2_LowVuln,0
IND_01174,EAS,0.19394712726098234,Q1_LowestVuln,0
IND_01175,SAS,0.22982178284121238,Q1_LowestVuln,0
IND_01176,AMR,0.3924292466896963,Q2_LowVuln,0
IND_01177,SAS,0.30255285149754935,Q2_LowVuln,0
IND_01178,AMR,0.7728817171098891,Q4_HighestVuln,1
IND_01179,AFR,0.7434569365149635,Q3_MedVuln,0
IND_01180,EAS,0.24050262306994777,Q1_LowestVuln,0
IND_01181,EAS,0.2560740530085591,Q2_LowVuln,0
IND_01182,EAS,0.12131480755492306,Q1_LowestVuln,0
IND_01183,EAS,0.077866594784103,Q1_LowestVuln,0
IND_01184,AFR,0.8262505646436202,Q4_HighestVuln,1
IND_01185,AMR,0.8352178021139661,Q4_HighestVuln,1
IND_01186,SAS,0.31129080924450114,Q2_LowVuln,0
IND_01187,EUR,0.4033017983748809,Q2_LowVuln,0
IND_01188,EAS,0.10799804799917963,Q1_LowestVuln,0
IND_01189,SAS,0.7910885171567903,Q4_HighestVuln,1
IND_01190,EUR,0.19806123308409762,Q1_LowestVuln,0
IND_01191,SAS,0.17706463817395546,Q1_LowestVuln,0
IND_01192,EAS,0.5360446887565343,Q3_MedVuln,0
IND_01193,AFR,0.6417716179999509,Q3_MedVuln,0
IND_01194,SAS,0.7805782510875766,Q4_HighestVuln,1
IND_01195,SAS,0.1450051933028691,Q1_LowestVuln,0
IND_01196,EAS,0.14108371974567901,Q1_LowestVuln,0
IND_01197,SAS,0.39600312051052033,Q2_LowVuln,0
IND_01198,AFR,0.8557862599843356,Q4_HighestVuln,1
IND_01199,EUR,0.5003155004363256,Q3_MedVuln,0
IND_01200,SAS,0.9052619401217386,Q4_HighestVuln,1
IND_01201,AFR,0.38707068516622994,Q2_LowVuln,0
IND_01202,AFR,0.6845785458626038,Q3_MedVuln,0
IND_01203,AMR,0.7132348562255262,Q3_MedVuln,0
IND_01204,SAS,0.3006184966495574,Q2_LowVuln,0
IND_01205,AFR,0.4544164031176099,Q2_LowVuln,0
IND_01206,EUR,0.3730252967843393,Q2_LowVuln,0
IND_01207,AMR,0.42677342092461973,Q2_LowVuln,0
IND_01208,EAS,0.5434614631309338,Q3_MedVuln,0
IND_01209,EUR,0.7500817708564788,Q4_HighestVuln,1
IND_01210,SAS,0.5082743739378357,Q3_MedVuln,0
IND_01211,EUR,0.18262288241089006,Q1_LowestVuln,0
IND_01212,AMR,0.5729268158491799,Q3_MedVuln,0
IND_01213,AFR,0.8602764837346313,Q4_HighestVuln,1
IND_01214,SAS,0.2682005672989222,Q2_LowVuln,0
IND_01215,AFR,0.441060947308908,Q2_LowVuln,0
IND_01216,SAS,0.5672385426469864,Q3_MedVuln,0
IND_01217,SAS,0.4555314717100853,Q2_LowVuln,0
IND_01218,AFR,0.8119919620391557,Q4_HighestVuln,1
IND_01219,AMR,0.8760299942728055,Q4_HighestVuln,1
IND_01220,AFR,0.11513981080403565,Q1_LowestVuln,0
IND_01221,AMR,0.8032133603841353,Q4_HighestVuln,1
IND_01222,AFR,0.6574285548401011,Q3_MedVuln,0
IND_01223,EAS,0.5213516949019041,Q3_MedVuln,0
IND_01224,AFR,0.6162966029806632,Q3_MedVuln,0
IND_01225,EUR,0.31777862250673605,Q2_LowVuln,0
IND_01226,EAS,0.18958475443331857,Q1_LowestVuln,0
IND_01227,SAS,0.14357175295126673,Q1_LowestVuln,0
IND_01228,AFR,0.5901729907132072,Q3_MedVuln,0
IND_01229,AFR,0.7240805599985007,Q3_MedVuln,0
IND_01230,AMR,0.8475103480178565,Q4_HighestVuln,1
IND_01231,EUR,0.4130138510843931,Q2_LowVuln,0
IND_01232,AFR,0.5364042818348689,Q3_MedVuln,0
IND_01233,EUR,0.4400281217651109,Q2_LowVuln,0
IND_01234,AFR,0.9667599890795541,Q4_HighestVuln,1
IND_01235,EAS,0.2972422175447972,Q2_LowVuln,0
IND_01236,AFR,0.743151559483771,Q3_MedVuln,0
IND_01237,AMR,0.69672889821081,Q3_MedVuln,0
IND_01238,AFR,0.7087874806884064,Q3_MedVuln,0
IND_01239,SAS,0.730040998224975,Q3_MedVuln,0
IND_01240,EUR,0.5586516333470961,Q3_MedVuln,0
IND_01241,AFR,0.947510981307024,Q4_HighestVuln,1
IND_01242,SAS,0.6142571338764968,Q3_MedVuln,0
IND_01243,SAS,0.7021185697124401,Q3_MedVuln,0
IND_01244,AFR,0.6510842613936052,Q3_MedVuln,0
IND_01245,EAS,0.4582931978921883,Q2_LowVuln,0
IND_01246,AFR,0.7448291873861491,Q3_MedVuln,0
IND_01247,EUR,0.3370176737950965,Q2_LowVuln,0
IND_01248,EUR,0.6331199359220252,Q3_MedVuln,0
IND_01249,AFR,0.8602232651009781,Q4_HighestVuln,1
IND_01250,AMR,0.4678498480913706,Q2_LowVuln,0
IND_01251,AMR,0.5073092946054317,Q3_MedVuln,0
IND_01252,EAS,0.05602465555917067,Q1_LowestVuln,0
IND_01253,EUR,0.6278528555345598,Q3_MedVuln,0
IND_01254,EAS,0.7262301292420756,Q3_MedVuln,0
IND_01255,EAS,0.2701164679613312,Q2_LowVuln,0
IND_01256,EAS,0.46365341106071567,Q2_LowVuln,0
IND_01257,AMR,0.4993308458394682,Q2_LowVuln,0
IND_01258,AFR,0.5309999804170967,Q3_MedVuln,0
IND_01259,AFR,0.8712869933876902,Q4_HighestVuln,1
IND_01260,EAS,0.6582576209850339,Q3_MedVuln,0
IND_01261,SAS,0.7757296875128573,Q4_HighestVuln,1
IND_01262,EAS,0.07613173788374386,Q1_LowestVuln,0
IND_01263,AMR,0.4221528830516985,Q2_LowVuln,0
IND_01264,SAS,0.16502423657543636,Q1_LowestVuln,0
IND_01265,AFR,0.4171154958067052,Q2_LowVuln,0
IND_01266,EUR,0.642266716201791,Q3_MedVuln,0
IND_01267,AFR,0.4308473844420854,Q2_LowVuln,0
IND_01268,EAS,0.232240303870614,Q1_LowestVuln,0
IND_01269,EUR,0.47847480127385517,Q2_LowVuln,0
IND_01270,SAS,0.7239458158552982,Q3_MedVuln,0
IND_01271,EAS,0.1991841492960661,Q1_LowestVuln,0
IND_01272,SAS,0.5528769915219586,Q3_MedVuln,0
IND_01273,AFR,0.9196758858865898,Q4_HighestVuln,1
IND_01274,AMR,0.46858024155713895,Q2_LowVuln,0
IND_01275,EUR,0.8001106354109828,Q4_HighestVuln,1
IND_01276,EAS,0.4254825323742297,Q2_LowVuln,0
IND_01277,EUR,0.3318148571305394,Q2_LowVuln,0
IND_01278,EUR,0.28212721448539274,Q2_LowVuln,0
IND_01279,SAS,0.7734881174992957,Q4_HighestVuln,1
IND_01280,SAS,0.26967610992950275,Q2_LowVuln,0
IND_01281,EUR,0.7300478890294954,Q3_MedVuln,0
IND_01282,EAS,0.540134255649313,Q3_MedVuln,0
IND_01283,SAS,0.3808258530498108,Q2_LowVuln,0
IND_01284,AMR,0.6744768735339332,Q3_MedVuln,0
IND_01285,SAS,0.2892519842970502,Q2_LowVuln,0
IND_01286,AFR,0.4667204851515964,Q2_LowVuln,0
IND_01287,AMR,0.7017430729538043,Q3_MedVuln,0
IND_01288,SAS,0.4762537838639673,Q2_LowVuln,0
IND_01289,EAS,0.7141757964487576,Q3_MedVuln,0
IND_01290,EAS,0.6348701453077731,Q3_MedVuln,0
IND_01291,EAS,0.4738146681087604,Q2_LowVuln,0
IND_01292,SAS,0.4008358897164107,Q2_LowVuln,0
IND_01293,EAS,0.15056706861545588,Q1_LowestVuln,0
IND_01294,SAS,0.8941884910006247,Q4_HighestVuln,1
IND_01295,AMR,0.585839007786293,Q3_MedVuln,0
IND_01296,EUR,0.4755891697976476,Q2_LowVuln,0
IND_01297,AFR,0.8261587689196811,Q4_HighestVuln,1
IND_01298,EAS,0.4139734176022502,Q2_LowVuln,0
IND_01299,AFR,0.7909241338696013,Q4_HighestVuln,1
IND_01300,AFR,0.22617528336503728,Q1_LowestVuln,0
IND_01301,EUR,0.5380102192765812,Q3_MedVuln,0
IND_01302,SAS,0.7488565592949183,Q3_MedVuln,0
IND_01303,EAS,0.19599243947917022,Q1_LowestVuln,0
IND_01304,AMR,0.8596117651736603,Q4_HighestVuln,1
IND_01305,AFR,0.7928796175840969,Q4_HighestVuln,1
IND_01306,EAS,0.6391545844739732,Q3_MedVuln,0
IND_01307,AFR,0.5739915787873852,Q3_MedVuln,0
IND_01308,EUR,0.36966877676343923,Q2_LowVuln,0
IND_01309,EUR,0.028516661803801677,Q1_LowestVuln,0
IND_01310,AFR,0.8495383957805445,Q4_HighestVuln,1
IND_01311,AMR,0.5868776210900863,Q3_MedVuln,0
IND_01312,EUR,0.3500769943644275,Q2_LowVuln,0
IND_01313,EAS,0.4318081689523985,Q2_LowVuln,0
IND_01314,EAS,0.6099419490922718,Q3_MedVuln,0
IND_01315,EAS,0.4253189256016637,Q2_LowVuln,0
IND_01316,EAS,0.4362803245746998,Q2_LowVuln,0
IND_01317,EUR,0.34810585697040564,Q2_LowVuln,0
IND_01318,EAS,0.3475873871937444,Q2_LowVuln,0
IND_01319,AFR,0.9469982770491278,Q4_HighestVuln,1
IND_01320,AFR,0.934649604627142,Q4_HighestVuln,1
IND_01321,AFR,0.4376579295783186,Q2_LowVuln,0
IND_01322,AFR,0.6394759738577294,Q3_MedVuln,0
IND_01323,EUR,0.8575792247084632,Q4_HighestVuln,1
IND_01324,EUR,0.4934048431489023,Q2_LowVuln,0
IND_01325,AFR,0.827062037778275,Q4_HighestVuln,1
IND_01326,AFR,0.7869609869537525,Q4_HighestVuln,1
IND_01327,EAS,0.7117170638430645,Q3_MedVuln,0
IND_01328,EUR,0.40258336457187216,Q2_LowVuln,0
IND_01329,EUR,0.3673452002614742,Q2_LowVuln,0
IND_01330,AMR,0.7051552730801924,Q3_MedVuln,0
IND_01331,EAS,0.06727053839321315,Q1_LowestVuln,0
IND_01332,AMR,0.12983677016920955,Q1_LowestVuln,0
IND_01333,AFR,0.4132915001443566,Q2_LowVuln,0
IND_01334,EUR,0.3525125464734905,Q2_LowVuln,0
IND_01335,AFR,0.5455393164878747,Q3_MedVuln,0
IND_01336,AFR,0.3429746076347512,Q2_LowVuln,0
IND_01337,EAS,0.38087704782641274,Q2_LowVuln,0
IND_01338,EUR,0.36386404408171824,Q2_LowVuln,0
IND_01339,EUR,0.21032238402541736,Q1_LowestVuln,0
IND_01340,SAS,0.046030873566947836,Q1_LowestVuln,0
IND_01341,EAS,0.6614984399365275,Q3_MedVuln,0
IND_01342,SAS,0.39342489294729566,Q2_LowVuln,0
IND_01343,AFR,0.28318487998704583,Q2_LowVuln,0
IND_01344,AFR,0.49626919035461015,Q2_LowVuln,0
IND_01345,AMR,0.6212432066828691,Q3_MedVuln,0
IND_01346,EUR,0.5751492935573292,Q3_MedVuln,0
IND_01347,EAS,0.5417813333756695,Q3_MedVuln,0
IND_01348,AMR,0.6706273220106955,Q3_MedVuln,0
IND_01349,SAS,0.6360062577142295,Q3_MedVuln,0
IND_01350,SAS,0.7038711385974746,Q3_MedVuln,0
IND_01351,SAS,0.34866862213596417,Q2_LowVuln,0
IND_01352,SAS,0.8250913564478587,Q4_HighestVuln,1
IND_01353,AMR,0.9034352965372057,Q4_HighestVuln,1
IND_01354,EUR,0.41854454554210785,Q2_LowVuln,0
IND_01355,EUR,0.6090934533628175,Q3_MedVuln,0
IND_01356,AMR,0.7733441037942808,Q4_HighestVuln,1
IND_01357,SAS,0.7453301041123591,Q3_MedVuln,0
IND_01358,AMR,0.3438761516927807,Q2_LowVuln,0
IND_01359,AMR,0.5448414544226319,Q3_MedVuln,0
IND_01360,AFR,0.6863238795939921,Q3_MedVuln,0
IND_01361,AFR,0.8244797504162524,Q4_HighestVuln,1
IND_01362,EUR,0.23608515568354171,Q1_LowestVuln,0
IND_01363,SAS,0.5004192535470353,Q3_MedVuln,0
IND_01364,EAS,0.3048222636415036,Q2_LowVuln,0
IND_01365,EAS,0.23686472296733047,Q1_LowestVuln,0
IND_01366,AMR,0.8468112413409694,Q4_HighestVuln,1
IND_01367,EAS,0.6780164029888037,Q3_MedVuln,0
IND_01368,AFR,0.7683570904859747,Q4_HighestVuln,1
IND_01369,SAS,0.2149853044695036,Q1_LowestVuln,0
IND_01370,AFR,0.4664234276770914,Q2_LowVuln,0
IND_01371,SAS,0.8257987277135309,Q4_HighestVuln,1
IND_01372,AMR,0.5086392513836699,Q3_MedVuln,0
IND_01373,AFR,0.7418753035640618,Q3_MedVuln,0
IND_01374,AFR,0.5263219432117797,Q3_MedVuln,0
IND_01375,AMR,0.6590399284403212,Q3_MedVuln,0
IND_01376,AFR,0.6272125678708089,Q3_MedVuln,0
IND_01377,EUR,0.3024372153818115,Q2_LowVuln,0
IND_01378,AFR,0.6687227931495302,Q3_MedVuln,0
IND_01379,AFR,0.35918929353047707,Q2_LowVuln,0
IND_01380,EUR,0.1464875515446243,Q1_LowestVuln,0
IND_01381,EAS,0.6153074374348727,Q3_MedVuln,0
IND_01382,AFR,0.3284596804124915,Q2_LowVuln,0
IND_01383,AFR,0.4512230186443215,Q2_LowVuln,0
IND_01384,EAS,0.08830103554706646,Q1_LowestVuln,0
IND_01385,SAS,0.7378986056430391,Q3_MedVuln,0
IND_01386,EUR,0.3866742295726414,Q2_LowVuln,0
IND_01387,AFR,0.4930949020145105,Q2_LowVuln,0
IND_01388,AFR,0.4589435903938262,Q2_LowVuln,0
IND_01389,EAS,0.36567091054968526,Q2_LowVuln,0
IND_01390,AMR,0.5682071554142263,Q3_MedVuln,0
IND_01391,SAS,0.6432459055583506,Q3_MedVuln,0
IND_01392,AFR,0.15942738749875396,Q1_LowestVuln,0
IND_01393,SAS,0.6885284846157198,Q3_MedVuln,0
IND_01394,EAS,0.1831735395335896,Q1_LowestVuln,0
IND_01395,EUR,0.517188413022681,Q3_MedVuln,0
IND_01396,EAS,0.2629095330028764,Q2_LowVuln,0
IND_01397,EAS,0.23440576995311957,Q1_LowestVuln,0
IND_01398,EUR,0.45594385085044814,Q2_LowVuln,0
IND_01399,EUR,0.1756033274221882,Q1_LowestVuln,0
IND_01400,AFR,0.2128386673057794,Q1_LowestVuln,0
IND_01401,EUR,0.48892405783488435,Q2_LowVuln,0
IND_01402,EAS,0.9083370751593554,Q4_HighestVuln,1
IND_01403,SAS,0.6699409447880312,Q3_MedVuln,0
IND_01404,AFR,0.7722998091447774,Q4_HighestVuln,1
IND_01405,SAS,0.24531475738245956,Q1_LowestVuln,0
IND_01406,EAS,0.3772970602352322,Q2_LowVuln,0
IND_01407,AMR,0.7188896912460984,Q3_MedVuln,0
IND_01408,AMR,0.9796558856125851,Q4_HighestVuln,1
IND_01409,AFR,0.4256174800952049,Q2_LowVuln,0
IND_01410,EAS,0.17622653819435932,Q1_LowestVuln,0
IND_01411,AFR,0.42846574401719856,Q2_LowVuln,0
IND_01412,EAS,0.259819486776839,Q2_LowVuln,0
IND_01413,EAS,0.7328449163139216,Q3_MedVuln,0
IND_01414,AMR,0.7725032455034897,Q4_HighestVuln,1
IND_01415,SAS,0.4227124593840805,Q2_LowVuln,0
IND_01416,EAS,0.6422474919107136,Q3_MedVuln,0
IND_01417,AFR,0.42892059371922064,Q2_LowVuln,0
IND_01418,EAS,0.4408573533149441,Q2_LowVuln,0
IND_01419,EAS,0.1641892387494668,Q1_LowestVuln,0
IND_01420,SAS,0.2486306416321607,Q1_LowestVuln,0
IND_01421,AFR,0.8178443113598235,Q4_HighestVuln,1
IND_01422,SAS,0.4222470262866955,Q2_LowVuln,0
IND_01423,EUR,0.4086964463302947,Q2_LowVuln,0
IND_01424,AMR,0.7525588118010247,Q4_HighestVuln,1
IND_01425,AMR,0.15113208281947382,Q1_LowestVuln,0
IND_01426,SAS,0.8511034848123809,Q4_HighestVuln,1
IND_01427,SAS,0.8391039202576273,Q4_HighestVuln,1
IND_01428,EAS,0.3915841894354194,Q2_LowVuln,0
IND_01429,EUR,0.22154593746712783,Q1_LowestVuln,0
IND_01430,EUR,0.11041540848055982,Q1_LowestVuln,0
IND_01431,AFR,0.7741320240743752,Q4_HighestVuln,1
IND_01432,AMR,0.27766963351040735,Q2_LowVuln,0
IND_01433,AFR,0.6251324644245352,Q3_MedVuln,0
IND_01434,SAS,0.3526676125234717,Q2_LowVuln,0
IND_01435,EAS,0.10162396752625352,Q1_LowestVuln,0
IND_01436,AMR,0.676946498638545,Q3_MedVuln,0
IND_01437,EAS,0.17875589970170508,Q1_LowestVuln,0
IND_01438,SAS,0.8271830939729041,Q4_HighestVuln,1
IND_01439,EAS,0.2867688645768247,Q2_LowVuln,0
IND_01440,SAS,0.5406803253600756,Q3_MedVuln,0
IND_01441,AMR,0.40466104879180814,Q2_LowVuln,0
IND_01442,EAS,0.569718549641211,Q3_MedVuln,0
IND_01443,AMR,0.5588051184029654,Q3_MedVuln,0
IND_01444,AFR,0.8010138026524461,Q4_HighestVuln,1
IND_01445,EUR,0.16542433134784235,Q1_LowestVuln,0
IND_01446,AFR,0.24383025115543006,Q1_LowestVuln,0
IND_01447,EAS,0.25703144351326845,Q2_LowVuln,0
IND_01448,AMR,0.8996334945287693,Q4_HighestVuln,1
IND_01449,AMR,0.23978663615849374,Q1_LowestVuln,0
IND_01450,EAS,0.49387610422859696,Q2_LowVuln,0
IND_01451,AMR,0.5970609476518389,Q3_MedVuln,0
IND_01452,AFR,0.8256861899008509,Q4_HighestVuln,1
IND_01453,SAS,0.9033737492757031,Q4_HighestVuln,1
IND_01454,AFR,0.24923083811533148,Q1_LowestVuln,0
IND_01455,SAS,0.16813097972276717,Q1_LowestVuln,0
IND_01456,AFR,0.6656692083116019,Q3_MedVuln,0
IND_01457,EUR,0.22596923180313427,Q1_LowestVuln,0
IND_01458,EUR,0.756003363896217,Q4_HighestVuln,1
IND_01459,AFR,0.8051437933706025,Q4_HighestVuln,1
IND_01460,EAS,0.33039864203368086,Q2_LowVuln,0
IND_01461,AFR,0.7928579988935104,Q4_HighestVuln,1
IND_01462,EUR,0.7334453769740927,Q3_MedVuln,0
IND_01463,SAS,0.409903232787512,Q2_LowVuln,0
IND_01464,EUR,0.03980691437828042,Q1_LowestVuln,0
IND_01465,EAS,0.5899181049690377,Q3_MedVuln,0
IND_01466,AFR,0.7505156715479343,Q4_HighestVuln,1
IND_01467,AFR,0.5564796506239817,Q3_MedVuln,0
IND_01468,EUR,0.1351448665579279,Q1_LowestVuln,0
IND_01469,SAS,0.6961476196629723,Q3_MedVuln,0
IND_01470,EAS,0.5987806268078804,Q3_MedVuln,0
IND_01471,AFR,0.20891290653931852,Q1_LowestVuln,0
IND_01472,EUR,0.21451842627248938,Q1_LowestVuln,0
IND_01473,EUR,0.3304062332811837,Q2_LowVuln,0
IND_01474,AMR,0.940681358716867,Q4_HighestVuln,1
IND_01475,AFR,0.764675099832192,Q4_HighestVuln,1
IND_01476,AFR,0.796649418626173,Q4_HighestVuln,1
IND_01477,EAS,0.17960949812168203,Q1_LowestVuln,0
IND_01478,AFR,0.6305830465304039,Q3_MedVuln,0
IND_01479,EAS,0.10300416109117363,Q1_LowestVuln,0
IND_01480,EUR,0.5777358970692483,Q3_MedVuln,0
IND_01481,EAS,0.5792472769905529,Q3_MedVuln,0
IND_01482,AFR,0.5720995958934658,Q3_MedVuln,0
IND_01483,EUR,0.3238167923369374,Q2_LowVuln,0
IND_01484,SAS,0.6176764604213263,Q3_MedVuln,0
IND_01485,SAS,0.3489952650165969,Q2_LowVuln,0
IND_01486,AMR,0.6127729950470903,Q3_MedVuln,0
IND_01487,EAS,0.271890750545045,Q2_LowVuln,0
IND_01488,EUR,0.2591695923788311,Q2_LowVuln,0
IND_01489,AFR,0.8611693064010515,Q4_HighestVuln,1
IND_01490,EUR,0.31347320683202856,Q2_LowVuln,0
IND_01491,EUR,0.7115002716576353,Q3_MedVuln,0
IND_01492,AFR,0.8924933167068021,Q4_HighestVuln,1
IND_01493,AFR,0.6620449462993443,Q3_MedVuln,0
IND_01494,AMR,0.9396581309175511,Q4_HighestVuln,1
IND_01495,AFR,0.548598108407692,Q3_MedVuln,0
IND_01496,SAS,0.40525220178368543,Q2_LowVuln,0
IND_01497,EAS,0.15162277070270885,Q1_LowestVuln,0
IND_01498,EAS,0.6067289408319311,Q3_MedVuln,0
IND_01499,EUR,0.2740541190846566,Q2_LowVuln,0
IND_01500,EAS,0.3336196628899088,Q2_LowVuln,0
IND_01501,EUR,0.29433694457083187,Q2_LowVuln,0
IND_01502,AFR,0.8657577507503212,Q4_HighestVuln,1
IND_01503,EUR,0.31517872754069853,Q2_LowVuln,0
IND_01504,AFR,0.42032695919103646,Q2_LowVuln,0
IND_01505,SAS,0.31452411939658803,Q2_LowVuln,0
IND_01506,AMR,0.8223899244239273,Q4_HighestVuln,1
IND_01507,EUR,0.6289365792054936,Q3_MedVuln,0
IND_01508,EUR,0.07142682011818428,Q1_LowestVuln,0
IND_01509,EUR,0.18115424415234568,Q1_LowestVuln,0
IND_01510,AFR,0.5803107357513788,Q3_MedVuln,0
IND_01511,AFR,0.6097090135175802,Q3_MedVuln,0
IND_01512,AFR,0.7602959015726237,Q4_HighestVuln,1
IND_01513,AMR,0.5916671499461084,Q3_MedVuln,0
IND_01514,EUR,0.304512849431534,Q2_LowVuln,0
IND_01515,SAS,0.38525412909317064,Q2_LowVuln,0
IND_01516,SAS,0.17115519988175137,Q1_LowestVuln,0
IND_01517,AMR,0.7753666771316613,Q4_HighestVuln,1
IND_01518,AFR,0.9823733814224184,Q4_HighestVuln,1
IND_01519,SAS,0.45297617262549694,Q2_LowVuln,0
IND_01520,EAS,0.25087042909197793,Q2_LowVuln,0
IND_01521,AMR,0.7531039264161076,Q4_HighestVuln,1
IND_01522,SAS,0.14369291771468087,Q1_LowestVuln,0
IND_01523,EUR,0.2627963819255027,Q2_LowVuln,0
IND_01524,EAS,0.2572968563970793,Q2_LowVuln,0
IND_01525,EAS,0.41949900553228586,Q2_LowVuln,0
IND_01526,EAS,0.2541285118525785,Q2_LowVuln,0
IND_01527,AMR,0.37813509081301466,Q2_LowVuln,0
IND_01528,EUR,0.5677316172628593,Q3_MedVuln,0
IND_01529,AFR,0.5708191317544349,Q3_MedVuln,0
IND_01530,AMR,0.8610595971235004,Q4_HighestVuln,1
IND_01531,SAS,0.7398251554036003,Q3_MedVuln,0
IND_01532,EUR,0.37076900685867153,Q2_LowVuln,0
IND_01533,EUR,0.6636404877859944,Q3_MedVuln,0
IND_01534,AMR,0.8124867949193432,Q4_HighestVuln,1
IND_01535,AFR,0.6727125182398305,Q3_MedVuln,0
IND_01536,AMR,0.648617202856217,Q3_MedVuln,0
IND_01537,AFR,0.7542552580698088,Q4_HighestVuln,1
IND_01538,EUR,0.2278610216433919,Q1_LowestVuln,0
IND_01539,AFR,0.6876672419636509,Q3_MedVuln,0
IND_01540,SAS,0.8727378993584751,Q4_HighestVuln,1
IND_01541,EUR,0.33202424241043454,Q2_LowVuln,0
IND_01542,EUR,0.5092027836354079,Q3_MedVuln,0
IND_01543,EUR,0.7094457497139334,Q3_MedVuln,0
IND_01544,EAS,0.354538370399342,Q2_LowVuln,0
IND_01545,EUR,0.47028782730626933,Q2_LowVuln,0
IND_01546,SAS,0.5331085225486201,Q3_MedVuln,0
IND_01547,AFR,0.3513347370100803,Q2_LowVuln,0
IND_01548,AFR,0.37418132624628264,Q2_LowVuln,0
IND_01549,SAS,0.7651261361932625,Q4_HighestVuln,1
IND_01550,EUR,0.3873316629827432,Q2_LowVuln,0
IND_01551,EAS,0.6296747940729553,Q3_MedVuln,0
IND_01552,EUR,0.36258620715296247,Q2_LowVuln,0
IND_01553,EAS,0.45756520112717947,Q2_LowVuln,0
IND_01554,EAS,0.5742651748539797,Q3_MedVuln,0
IND_01555,SAS,0.3458903347427337,Q2_LowVuln,0
IND_01556,AFR,0.7800979862423661,Q4_HighestVuln,1
IND_01557,AFR,0.5738044032341372,Q3_MedVuln,0
IND_01558,AFR,0.22913135126267425,Q1_LowestVuln,0
IND_01559,EUR,0.4936150268517777,Q2_LowVuln,0
IND_01560,AFR,0.8725878393213405,Q4_HighestVuln,1
IND_01561,AFR,0.6280148112582021,Q3_MedVuln,0
IND_01562,EAS,0.15914433042801024,Q1_LowestVuln,0
IND_01563,AFR,0.8598686835890499,Q4_HighestVuln,1
IND_01564,AFR,0.5870354580978034,Q3_MedVuln,0
IND_01565,AMR,0.45564696512834113,Q2_LowVuln,0
IND_01566,SAS,0.5507944661074808,Q3_MedVuln,0
IND_01567,EAS,0.6402592539696579,Q3_MedVuln,0
IND_01568,AFR,0.6148690378037976,Q3_MedVuln,0
IND_01569,AFR,0.8057568348784732,Q4_HighestVuln,1
IND_01570,AFR,0.48951010372238996,Q2_LowVuln,0
IND_01571,AFR,0.8108550076976033,Q4_HighestVuln,1
IND_01572,EUR,0.11037100533315458,Q1_LowestVuln,0
IND_01573,EAS,0.6956788731501283,Q3_MedVuln,0
IND_01574,EUR,0.6419618158780976,Q3_MedVuln,0
IND_01575,SAS,0.25632847414294174,Q2_LowVuln,0
IND_01576,EAS,0.23804644966586255,Q1_LowestVuln,0
IND_01577,SAS,0.44648294453089277,Q2_LowVuln,0
IND_01578,AMR,0.5459633513758874,Q3_MedVuln,0
IND_01579,AFR,0.6615368595220766,Q3_MedVuln,0
IND_01580,AMR,0.24935771989487904,Q1_LowestVuln,0
IND_01581,EUR,0.437795295796912,Q2_LowVuln,0
IND_01582,EAS,0.30014019689630356,Q2_LowVuln,0
IND_01583,SAS,0.48234954100554106,Q2_LowVuln,0
IND_01584,EUR,0.3334898825496272,Q2_LowVuln,0
IND_01585,EAS,0.5460514763246913,Q3_MedVuln,0
IND_01586,EAS,0.4411586479646031,Q2_LowVuln,0
IND_01587,AMR,0.6088494432924646,Q3_MedVuln,0
IND_01588,AFR,0.9947895637989193,Q4_HighestVuln,1
IND_01589,EAS,0.27777265431242326,Q2_LowVuln,0
IND_01590,AFR,0.5675303456432197,Q3_MedVuln,0
IND_01591,AMR,0.48353730598992645,Q2_LowVuln,0
IND_01592,EAS,0.22957666000172708,Q1_LowestVuln,0
IND_01593,EUR,0.17033994778981593,Q1_LowestVuln,0
IND_01594,AMR,0.8633612781873302,Q4_HighestVuln,1
IND_01595,AFR,0.8793792837768774,Q4_HighestVuln,1
IND_01596,SAS,0.3575109732836907,Q2_LowVuln,0
IND_01597,EUR,0.2698259576674147,Q2_LowVuln,0
IND_01598,SAS,0.8499491214278547,Q4_HighestVuln,1
IND_01599,EUR,0.34205543858377,Q2_LowVuln,0
IND_01600,EUR,0.11896015586626806,Q1_LowestVuln,0
IND_01601,AFR,0.6938257324468023,Q3_MedVuln,0
IND_01602,EAS,0.44917831938959835,Q2_LowVuln,0
IND_01603,EUR,0.18047498014231694,Q1_LowestVuln,0
IND_01604,EUR,0.739664170692029,Q3_MedVuln,0
IND_01605,EAS,0.309544387060399,Q2_LowVuln,0
IND_01606,AFR,0.6530740623324255,Q3_MedVuln,0
IND_01607,EAS,0.8932462161332738,Q4_HighestVuln,1
IND_01608,AFR,0.9344530385102234,Q4_HighestVuln,1
IND_01609,EUR,0.09988157818140438,Q1_LowestVuln,0
IND_01610,SAS,0.5186958590696064,Q3_MedVuln,0
IND_01611,AMR,0.6511828019402819,Q3_MedVuln,0
IND_01612,EAS,0.22646420672645565,Q1_LowestVuln,0
IND_01613,AFR,0.5214062040013978,Q3_MedVuln,0
IND_01614,AFR,0.5566666936496608,Q3_MedVuln,0
IND_01615,EAS,0.4730273736017272,Q2_LowVuln,0
IND_01616,AFR,0.40056582565637444,Q2_LowVuln,0
IND_01617,EUR,0.5340024972629634,Q3_MedVuln,0
IND_01618,AFR,0.9580391775963997,Q4_HighestVuln,1
IND_01619,EUR,0.28350356362335616,Q2_LowVuln,0
IND_01620,EAS,0.37727263093782365,Q2_LowVuln,0
IND_01621,EAS,0.3027385347475337,Q2_LowVuln,0
IND_01622,EUR,0.4381680104425062,Q2_LowVuln,0
IND_01623,AFR,0.6950811325346207,Q3_MedVuln,0
IND_01624,SAS,0.16750183883157946,Q1_LowestVuln,0
IND_01625,EUR,0.6336072386426852,Q3_MedVuln,0
IND_01626,AMR,0.3093650687332868,Q2_LowVuln,0
IND_01627,EUR,0.14834336461641973,Q1_LowestVuln,0
IND_01628,AMR,0.3282699864108255,Q2_LowVuln,0
IND_01629,SAS,0.8788639838922312,Q4_HighestVuln,1
IND_01630,EAS,0.35460741566144527,Q2_LowVuln,0
IND_01631,EUR,0.26586564380727706,Q2_LowVuln,0
IND_01632,EAS,0.09861960528655135,Q1_LowestVuln,0
IND_01633,AMR,0.8018346954262471,Q4_HighestVuln,1
IND_01634,EAS,0.5932275518605258,Q3_MedVuln,0
IND_01635,SAS,0.6530982789039232,Q3_MedVuln,0
IND_01636,SAS,0.34591823091297325,Q2_LowVuln,0
IND_01637,AFR,0.5838038848902916,Q3_MedVuln,0
IND_01638,EUR,0.2477008731740091,Q1_LowestVuln,0
IND_01639,SAS,0.5449824059757548,Q3_MedVuln,0
IND_01640,EUR,0.5635996590347525,Q3_MedVuln,0
IND_01641,EAS,0.32519902651132404,Q2_LowVuln,0
IND_01642,AMR,0.8126749542616452,Q4_HighestVuln,1
IND_01643,EAS,0.347050680449297,Q2_LowVuln,0
IND_01644,EUR,0.25023106464054284,Q2_LowVuln,0
IND_01645,EUR,0.6815030923068153,Q3_MedVuln,0
IND_01646,EUR,0.38402336312860197,Q2_LowVuln,0
IND_01647,EAS,0.23703270003310103,Q1_LowestVuln,0
IND_01648,SAS,0.30894721669809166,Q2_LowVuln,0
IND_01649,AFR,0.7033864273813872,Q3_MedVuln,0
IND_01650,EUR,0.4967601526955874,Q2_LowVuln,0
IND_01651,SAS,0.2954771636948366,Q2_LowVuln,0
IND_01652,EAS,0.39061951990531746,Q2_LowVuln,0
IND_01653,EUR,0.7716745375471681,Q4_HighestVuln,1
IND_01654,SAS,0.4380732697450789,Q2_LowVuln,0
IND_01655,AFR,0.7167466731632794,Q3_MedVuln,0
IND_01656,SAS,0.39663492211630685,Q2_LowVuln,0
IND_01657,AFR,0.7968900421594161,Q4_HighestVuln,1
IND_01658,AMR,0.6641422429410285,Q3_MedVuln,0
IND_01659,EAS,0.22848865990763711,Q1_LowestVuln,0
IND_01660,AFR,0.5650160098040112,Q3_MedVuln,0
IND_01661,EUR,0.20497311777124955,Q1_LowestVuln,0
IND_01662,EAS,0.1638611203071134,Q1_LowestVuln,0
IND_01663,EUR,0.18151017263078598,Q1_LowestVuln,0
IND_01664,SAS,0.24474288616046894,Q1_LowestVuln,0
IND_01665,AFR,0.634249907902349,Q3_MedVuln,0
IND_01666,SAS,0.6517076341703721,Q3_MedVuln,0
IND_01667,AMR,0.624514052468406,Q3_MedVuln,0
IND_01668,AFR,0.7729939967747701,Q4_HighestVuln,1
IND_01669,SAS,0.39434082130190434,Q2_LowVuln,0
IND_01670,EAS,0.2029066116441469,Q1_LowestVuln,0
IND_01671,EAS,0.5898410878738295,Q3_MedVuln,0
IND_01672,SAS,0.7910088754733746,Q4_HighestVuln,1
IND_01673,EUR,0.04297960159170993,Q1_LowestVuln,0
IND_01674,AMR,0.723490167115015,Q3_MedVuln,0
IND_01675,AFR,0.8309006583104527,Q4_HighestVuln,1
IND_01676,EUR,0.5261528601978723,Q3_MedVuln,0
IND_01677,AFR,0.5261216300489676,Q3_MedVuln,0
IND_01678,SAS,0.24772960433514477,Q1_LowestVuln,0
IND_01679,EAS,0.0930188682051655,Q1_LowestVuln,0
IND_01680,EAS,0.6964637011824018,Q3_MedVuln,0
IND_01681,EUR,0.22389058539751516,Q1_LowestVuln,0
IND_01682,AFR,0.7736790540052454,Q4_HighestVuln,1
IND_01683,SAS,0.40873097111984963,Q2_LowVuln,0
IND_01684,AFR,0.5905487570758373,Q3_MedVuln,0
IND_01685,EUR,0.6302831392650533,Q3_MedVuln,0
IND_01686,AFR,0.4909513294827418,Q2_LowVuln,0
IND_01687,SAS,0.6426044181672438,Q3_MedVuln,0
IND_01688,AMR,0.7952568467087483,Q4_HighestVuln,1
IND_01689,EAS,0.5730167812936157,Q3_MedVuln,0
IND_01690,SAS,0.6105564234995394,Q3_MedVuln,0
IND_01691,AFR,0.5005372600109461,Q3_MedVuln,0
IND_01692,EAS,0.46348550193690397,Q2_LowVuln,0
IND_01693,EUR,0.05750319021572723,Q1_LowestVuln,0
IND_01694,EUR,0.6654519498923651,Q3_MedVuln,0
IND_01695,AMR,0.9324575554074342,Q4_HighestVuln,1
IND_01696,EUR,0.624786390466483,Q3_MedVuln,0
IND_01697,SAS,0.2257129590503719,Q1_LowestVuln,0
IND_01698,EAS,0.1901905422137943,Q1_LowestVuln,0
IND_01699,SAS,0.632251004709606,Q3_MedVuln,0
IND_01700,AMR,0.4822968610944771,Q2_LowVuln,0
IND_01701,EUR,0.5049484471989433,Q3_MedVuln,0
IND_01702,AFR,0.6871473543089236,Q3_MedVuln,0
IND_01703,AFR,0.701213506862622,Q3_MedVuln,0
IND_01704,SAS,0.5096772976163341,Q3_MedVuln,0
IND_01705,EAS,0.30365904422897805,Q2_LowVuln,0
IND_01706,SAS,0.07176867065533211,Q1_LowestVuln,0
IND_01707,AMR,0.7675891099219767,Q4_HighestVuln,1
IND_01708,AFR,0.6942335880835385,Q3_MedVuln,0
IND_01709,SAS,0.8479543990709778,Q4_HighestVuln,1
IND_01710,AMR,0.44565735220019126,Q2_LowVuln,0
IND_01711,SAS,0.2959289798016761,Q2_LowVuln,0
IND_01712,AFR,0.9629996604006015,Q4_HighestVuln,1
IND_01713,EUR,0.48756758310057574,Q2_LowVuln,0
IND_01714,AFR,0.5613632820067793,Q3_MedVuln,0
IND_01715,AFR,0.639852026088756,Q3_MedVuln,0
IND_01716,EUR,0.45960056480738465,Q2_LowVuln,0
IND_01717,EUR,0.5158591880769515,Q3_MedVuln,0
IND_01718,AFR,0.45344816026184104,Q2_LowVuln,0
IND_01719,AFR,0.5668210290747706,Q3_MedVuln,0
IND_01720,EUR,0.4801980411763975,Q2_LowVuln,0
IND_01721,EAS,0.1251993289872726,Q1_LowestVuln,0
IND_01722,AFR,0.88644949065043,Q4_HighestVuln,1
IND_01723,AFR,0.6725622253785016,Q3_MedVuln,0
IND_01724,AFR,0.8508082006097492,Q4_HighestVuln,1
IND_01725,SAS,0.35412210897309854,Q2_LowVuln,0
IND_01726,AMR,0.7580114942588126,Q4_HighestVuln,1
IND_01727,AFR,0.8117047960318623,Q4_HighestVuln,1
IND_01728,EUR,0.46717937026852635,Q2_LowVuln,0
IND_01729,EUR,0.6181126644085059,Q3_MedVuln,0
IND_01730,AFR,0.3834317497482074,Q2_LowVuln,0
IND_01731,AFR,0.6253651581632986,Q3_MedVuln,0
IND_01732,AFR,0.35993263497880545,Q2_LowVuln,0
IND_01733,SAS,0.4801464697765977,Q2_LowVuln,0
IND_01734,AFR,0.5986967783559807,Q3_MedVuln,0
IND_01735,EUR,0.4276172766147883,Q2_LowVuln,0
IND_01736,SAS,0.4936590087824559,Q2_LowVuln,0
IND_01737,SAS,0.728011581911456,Q3_MedVuln,0
IND_01738,SAS,0.19195660141376117,Q1_LowestVuln,0
IND_01739,EUR,0.2813748584716186,Q2_LowVuln,0
IND_01740,AFR,0.636938339331714,Q3_MedVuln,0
IND_01741,EAS,0.2962121859482193,Q2_LowVuln,0
IND_01742,AMR,0.7940308137341847,Q4_HighestVuln,1
IND_01743,EUR,0.18674512357644854,Q1_LowestVuln,0
IND_01744,EUR,0.13056437590349776,Q1_LowestVuln,0
IND_01745,AFR,0.7699142080273194,Q4_HighestVuln,1
IND_01746,EAS,0.3702586958370752,Q2_LowVuln,0
IND_01747,AMR,0.20719497329111314,Q1_LowestVuln,0
IND_01748,AFR,0.48069403135719746,Q2_LowVuln,0
IND_01749,SAS,0.7409931774512867,Q3_MedVuln,0
IND_01750,SAS,0.42805124473822803,Q2_LowVuln,0
IND_01751,EUR,0.4681934831422906,Q2_LowVuln,0
IND_01752,AFR,0.7257992195966351,Q3_MedVuln,0
IND_01753,SAS,0.5755880064240269,Q3_MedVuln,0
IND_01754,AMR,0.4416315147544713,Q2_LowVuln,0
IND_01755,SAS,0.2094769397075178,Q1_LowestVuln,0
IND_01756,EUR,0.11434133185150566,Q1_LowestVuln,0
IND_01757,EAS,0.5073961840234564,Q3_MedVuln,0
IND_01758,AFR,0.18204638649371188,Q1_LowestVuln,0
IND_01759,EAS,0.1762554854648319,Q1_LowestVuln,0
IND_01760,EUR,0.09036271008066338,Q1_LowestVuln,0
IND_01761,AFR,0.697262640149588,Q3_MedVuln,0
IND_01762,EUR,0.4464409235396455,Q2_LowVuln,0
IND_01763,AFR,0.736715597723876,Q3_MedVuln,0
IND_01764,SAS,0.4905782893662169,Q2_LowVuln,0
IND_01765,SAS,0.4135040644785242,Q2_LowVuln,0
IND_01766,EAS,0.2232405105563946,Q1_LowestVuln,0
IND_01767,AFR,0.44844424639121916,Q2_LowVuln,0
IND_01768,EAS,0.6396180560437271,Q3_MedVuln,0
IND_01769,EAS,0.4299837210276136,Q2_LowVuln,0
IND_01770,AMR,0.6654285680491949,Q3_MedVuln,0
IND_01771,EUR,0.14719265369226767,Q1_LowestVuln,0
IND_01772,SAS,0.6888875006544387,Q3_MedVuln,0
IND_01773,EUR,0.9434484694623159,Q4_HighestVuln,1
IND_01774,SAS,0.701803100228616,Q3_MedVuln,0
IND_01775,SAS,0.6319649717884818,Q3_MedVuln,0
IND_01776,EAS,0.5893634827563267,Q3_MedVuln,0
IND_01777,SAS,0.8780134751830948,Q4_HighestVuln,1
IND_01778,AMR,0.6845148416108713,Q3_MedVuln,0
IND_01779,EAS,0.2417883465005737,Q1_LowestVuln,0
IND_01780,EAS,0.7931282697467634,Q4_HighestVuln,1
IND_01781,AFR,0.9483646814220457,Q4_HighestVuln,1
IND_01782,SAS,0.4237562307901999,Q2_LowVuln,0
IND_01783,EUR,0.4295275588232172,Q2_LowVuln,0
IND_01784,AMR,0.23255949930211228,Q1_LowestVuln,0
IND_01785,AMR,0.7374001924305491,Q3_MedVuln,0
IND_01786,AFR,0.7475136003965238,Q3_MedVuln,0
IND_01787,AFR,0.7123653884750567,Q3_MedVuln,0
IND_01788,AMR,0.6272123260212827,Q3_MedVuln,0
IND_01789,AMR,0.8446167249797452,Q4_HighestVuln,1
IND_01790,AFR,0.3908351682688002,Q2_LowVuln,0
IND_01791,AFR,0.6916962701431696,Q3_MedVuln,0
IND_01792,EUR,0.7787887394573552,Q4_HighestVuln,1
IND_01793,EUR,0.10618486168699622,Q1_LowestVuln,0
IND_01794,SAS,0.28115687914204573,Q2_LowVuln,0
IND_01795,SAS,0.6877556088221096,Q3_MedVuln,0
IND_01796,AMR,0.1460209731344304,Q1_LowestVuln,0
IND_01797,AFR,0.8045649738103433,Q4_HighestVuln,1
IND_01798,AFR,0.8407310026073831,Q4_HighestVuln,1
IND_01799,SAS,0.14770650068764862,Q1_LowestVuln,0
IND_01800,AFR,0.6686396026418203,Q3_MedVuln,0
IND_01801,SAS,0.49318651779202544,Q2_LowVuln,0
IND_01802,AFR,0.4959016354529097,Q2_LowVuln,0
IND_01803,AFR,0.5727076427708337,Q3_MedVuln,0
IND_01804,AFR,0.6320545303415055,Q3_MedVuln,0
IND_01805,EAS,0.30158318990696403,Q2_LowVuln,0
IND_01806,EAS,0.28754000309278516,Q2_LowVuln,0
IND_01807,EAS,0.38593913687146586,Q2_LowVuln,0
IND_01808,AMR,0.9322176189077721,Q4_HighestVuln,1
IND_01809,EAS,0.2149040589326177,Q1_LowestVuln,0
IND_01810,EUR,0.17034015508584524,Q1_LowestVuln,0
IND_01811,SAS,0.640300081172683,Q3_MedVuln,0
IND_01812,AMR,0.7750312509412016,Q4_HighestVuln,1
IND_01813,EUR,0.17443848281689336,Q1_LowestVuln,0
IND_01814,AFR,0.9220368893753399,Q4_HighestVuln,1
IND_01815,EAS,0.26997978550281937,Q2_LowVuln,0
IND_01816,SAS,0.47785451763941944,Q2_LowVuln,0
IND_01817,EUR,0.43586771188748896,Q2_LowVuln,0
IND_01818,EAS,0.4238162726800909,Q2_LowVuln,0
IND_01819,AFR,0.44518999465873205,Q2_LowVuln,0
IND_01820,AMR,0.5572893350356635,Q3_MedVuln,0
IND_01821,SAS,0.13490820349952545,Q1_LowestVuln,0
IND_01822,SAS,0.6837347784010054,Q3_MedVuln,0
IND_01823,AFR,0.2146992334090541,Q1_LowestVuln,0
IND_01824,SAS,0.6389363046931559,Q3_MedVuln,0
IND_01825,EUR,0.11623413683660398,Q1_LowestVuln,0
IND_01826,EUR,0.5234739433622138,Q3_MedVuln,0
IND_01827,EAS,0.4190357795476469,Q2_LowVuln,0
IND_01828,SAS,0.5988364549535677,Q3_MedVuln,0
IND_01829,EUR,0.5047904440831577,Q3_MedVuln,0
IND_01830,AMR,0.8739733494539415,Q4_HighestVuln,1
IND_01831,EUR,0.25724936448542535,Q2_LowVuln,0
IND_01832,AFR,0.6260403180461964,Q3_MedVuln,0
IND_01833,AMR,0.7097599046507653,Q3_MedVuln,0
IND_01834,AFR,0.4376423168332186,Q2_LowVuln,0
IND_01835,EAS,0.49371584674883656,Q2_LowVuln,0
IND_01836,AFR,0.7735349259213408,Q4_HighestVuln,1
IND_01837,EAS,0.09290914381216203,Q1_LowestVuln,0
IND_01838,SAS,0.8127912050088467,Q4_HighestVuln,1
IND_01839,EUR,0.49418409287386356,Q2_LowVuln,0
IND_01840,SAS,0.3930091396957264,Q2_LowVuln,0
IND_01841,EAS,0.5581114114906625,Q3_MedVuln,0
IND_01842,EUR,0.26585742004144386,Q2_LowVuln,0
IND_01843,AMR,0.3553005149308561,Q2_LowVuln,0
IND_01844,EUR,0.2726873347331992,Q2_LowVuln,0
IND_01845,EAS,0.6268106600046236,Q3_MedVuln,0
IND_01846,SAS,0.2118716441746846,Q1_LowestVuln,0
IND_01847,AFR,0.4618977758132142,Q2_LowVuln,0
IND_01848,AFR,0.3562046602256606,Q2_LowVuln,0
IND_01849,EAS,0.4049549274949466,Q2_LowVuln,0
IND_01850,AMR,0.6844035123015405,Q3_MedVuln,0
IND_01851,AFR,0.5912842766246791,Q3_MedVuln,0
IND_01852,AMR,0.5406931948633134,Q3_MedVuln,0
IND_01853,EAS,0.5760182719794781,Q3_MedVuln,0
IND_01854,SAS,0.2879099675435238,Q2_LowVuln,0
IND_01855,SAS,0.18010263559962097,Q1_LowestVuln,0
IND_01856,EUR,0.3167592094470001,Q2_LowVuln,0
IND_01857,EUR,0.26718923414388734,Q2_LowVuln,0
IND_01858,AMR,0.8112601019046619,Q4_HighestVuln,1
IND_01859,AFR,0.4545065944825246,Q2_LowVuln,0
IND_01860,AFR,0.8479418465607165,Q4_HighestVuln,1
IND_01861,EAS,0.5389028872545928,Q3_MedVuln,0
IND_01862,SAS,0.24673075606515296,Q1_LowestVuln,0
IND_01863,EUR,0.7014364646400446,Q3_MedVuln,0
IND_01864,AFR,0.5373676970505988,Q3_MedVuln,0
IND_01865,AFR,0.6087863259212227,Q3_MedVuln,0
IND_01866,EAS,0.07209478454569333,Q1_LowestVuln,0
IND_01867,AFR,0.2924153758786324,Q2_LowVuln,0
IND_01868,EUR,0.652431989974404,Q3_MedVuln,0
IND_01869,EAS,0.6159964833153208,Q3_MedVuln,0
IND_01870,EAS,0.6037922856275857,Q3_MedVuln,0
IND_01871,SAS,0.3185613096830379,Q2_LowVuln,0
IND_01872,EAS,0.5034413645997764,Q3_MedVuln,0
IND_01873,AFR,0.15096956653858462,Q1_LowestVuln,0
IND_01874,SAS,0.5156924129199938,Q3_MedVuln,0
IND_01875,AMR,0.5805323565239833,Q3_MedVuln,0
IND_01876,EAS,0.5565446399325998,Q3_MedVuln,0
IND_01877,SAS,0.5148276044663476,Q3_MedVuln,0
IND_01878,SAS,0.6335668229824766,Q3_MedVuln,0
IND_01879,SAS,0.587369934042253,Q3_MedVuln,0
IND_01880,AMR,0.36287371958944703,Q2_LowVuln,0
IND_01881,EAS,0.05570587343040182,Q1_LowestVuln,0
IND_01882,SAS,0.6452799556563446,Q3_MedVuln,0
IND_01883,AFR,0.5442363130632497,Q3_MedVuln,0
IND_01884,AFR,0.39224408650519044,Q2_LowVuln,0
IND_01885,AMR,0.4708585873720291,Q2_LowVuln,0
IND_01886,SAS,0.3568667944467501,Q2_LowVuln,0
IND_01887,EUR,0.4581975244659918,Q2_LowVuln,0
IND_01888,EUR,0.23371122921145562,Q1_LowestVuln,0
IND_01889,AFR,0.42075688616734,Q2_LowVuln,0
IND_01890,EUR,0.46144256737522066,Q2_LowVuln,0
IND_01891,SAS,0.44582351236234047,Q2_LowVuln,0
IND_01892,AMR,0.561300235127291,Q3_MedVuln,0
IND_01893,SAS,0.4314159932681274,Q2_LowVuln,0
IND_01894,EAS,0.5507471883387668,Q3_MedVuln,0
IND_01895,AMR,0.9358779526891752,Q4_HighestVuln,1
IND_01896,AFR,0.7625830005979453,Q4_HighestVuln,1
IND_01897,AFR,0.4629758757188185,Q2_LowVuln,0
IND_01898,EUR,0.613606142929566,Q3_MedVuln,0
IND_01899,EUR,0.7346032334552266,Q3_MedVuln,0
IND_01900,AFR,0.6750054304405447,Q3_MedVuln,0
IND_01901,AMR,0.7412893388354106,Q3_MedVuln,0
IND_01902,EUR,0.3846524894443295,Q2_LowVuln,0
IND_01903,EAS,0.8454471902057138,Q4_HighestVuln,1
IND_01904,SAS,0.45173677602881696,Q2_LowVuln,0
IND_01905,EAS,0.28616416684779655,Q2_LowVuln,0
IND_01906,EUR,0.8276631205464262,Q4_HighestVuln,1
IND_01907,SAS,0.8550328433121467,Q4_HighestVuln,1
IND_01908,EAS,0.3443980361060398,Q2_LowVuln,0
IND_01909,AFR,0.2388966051713613,Q1_LowestVuln,0
IND_01910,AMR,0.3864528261112473,Q2_LowVuln,0
IND_01911,EAS,0.2811136638322752,Q2_LowVuln,0
IND_01912,SAS,0.33446700090833903,Q2_LowVuln,0
IND_01913,SAS,0.422640905314743,Q2_LowVuln,0
IND_01914,EUR,0.6897871665085835,Q3_MedVuln,0
IND_01915,EUR,0.6012251074446144,Q3_MedVuln,0
IND_01916,AFR,0.3341304490968391,Q2_LowVuln,0
IND_01917,SAS,0.6705191417549818,Q3_MedVuln,0
IND_01918,EUR,0.6199498377595212,Q3_MedVuln,0
IND_01919,EUR,0.39995954859746513,Q2_LowVuln,0
IND_01920,SAS,0.5793807119713215,Q3_MedVuln,0
IND_01921,SAS,0.24574682616844135,Q1_LowestVuln,0
IND_01922,SAS,0.4670529753023503,Q2_LowVuln,0
IND_01923,AFR,0.7622392848067808,Q4_HighestVuln,1
IND_01924,AFR,0.6989468820673869,Q3_MedVuln,0
IND_01925,SAS,0.5781683164271217,Q3_MedVuln,0
IND_01926,AFR,0.5534906298599316,Q3_MedVuln,0
IND_01927,EAS,0.4830269062282896,Q2_LowVuln,0
IND_01928,EUR,0.5395565777206542,Q3_MedVuln,0
IND_01929,AMR,0.9797506405586666,Q4_HighestVuln,1
IND_01930,SAS,0.26951332672141654,Q2_LowVuln,0
IND_01931,SAS,0.6010989590988289,Q3_MedVuln,0
IND_01932,EAS,0.43326061172273994,Q2_LowVuln,0
IND_01933,AFR,0.9506353869757779,Q4_HighestVuln,1
IND_01934,EUR,0.64835934452347,Q3_MedVuln,0
IND_01935,EUR,0.23641627936526233,Q1_LowestVuln,0
IND_01936,SAS,0.1283973094216514,Q1_LowestVuln,0
IND_01937,SAS,0.4740702628987235,Q2_LowVuln,0
IND_01938,AFR,0.7998484734195108,Q4_HighestVuln,1
IND_01939,EAS,0.2544253731092378,Q2_LowVuln,0
IND_01940,EUR,0.41870268979148034,Q2_LowVuln,0
IND_01941,AFR,0.5310819709386843,Q3_MedVuln,0
IND_01942,AFR,0.2477120278007969,Q1_LowestVuln,0
IND_01943,SAS,0.6263124622383316,Q3_MedVuln,0
IND_01944,EUR,0.7091101150502253,Q3_MedVuln,0
IND_01945,EUR,0.15038172696275123,Q1_LowestVuln,0
IND_01946,EUR,0.6372840689473398,Q3_MedVuln,0
IND_01947,AFR,0.5492595691626431,Q3_MedVuln,0
IND_01948,AFR,0.573080937815893,Q3_MedVuln,0
IND_01949,EAS,0.525168385782163,Q3_MedVuln,0
IND_01950,EUR,0.3722598983417279,Q2_LowVuln,0
IND_01951,AFR,0.7119582839230487,Q3_MedVuln,0
IND_01952,SAS,0.6230701182626414,Q3_MedVuln,0
IND_01953,EAS,0.3129797187049881,Q2_LowVuln,0
IND_01954,EUR,0.4047748043752463,Q2_LowVuln,0
IND_01955,EAS,0.22189527981822066,Q1_LowestVuln,0
IND_01956,AFR,0.42120468875232187,Q2_LowVuln,0
IND_01957,EUR,0.4862435224971572,Q2_LowVuln,0
IND_01958,EAS,0.4129752938134829,Q2_LowVuln,0
IND_01959,AMR,0.6490962084030627,Q3_MedVuln,0
IND_01960,SAS,0.15994485130599673,Q1_LowestVuln,0
IND_01961,EUR,0.196655506686989,Q1_LowestVuln,0
IND_01962,AMR,0.4754941038340031,Q2_LowVuln,0
IND_01963,EAS,0.330671171870566,Q2_LowVuln,0
IND_01964,SAS,0.8048346476153386,Q4_HighestVuln,1
IND_01965,AFR,0.1723716039126611,Q1_LowestVuln,0
IND_01966,EUR,0.35476332928971444,Q2_LowVuln,0
IND_01967,AMR,0.7396063583940204,Q3_MedVuln,0
IND_01968,EAS,0.3471604053355015,Q2_LowVuln,0
IND_01969,EUR,0.7693825156341716,Q4_HighestVuln,1
IND_01970,SAS,0.5902475935949544,Q3_MedVuln,0
IND_01971,SAS,0.2018526738987135,Q1_LowestVuln,0
IND_01972,EAS,0.5928343023339937,Q3_MedVuln,0
IND_01973,SAS,0.09458681419341379,Q1_LowestVuln,0
IND_01974,EUR,0.29420706015516584,Q2_LowVuln,0
IND_01975,EUR,0.5456698253812557,Q3_MedVuln,0
IND_01976,EUR,0.28635952384804036,Q2_LowVuln,0
IND_01977,SAS,0.32727422053862654,Q2_LowVuln,0
IND_01978,SAS,0.4386691581849421,Q2_LowVuln,0
IND_01979,SAS,0.06106086323471553,Q1_LowestVuln,0
IND_01980,AFR,0.36184146761566766,Q2_LowVuln,0
IND_01981,SAS,0.49348947267303045,Q2_LowVuln,0
IND_01982,SAS,0.2528641229824466,Q2_LowVuln,0
IND_01983,AFR,0.7847089868997207,Q4_HighestVuln,1
IND_01984,EUR,0.6485224080982587,Q3_MedVuln,0
IND_01985,EUR,0.3837297211223876,Q2_LowVuln,0
IND_01986,AFR,0.864599708005136,Q4_HighestVuln,1
IND_01987,SAS,0.4699686114408907,Q2_LowVuln,0
IND_01988,EAS,0.3731316999286243,Q2_LowVuln,0
IND_01989,AMR,0.6215004357262082,Q3_MedVuln,0
IND_01990,EAS,0.31784333166812867,Q2_LowVuln,0
IND_01991,AFR,0.6381329604239941,Q3_MedVuln,0
IND_01992,AMR,0.5027732337468901,Q3_MedVuln,0
IND_01993,AMR,0.4799644103295047,Q2_LowVuln,0
IND_01994,EUR,0.37749923419287923,Q2_LowVuln,0
IND_01995,SAS,0.4248068258578036,Q2_LowVuln,0
IND_01996,EUR,0.13221718575845423,Q1_LowestVuln,0
IND_01997,EUR,0.25262468802636145,Q2_LowVuln,0
IND_01998,EUR,0.5576258433147654,Q3_MedVuln,0
IND_01999,AFR,0.4736603945850961,Q2_LowVuln,0
IND_02000,EUR,0.4110471615022072,Q2_LowVuln,0
IND_02001,AFR,0.950941050007158,Q4_HighestVuln,1
IND_02002,SAS,0.3505621872679437,Q2_LowVuln,0
IND_02003,EUR,0.44963372512894706,Q2_LowVuln,0
IND_02004,EUR,0.23572442953601547,Q1_LowestVuln,0
IND_02005,SAS,0.3846759141651386,Q2_LowVuln,0
IND_02006,EUR,0.47451142378069294,Q2_LowVuln,0
IND_02007,AFR,0.34861007674248284,Q2_LowVuln,0
IND_02008,SAS,0.3239357933963188,Q2_LowVuln,0
IND_02009,EAS,0.030556111550398977,Q1_LowestVuln,0
IND_02010,AFR,0.6039242413184345,Q3_MedVuln,0
IND_02011,EUR,0.3723001199249858,Q2_LowVuln,0
IND_02012,AFR,0.5561760825911851,Q3_MedVuln,0
IND_02013,AFR,0.3825002316896307,Q2_LowVuln,0
IND_02014,SAS,0.6101610197826121,Q3_MedVuln,0
IND_02015,EAS,0.3121063372171209,Q2_LowVuln,0
IND_02016,SAS,0.2912077702279054,Q2_LowVuln,0
IND_02017,AFR,0.39456770135124286,Q2_LowVuln,0
IND_02018,EUR,0.22278368068545082,Q1_LowestVuln,0
IND_02019,AFR,0.691187524849478,Q3_MedVuln,0
IND_02020,EUR,0.536576593149409,Q3_MedVuln,0
IND_02021,AMR,0.45068101886310463,Q2_LowVuln,0
IND_02022,SAS,0.35717857430858874,Q2_LowVuln,0
IND_02023,AMR,0.7327591269283568,Q3_MedVuln,0
IND_02024,SAS,0.6442105383678851,Q3_MedVuln,0
IND_02025,EAS,0.343933555250421,Q2_LowVuln,0
IND_02026,EAS,0.11505873479364435,Q1_LowestVuln,0
IND_02027,SAS,0.4796576123411233,Q2_LowVuln,0
IND_02028,EAS,0.525194824017047,Q3_MedVuln,0
IND_02029,SAS,0.886939406194168,Q4_HighestVuln,1
IND_02030,AMR,0.790942980068665,Q4_HighestVuln,1
IND_02031,EAS,0.02373481568027805,Q1_LowestVuln,0
IND_02032,AFR,0.7542619236717334,Q4_HighestVuln,1
IND_02033,EUR,0.23524757532885662,Q1_LowestVuln,0
IND_02034,AMR,0.7453661064812392,Q3_MedVuln,0
IND_02035,SAS,0.5397030171311017,Q3_MedVuln,0
IND_02036,AMR,0.7872515921173628,Q4_HighestVuln,1
IND_02037,AMR,0.593667245876872,Q3_MedVuln,0
IND_02038,AFR,0.5415539421997642,Q3_MedVuln,0
IND_02039,AFR,0.6211940127403413,Q3_MedVuln,0
IND_02040,AFR,0.4573623172294856,Q2_LowVuln,0
IND_02041,AFR,0.8505280165785115,Q4_HighestVuln,1
IND_02042,AFR,0.8841660633493761,Q4_HighestVuln,1
IND_02043,AFR,0.8380249367253311,Q4_HighestVuln,1
IND_02044,SAS,0.5318445192332786,Q3_MedVuln,0
IND_02045,EAS,0.6296922880737253,Q3_MedVuln,0
IND_02046,EUR,0.12584682589529383,Q1_LowestVuln,0
IND_02047,EUR,0.17735764491075415,Q1_LowestVuln,0
IND_02048,EUR,0.6394929388309019,Q3_MedVuln,0
IND_02049,EAS,0.7213754529435892,Q3_MedVuln,0
IND_02050,EAS,0.08483632002798584,Q1_LowestVuln,0
IND_02051,EUR,0.182468888279895,Q1_LowestVuln,0
IND_02052,AFR,0.6551217508404833,Q3_MedVuln,0
IND_02053,AFR,0.4001213173942008,Q2_LowVuln,0
IND_02054,AMR,0.7603349666724202,Q4_HighestVuln,1
IND_02055,EAS,0.5394680089332119,Q3_MedVuln,0
IND_02056,SAS,0.10004595554549407,Q1_LowestVuln,0
IND_02057,AMR,0.683550615322163,Q3_MedVuln,0
IND_02058,SAS,0.4155336691058474,Q2_LowVuln,0
IND_02059,SAS,0.2922710246397334,Q2_LowVuln,0
IND_02060,SAS,0.3283280367264708,Q2_LowVuln,0
IND_02061,EUR,0.41116311943968814,Q2_LowVuln,0
IND_02062,EAS,0.3508915948067399,Q2_LowVuln,0
IND_02063,AFR,0.5600227159960378,Q3_MedVuln,0
IND_02064,EUR,0.14939097693465048,Q1_LowestVuln,0
IND_02065,EUR,0.38497187233815083,Q2_LowVuln,0
IND_02066,AFR,0.2050607965711093,Q1_LowestVuln,0
IND_02067,SAS,0.7573183192664638,Q4_HighestVuln,1
IND_02068,AFR,0.7520647199479316,Q4_HighestVuln,1
IND_02069,AMR,0.6022755066176059,Q3_MedVuln,0
IND_02070,EAS,0.3564909910384949,Q2_LowVuln,0
IND_02071,AFR,0.3479282018631484,Q2_LowVuln,0
IND_02072,AMR,0.5666674682089298,Q3_MedVuln,0
IND_02073,EUR,0.443266411537537,Q2_LowVuln,0
IND_02074,AMR,0.3668535812462037,Q2_LowVuln,0
IND_02075,AFR,0.8070485933426218,Q4_HighestVuln,1
IND_02076,EUR,0.23277769624027825,Q1_LowestVuln,0
IND_02077,EAS,0.07294154633479402,Q1_LowestVuln,0
IND_02078,EUR,0.4061669980067634,Q2_LowVuln,0
IND_02079,EUR,0.4967983032648734,Q2_LowVuln,0
IND_02080,AFR,0.4691284034196013,Q2_LowVuln,0
IND_02081,AFR,0.8323099582382631,Q4_HighestVuln,1
IND_02082,AFR,0.28037414115716064,Q2_LowVuln,0
IND_02083,EAS,0.41371564485520346,Q2_LowVuln,0
IND_02084,AMR,0.452558357083541,Q2_LowVuln,0
IND_02085,EAS,0.8417451485754932,Q4_HighestVuln,1
IND_02086,SAS,0.31396105164576865,Q2_LowVuln,0
IND_02087,SAS,0.5563085964701885,Q3_MedVuln,0
IND_02088,EAS,0.4260693057833082,Q2_LowVuln,0
IND_02089,SAS,0.2426921893703945,Q1_LowestVuln,0
IND_02090,EUR,0.34324596348586817,Q2_LowVuln,0
IND_02091,EUR,0.3207073101229724,Q2_LowVuln,0
IND_02092,AFR,0.6541662136520715,Q3_MedVuln,0
IND_02093,SAS,0.287299652807013,Q2_LowVuln,0
IND_02094,SAS,0.7371052571480555,Q3_MedVuln,0
IND_02095,AFR,0.914293101501495,Q4_HighestVuln,1
IND_02096,AFR,0.6543997469724775,Q3_MedVuln,0
IND_02097,EUR,0.5897360146063367,Q3_MedVuln,0
IND_02098,EUR,0.5857821063910752,Q3_MedVuln,0
IND_02099,AMR,0.473270801743088,Q2_LowVuln,0
IND_02100,SAS,0.7302107171387244,Q3_MedVuln,0
IND_02101,EAS,0.4959252302827434,Q2_LowVuln,0
IND_02102,EUR,0.5400025070375098,Q3_MedVuln,0
IND_02103,AFR,0.6257435369956844,Q3_MedVuln,0
IND_02104,EAS,0.6352953928843283,Q3_MedVuln,0
IND_02105,EAS,0.6587448367305341,Q3_MedVuln,0
IND_02106,EUR,0.4647098097093308,Q2_LowVuln,0
IND_02107,AMR,0.4441026768248408,Q2_LowVuln,0
IND_02108,AFR,0.6945592682169033,Q3_MedVuln,0
IND_02109,AFR,0.7484558947864186,Q3_MedVuln,0
IND_02110,EAS,0.5770432303072153,Q3_MedVuln,0
IND_02111,SAS,0.38128708420545054,Q2_LowVuln,0
IND_02112,EAS,0.189714242373818,Q1_LowestVuln,0
IND_02113,AMR,0.34898678925497434,Q2_LowVuln,0
IND_02114,EAS,0.34732703267096665,Q2_LowVuln,0
IND_02115,AFR,0.7008381847885098,Q3_MedVuln,0
IND_02116,SAS,0.12437740163134861,Q1_LowestVuln,0
IND_02117,AMR,0.4303372244280742,Q2_LowVuln,0
IND_02118,SAS,0.8146201627994384,Q4_HighestVuln,1
IND_02119,EAS,0.3487350750594333,Q2_LowVuln,0
IND_02120,AFR,0.5998598328400938,Q3_MedVuln,0
IND_02121,AMR,0.7685468889454004,Q4_HighestVuln,1
IND_02122,EAS,0.6937376638213768,Q3_MedVuln,0
IND_02123,AFR,0.4947061081308044,Q2_LowVuln,0
IND_02124,AFR,0.47319937493862646,Q2_LowVuln,0
IND_02125,SAS,0.4263978340697791,Q2_LowVuln,0
IND_02126,AMR,0.6437220235573381,Q3_MedVuln,0
IND_02127,AMR,0.7194913911192127,Q3_MedVuln,0
IND_02128,EUR,0.6647064218235509,Q3_MedVuln,0
IND_02129,AFR,0.842940008172634,Q4_HighestVuln,1
IND_02130,EUR,0.1598691418536696,Q1_LowestVuln,0
IND_02131,AMR,0.3401636693913873,Q2_LowVuln,0
IND_02132,EAS,0.4814830855310145,Q2_LowVuln,0
IND_02133,AFR,0.4260630092354054,Q2_LowVuln,0
IND_02134,EAS,0.391602767965316,Q2_LowVuln,0
IND_02135,AMR,0.7703899355747191,Q4_HighestVuln,1
IND_02136,AMR,0.7629345665035099,Q4_HighestVuln,1
IND_02137,EAS,0.7163665589159596,Q3_MedVuln,0
IND_02138,EAS,0.3637771054542416,Q2_LowVuln,0
IND_02139,SAS,0.1364728271564953,Q1_LowestVuln,0
IND_02140,SAS,0.5747813967344138,Q3_MedVuln,0
IND_02141,SAS,0.344584521438479,Q2_LowVuln,0
IND_02142,AMR,0.739566648472222,Q3_MedVuln,0
IND_02143,EAS,0.2371712957936138,Q1_LowestVuln,0
IND_02144,EUR,0.5644337871665871,Q3_MedVuln,0
IND_02145,EAS,0.4182311263068996,Q2_LowVuln,0
IND_02146,AMR,0.7714071602984739,Q4_HighestVuln,1
IND_02147,AFR,0.7714631291574204,Q4_HighestVuln,1
IND_02148,AFR,0.4421186820909515,Q2_LowVuln,0
IND_02149,AFR,0.6627590608110734,Q3_MedVuln,0
IND_02150,EAS,0.08025445229129273,Q1_LowestVuln,0
IND_02151,SAS,0.22669701947503215,Q1_LowestVuln,0
IND_02152,SAS,0.4245237114070185,Q2_LowVuln,0
IND_02153,SAS,0.8359978765992969,Q4_HighestVuln,1
IND_02154,SAS,0.45586469453416356,Q2_LowVuln,0
IND_02155,SAS,0.4632377583150591,Q2_LowVuln,0
IND_02156,AMR,0.26617932664401084,Q2_LowVuln,0
IND_02157,SAS,0.8080569435698174,Q4_HighestVuln,1
IND_02158,AFR,0.516608284524603,Q3_MedVuln,0
IND_02159,AFR,0.41537919526426836,Q2_LowVuln,0
IND_02160,AFR,0.6662767132632902,Q3_MedVuln,0
IND_02161,AFR,0.7137196182670821,Q3_MedVuln,0
IND_02162,SAS,0.05794631802955857,Q1_LowestVuln,0
IND_02163,EUR,0.5103751709570924,Q3_MedVuln,0
IND_02164,EAS,0.3853911706519466,Q2_LowVuln,0
IND_02165,EUR,0.4695330542197397,Q2_LowVuln,0
IND_02166,EAS,0.6220265490296103,Q3_MedVuln,0
IND_02167,EAS,0.26029658001418843,Q2_LowVuln,0
IND_02168,EAS,0.14208227056920547,Q1_LowestVuln,0
IND_02169,AMR,0.4673220737452021,Q2_LowVuln,0
IND_02170,AFR,0.5252760834723522,Q3_MedVuln,0
IND_02171,AFR,0.7227051565086698,Q3_MedVuln,0
IND_02172,AFR,0.6851509028945472,Q3_MedVuln,0
IND_02173,EAS,0.18312841360771795,Q1_LowestVuln,0
IND_02174,EUR,0.2064992717344532,Q1_LowestVuln,0
IND_02175,EUR,0.6789618472634097,Q3_MedVuln,0
IND_02176,AMR,0.689842310976109,Q3_MedVuln,0
IND_02177,SAS,0.1303105431614664,Q1_LowestVuln,0
IND_02178,EAS,0.7782098988814282,Q4_HighestVuln,1
IND_02179,EAS,0.5404795319451915,Q3_MedVuln,0
IND_02180,AFR,0.7251602788734104,Q3_MedVuln,0
IND_02181,EAS,0.3381234526258681,Q2_LowVuln,0
IND_02182,EUR,0.2583676938881885,Q2_LowVuln,0
IND_02183,EAS,0.6125515164583479,Q3_MedVuln,0
IND_02184,SAS,0.3113794224684175,Q2_LowVuln,0
IND_02185,EUR,0.3444345365035569,Q2_LowVuln,0
IND_02186,AMR,0.7972638627536722,Q4_HighestVuln,1
IND_02187,AMR,0.4453476913301057,Q2_LowVuln,0
IND_02188,EUR,0.08576095477587718,Q1_LowestVuln,0
IND_02189,EUR,0.7730692834431497,Q4_HighestVuln,1
IND_02190,AFR,0.7129456753882114,Q3_MedVuln,0
IND_02191,AFR,0.5754342597495035,Q3_MedVuln,0
IND_02192,AFR,0.4343651806671643,Q2_LowVuln,0
IND_02193,AMR,0.5622278628989666,Q3_MedVuln,0
IND_02194,EAS,0.2766009275407922,Q2_LowVuln,0
IND_02195,EUR,0.1161193148156351,Q1_LowestVuln,0
IND_02196,SAS,0.38802999096976565,Q2_LowVuln,0
IND_02197,AFR,0.7565140531592247,Q4_HighestVuln,1
IND_02198,SAS,0.3178068716835517,Q2_LowVuln,0
IND_02199,EAS,0.5285426775840997,Q3_MedVuln,0
IND_02200,EUR,0.7321947692480064,Q3_MedVuln,0
IND_02201,AMR,0.3603610988758714,Q2_LowVuln,0
IND_02202,AMR,0.5640414462418039,Q3_MedVuln,0
IND_02203,EUR,0.7918717136087492,Q4_HighestVuln,1
IND_02204,AFR,0.7651374542401899,Q4_HighestVuln,1
IND_02205,SAS,0.7630125699103527,Q4_HighestVuln,1
IND_02206,AFR,0.9761818533065623,Q4_HighestVuln,1
IND_02207,AMR,0.5832594315294002,Q3_MedVuln,0
IND_02208,AMR,0.43231298806682444,Q2_LowVuln,0
IND_02209,AMR,0.6856389147970513,Q3_MedVuln,0
IND_02210,SAS,0.5871774350037035,Q3_MedVuln,0
IND_02211,AMR,0.669981150743793,Q3_MedVuln,0
IND_02212,AMR,0.8726244916868582,Q4_HighestVuln,1
IND_02213,SAS,0.4266526400422682,Q2_LowVuln,0
IND_02214,AFR,0.5187584290105629,Q3_MedVuln,0
IND_02215,AFR,0.7178973775198235,Q3_MedVuln,0
IND_02216,EAS,0.4291397921107592,Q2_LowVuln,0
IND_02217,AMR,0.7379363949406825,Q3_MedVuln,0
IND_02218,AFR,0.25101165008692944,Q2_LowVuln,0
IND_02219,EUR,0.70328958179382,Q3_MedVuln,0
IND_02220,EUR,0.6623595005950039,Q3_MedVuln,0
IND_02221,SAS,0.6885618013570202,Q3_MedVuln,0
IND_02222,SAS,0.5849894557307117,Q3_MedVuln,0
IND_02223,AFR,0.3326880683390535,Q2_LowVuln,0
IND_02224,SAS,0.8908574983047132,Q4_HighestVuln,1
IND_02225,EAS,0.5714378798040582,Q3_MedVuln,0
IND_02226,AMR,0.3349593976025661,Q2_LowVuln,0
IND_02227,EAS,0.19954367029499911,Q1_LowestVuln,0
IND_02228,SAS,0.2797311126239921,Q2_LowVuln,0
IND_02229,AFR,0.8254482255993518,Q4_HighestVuln,1
IND_02230,EAS,0.605361555199327,Q3_MedVuln,0
IND_02231,EAS,0.35198188071749836,Q2_LowVuln,0
IND_02232,EUR,0.45654770667589284,Q2_LowVuln,0
IND_02233,EAS,0.1532870907085255,Q1_LowestVuln,0
IND_02234,AFR,0.48456493872849454,Q2_LowVuln,0
IND_02235,SAS,0.6841150794469482,Q3_MedVuln,0
IND_02236,AFR,0.7677290062392321,Q4_HighestVuln,1
IND_02237,SAS,0.7864687741826707,Q4_HighestVuln,1
IND_02238,SAS,0.49761160093947515,Q2_LowVuln,0
IND_02239,AFR,0.6312461444993267,Q3_MedVuln,0
IND_02240,AMR,0.6794614046114223,Q3_MedVuln,0
IND_02241,AFR,0.6820153885872924,Q3_MedVuln,0
IND_02242,EAS,0.5322055743345071,Q3_MedVuln,0
IND_02243,SAS,0.22749377727121003,Q1_LowestVuln,0
IND_02244,EAS,0.5116152471704226,Q3_MedVuln,0
IND_02245,EAS,0.4493351608114515,Q2_LowVuln,0
IND_02246,EAS,0.11220612562590473,Q1_LowestVuln,0
IND_02247,AMR,0.867021676859869,Q4_HighestVuln,1
IND_02248,AMR,0.5005913551882745,Q3_MedVuln,0
IND_02249,AFR,0.8983247586075311,Q4_HighestVuln,1
IND_02250,SAS,0.7035160672672431,Q3_MedVuln,0
IND_02251,SAS,0.6778194583318691,Q3_MedVuln,0
IND_02252,SAS,0.3534665985171471,Q2_LowVuln,0
IND_02253,EUR,0.3030924469042984,Q2_LowVuln,0
IND_02254,EAS,0.1809041219716771,Q1_LowestVuln,0
IND_02255,EAS,0.10151764746306138,Q1_LowestVuln,0
IND_02256,EUR,0.5582143238312153,Q3_MedVuln,0
IND_02257,SAS,0.7680417905922651,Q4_HighestVuln,1
IND_02258,SAS,0.2146251225934402,Q1_LowestVuln,0
IND_02259,AMR,0.3525827408048302,Q2_LowVuln,0
IND_02260,EAS,0.21491550692038966,Q1_LowestVuln,0
IND_02261,EAS,0.468756200717131,Q2_LowVuln,0
IND_02262,EAS,0.6646228217153085,Q3_MedVuln,0
IND_02263,AMR,0.7712916001108417,Q4_HighestVuln,1
IND_02264,AFR,0.8367858045363641,Q4_HighestVuln,1
IND_02265,AFR,0.6720499711796718,Q3_MedVuln,0
IND_02266,EAS,0.35621994586666533,Q2_LowVuln,0
IND_02267,SAS,0.125325444483399,Q1_LowestVuln,0
IND_02268,EAS,0.392993325794004,Q2_LowVuln,0
IND_02269,EAS,0.37608146028361994,Q2_LowVuln,0
IND_02270,EAS,0.35041914547814046,Q2_LowVuln,0
IND_02271,EUR,0.4856947789171972,Q2_LowVuln,0
IND_02272,AFR,0.5584320334705255,Q3_MedVuln,0
IND_02273,EAS,0.25017171534154425,Q2_LowVuln,0
IND_02274,EUR,0.7364404832981727,Q3_MedVuln,0
IND_02275,EUR,0.05620451265831088,Q1_LowestVuln,0
IND_02276,SAS,0.780333881836686,Q4_HighestVuln,1
IND_02277,AFR,0.745580475191832,Q3_MedVuln,0
IND_02278,EUR,0.24023953411006357,Q1_LowestVuln,0
IND_02279,AMR,0.7069693927809472,Q3_MedVuln,0
IND_02280,SAS,0.9410033175657153,Q4_HighestVuln,1
IND_02281,AFR,0.6015871107794333,Q3_MedVuln,0
IND_02282,EAS,0.07828074649904314,Q1_LowestVuln,0
IND_02283,AFR,0.6236662849076189,Q3_MedVuln,0
IND_02284,AFR,0.4515373286397425,Q2_LowVuln,0
IND_02285,EUR,0.5442084531700682,Q3_MedVuln,0
IND_02286,EAS,0.19986096036039835,Q1_LowestVuln,0
IND_02287,EAS,0.1892538367935912,Q1_LowestVuln,0
IND_02288,AMR,0.3241091775379986,Q2_LowVuln,0
IND_02289,EAS,0.25704039900253056,Q2_LowVuln,0
IND_02290,EAS,0.4381681142870534,Q2_LowVuln,0
IND_02291,EUR,0.611172863464469,Q3_MedVuln,0
IND_02292,EAS,0.45644349022603264,Q2_LowVuln,0
IND_02293,AFR,0.5059554857274047,Q3_MedVuln,0
IND_02294,EAS,0.6222500616130474,Q3_MedVuln,0
IND_02295,EAS,0.28482674648866674,Q2_LowVuln,0
IND_02296,EAS,0.15362605070271734,Q1_LowestVuln,0
IND_02297,AFR,0.7465284844690357,Q3_MedVuln,0
IND_02298,AMR,0.5156377164102404,Q3_MedVuln,0
IND_02299,AMR,0.67107992543639,Q3_MedVuln,0
IND_02300,SAS,0.08205605318079995,Q1_LowestVuln,0
IND_02301,EAS,0.2772810938237061,Q2_LowVuln,0
IND_02302,EUR,0.5921709947419087,Q3_MedVuln,0
IND_02303,SAS,0.7151704082202412,Q3_MedVuln,0
IND_02304,EAS,0.26144891816836674,Q2_LowVuln,0
IND_02305,EUR,0.7373728269051834,Q3_MedVuln,0
IND_02306,EUR,0.7774439521876229,Q4_HighestVuln,1
IND_02307,AFR,0.7781688169321005,Q4_HighestVuln,1
IND_02308,EUR,0.24137185542076103,Q1_LowestVuln,0
IND_02309,AFR,0.44686266629045096,Q2_LowVuln,0
IND_02310,EUR,0.33364169461222365,Q2_LowVuln,0
IND_02311,AMR,0.35928927000040145,Q2_LowVuln,0
IND_02312,AFR,0.3792108522267689,Q2_LowVuln,0
IND_02313,AMR,0.7452496630205389,Q3_MedVuln,0
IND_02314,EUR,0.23359046743228803,Q1_LowestVuln,0
IND_02315,AMR,0.6477625166926336,Q3_MedVuln,0
IND_02316,AMR,0.8624227077189394,Q4_HighestVuln,1
IND_02317,AFR,0.5628391224718419,Q3_MedVuln,0
IND_02318,EUR,0.3470247807912807,Q2_LowVuln,0
IND_02319,SAS,0.48237218259685477,Q2_LowVuln,0
IND_02320,AFR,0.7042276740462815,Q3_MedVuln,0
IND_02321,AFR,0.6792577986211242,Q3_MedVuln,0
IND_02322,EAS,0.20387872936100102,Q1_LowestVuln,0
IND_02323,SAS,0.8590734594014791,Q4_HighestVuln,1
IND_02324,AMR,0.7091580481259387,Q3_MedVuln,0
IND_02325,EAS,0.48600791526553877,Q2_LowVuln,0
IND_02326,SAS,0.7352532591104091,Q3_MedVuln,0
IND_02327,AMR,0.9442400711455569,Q4_HighestVuln,1
IND_02328,AMR,0.22444282438881116,Q1_LowestVuln,0
IND_02329,EAS,0.34186491495932125,Q2_LowVuln,0
IND_02330,SAS,0.4810492292298917,Q2_LowVuln,0
IND_02331,SAS,0.5445766912199893,Q3_MedVuln,0
IND_02332,AFR,0.5308549576160468,Q3_MedVuln,0
IND_02333,AMR,0.9139352164173753,Q4_HighestVuln,1
IND_02334,AFR,0.557458414688807,Q3_MedVuln,0
IND_02335,AMR,0.886611076326453,Q4_HighestVuln,1
IND_02336,EAS,0.052050333265700126,Q1_LowestVuln,0
IND_02337,AFR,0.5366354115060601,Q3_MedVuln,0
IND_02338,AFR,0.7279701023188726,Q3_MedVuln,0
IND_02339,AFR,0.5388016237652172,Q3_MedVuln,0
IND_02340,SAS,0.2611613219201803,Q2_LowVuln,0
IND_02341,AFR,0.7402885950404196,Q3_MedVuln,0
IND_02342,AFR,0.4134432046156907,Q2_LowVuln,0
IND_02343,EUR,0.8563530910207099,Q4_HighestVuln,1
IND_02344,SAS,0.8202909462741631,Q4_HighestVuln,1
IND_02345,AFR,0.5101880599267231,Q3_MedVuln,0
IND_02346,EAS,0.6224795108667461,Q3_MedVuln,0
IND_02347,AFR,0.4581830604945184,Q2_LowVuln,0
IND_02348,EAS,0.8800038588708523,Q4_HighestVuln,1
IND_02349,AFR,0.4223123915279944,Q2_LowVuln,0
IND_02350,AMR,0.6830357847802205,Q3_MedVuln,0
IND_02351,SAS,0.5405620757667702,Q3_MedVuln,0
IND_02352,EAS,0.44917112773432394,Q2_LowVuln,0
IND_02353,SAS,0.39411109040390613,Q2_LowVuln,0
IND_02354,SAS,0.2707255843693494,Q2_LowVuln,0
IND_02355,SAS,0.3398612153914342,Q2_LowVuln,0
IND_02356,AMR,0.2734804238788653,Q2_LowVuln,0
IND_02357,EUR,0.629298813200217,Q3_MedVuln,0
IND_02358,EUR,0.8499716929469535,Q4_HighestVuln,1
IND_02359,AFR,0.675580707272039,Q3_MedVuln,0
IND_02360,SAS,0.6946359574003707,Q3_MedVuln,0
IND_02361,AFR,0.8139492047648639,Q4_HighestVuln,1
IND_02362,SAS,0.6056440848058391,Q3_MedVuln,0
IND_02363,EAS,0.3986178625926775,Q2_LowVuln,0
IND_02364,EUR,0.3704181038585723,Q2_LowVuln,0
IND_02365,EAS,0.21828320803834733,Q1_LowestVuln,0
IND_02366,SAS,0.3704446803633608,Q2_LowVuln,0
IND_02367,EAS,0.11028154837545649,Q1_LowestVuln,0
IND_02368,AMR,0.9635566020097236,Q4_HighestVuln,1
IND_02369,AFR,0.8027408393356739,Q4_HighestVuln,1
IND_02370,EAS,0.19426506758207823,Q1_LowestVuln,0
IND_02371,EAS,0.5674639428687573,Q3_MedVuln,0
IND_02372,EUR,0.39607574710446863,Q2_LowVuln,0
IND_02373,EUR,0.08925001443147253,Q1_LowestVuln,0
IND_02374,EUR,0.5385781934173299,Q3_MedVuln,0
IND_02375,EAS,0.5932141266041039,Q3_MedVuln,0
IND_02376,EAS,0.3361200935756245,Q2_LowVuln,0
IND_02377,AFR,0.630564118777662,Q3_MedVuln,0
IND_02378,EUR,0.7522524215453222,Q4_HighestVuln,1
IND_02379,AFR,0.4596017553037778,Q2_LowVuln,0
IND_02380,AFR,0.8678590361637445,Q4_HighestVuln,1
IND_02381,AMR,0.6684374163855742,Q3_MedVuln,0
IND_02382,SAS,0.6267966994181807,Q3_MedVuln,0
IND_02383,AFR,0.34950861312378323,Q2_LowVuln,0
IND_02384,AFR,0.8581726313002815,Q4_HighestVuln,1
IND_02385,AFR,0.9373664655203551,Q4_HighestVuln,1
IND_02386,EAS,0.34605631198065673,Q2_LowVuln,0
IND_02387,AFR,0.4585827243865272,Q2_LowVuln,0
IND_02388,AMR,0.7651455892801683,Q4_HighestVuln,1
IND_02389,SAS,0.769390777622717,Q4_HighestVuln,1
IND_02390,AFR,0.5292877439973646,Q3_MedVuln,0
IND_02391,AMR,0.8411203286046938,Q4_HighestVuln,1
IND_02392,EUR,0.41519076006915645,Q2_LowVuln,0
IND_02393,AMR,0.9598776864914688,Q4_HighestVuln,1
IND_02394,SAS,0.6004719613569229,Q3_MedVuln,0
IND_02395,SAS,0.7863711181441135,Q4_HighestVuln,1
IND_02396,EAS,0.23247068577192778,Q1_LowestVuln,0
IND_02397,EAS,0.4201826146201485,Q2_LowVuln,0
IND_02398,AFR,0.2454006949534662,Q1_LowestVuln,0
IND_02399,AFR,0.4436785037447697,Q2_LowVuln,0
IND_02400,EAS,0.12977371149993588,Q1_LowestVuln,0
IND_02401,AFR,0.8709184229373974,Q4_HighestVuln,1
IND_02402,AMR,0.7264897527116783,Q3_MedVuln,0
IND_02403,EAS,0.5772823123039774,Q3_MedVuln,0
IND_02404,EAS,0.03572380315834187,Q1_LowestVuln,0
IND_02405,EUR,0.17066606840563892,Q1_LowestVuln,0
IND_02406,EAS,0.3892148401067448,Q2_LowVuln,0
IND_02407,AFR,0.4521582235502928,Q2_LowVuln,0
IND_02408,EUR,0.48104525008703597,Q2_LowVuln,0
IND_02409,EUR,0.5782717111419201,Q3_MedVuln,0
IND_02410,AFR,0.4524188800218832,Q2_LowVuln,0
IND_02411,AFR,0.9565202807892014,Q4_HighestVuln,1
IND_02412,SAS,0.33078833790943507,Q2_LowVuln,0
IND_02413,EAS,0.43672891285345433,Q2_LowVuln,0
IND_02414,EUR,0.1608753532580509,Q1_LowestVuln,0
IND_02415,SAS,0.392037528945782,Q2_LowVuln,0
IND_02416,EUR,0.4775171128000329,Q2_LowVuln,0
IND_02417,AFR,0.8090552770288414,Q4_HighestVuln,1
IND_02418,AMR,0.6492111154034589,Q3_MedVuln,0
IND_02419,AMR,0.39886997684533865,Q2_LowVuln,0
IND_02420,AFR,0.8517468815494518,Q4_HighestVuln,1
IND_02421,AFR,0.8976642515961675,Q4_HighestVuln,1
IND_02422,EAS,0.23995865249600365,Q1_LowestVuln,0
IND_02423,SAS,0.644097835092989,Q3_MedVuln,0
IND_02424,EAS,0.6014677322187799,Q3_MedVuln,0
IND_02425,EUR,0.2778322397081343,Q2_LowVuln,0
IND_02426,AFR,0.5778770713014614,Q3_MedVuln,0
IND_02427,EUR,0.5051177621994575,Q3_MedVuln,0
IND_02428,EAS,0.5815220968212892,Q3_MedVuln,0
IND_02429,EAS,0.6561629606787319,Q3_MedVuln,0
IND_02430,AFR,0.91713784936142,Q4_HighestVuln,1
IND_02431,SAS,0.22406083376374475,Q1_LowestVuln,0
IND_02432,AMR,0.6399131253834497,Q3_MedVuln,0
IND_02433,AFR,0.6184215781982265,Q3_MedVuln,0
IND_02434,EAS,0.30817127302856634,Q2_LowVuln,0
IND_02435,AMR,0.7279768974647791,Q3_MedVuln,0
IND_02436,AFR,0.7640742874467453,Q4_HighestVuln,1
IND_02437,SAS,0.7993896526004818,Q4_HighestVuln,1
IND_02438,EUR,0.29802737340458485,Q2_LowVuln,0
IND_02439,EAS,0.480619699662863,Q2_LowVuln,0
IND_02440,EUR,0.5383591054071125,Q3_MedVuln,0
IND_02441,AFR,0.7366079061275039,Q3_MedVuln,0
IND_02442,EUR,0.17017063194011506,Q1_LowestVuln,0
IND_02443,AMR,0.6486885359304052,Q3_MedVuln,0
IND_02444,AMR,0.5611549075493579,Q3_MedVuln,0
IND_02445,SAS,0.46836202107928926,Q2_LowVuln,0
IND_02446,AFR,0.6179787297075471,Q3_MedVuln,0
IND_02447,EUR,0.3396723697013427,Q2_LowVuln,0
IND_02448,EUR,0.24673492987628268,Q1_LowestVuln,0
IND_02449,EAS,0.21465504955571002,Q1_LowestVuln,0
IND_02450,SAS,0.7784473344697659,Q4_HighestVuln,1
IND_02451,SAS,0.9297887680828926,Q4_HighestVuln,1
IND_02452,AMR,0.6445815740500732,Q3_MedVuln,0
IND_02453,AFR,0.5546472884841894,Q3_MedVuln,0
IND_02454,EAS,0.42138658657398526,Q2_LowVuln,0
IND_02455,EAS,0.3103769400737167,Q2_LowVuln,0
IND_02456,EUR,0.3557191262523733,Q2_LowVuln,0
IND_02457,AFR,0.5709554455471992,Q3_MedVuln,0
IND_02458,AFR,0.8456553595981873,Q4_HighestVuln,1
IND_02459,AFR,0.5421436118007337,Q3_MedVuln,0
IND_02460,EAS,0.055082937805071376,Q1_LowestVuln,0
IND_02461,AMR,0.9327168674978262,Q4_HighestVuln,1
IND_02462,EUR,0.23221739795470125,Q1_LowestVuln,0
IND_02463,AFR,0.47902632023723113,Q2_LowVuln,0
IND_02464,EAS,0.4232005040909352,Q2_LowVuln,0
IND_02465,AMR,0.10579697099838328,Q1_LowestVuln,0
IND_02466,EUR,0.3643824513129141,Q2_LowVuln,0
IND_02467,AFR,0.198097099709523,Q1_LowestVuln,0
IND_02468,EAS,0.23303980845038913,Q1_LowestVuln,0
IND_02469,EUR,0.4276650676622148,Q2_LowVuln,0
IND_02470,EAS,0.3997060895571055,Q2_LowVuln,0
IND_02471,AFR,0.8531255207376375,Q4_HighestVuln,1
IND_02472,EUR,0.304758569121161,Q2_LowVuln,0
IND_02473,AFR,0.8010318414801068,Q4_HighestVuln,1
IND_02474,EAS,0.5368605473142932,Q3_MedVuln,0
IND_02475,AFR,0.7008333588552255,Q3_MedVuln,0
IND_02476,SAS,0.5206220621015558,Q3_MedVuln,0
IND_02477,AFR,0.605482653939366,Q3_MedVuln,0
IND_02478,AFR,0.1645380386293428,Q1_LowestVuln,0
IND_02479,AMR,0.33780343887279224,Q2_LowVuln,0
IND_02480,EUR,0.3302119996267034,Q2_LowVuln,0
IND_02481,AMR,0.7424036118837867,Q3_MedVuln,0
IND_02482,AMR,0.5016259888951934,Q3_MedVuln,0
IND_02483,EUR,0.7576024656114713,Q4_HighestVuln,1
IND_02484,SAS,0.2220870873850308,Q1_LowestVuln,0
IND_02485,AMR,0.4161615860141444,Q2_LowVuln,0
IND_02486,AFR,0.614692700724201,Q3_MedVuln,0
IND_02487,EUR,0.3071312999984441,Q2_LowVuln,0
IND_02488,AFR,0.3314344291754305,Q2_LowVuln,0
IND_02489,EUR,0.27723823393170444,Q2_LowVuln,0
IND_02490,AFR,0.7692478205859383,Q4_HighestVuln,1
IND_02491,AMR,0.6603554523363158,Q3_MedVuln,0
IND_02492,AFR,0.4366077375296972,Q2_LowVuln,0
IND_02493,EUR,0.64987037643564,Q3_MedVuln,0
IND_02494,AFR,0.7635659590756699,Q4_HighestVuln,1
IND_02495,AMR,0.2510657110652716,Q2_LowVuln,0
IND_02496,EUR,0.40332122066736964,Q2_LowVuln,0
IND_02497,AFR,0.699896428140963,Q3_MedVuln,0
IND_02498,EAS,0.6373527296115487,Q3_MedVuln,0
IND_02499,EUR,0.37608645759736525,Q2_LowVuln,0
IND_02500,AMR,0.8274056329545513,Q4_HighestVuln,1
IND_02501,AFR,0.7218283185029106,Q3_MedVuln,0
IND_02502,EAS,0.43955633165068286,Q2_LowVuln,0
IND_02503,SAS,0.7212049549312421,Q3_MedVuln,0
IND_02504,AFR,0.6832120544149336,Q3_MedVuln,0
IND_02505,AMR,0.5994955896060022,Q3_MedVuln,0
IND_02506,SAS,0.45267342842700514,Q2_LowVuln,0
IND_02507,EUR,0.1659867154984793,Q1_LowestVuln,0
IND_02508,SAS,0.22469500703714174,Q1_LowestVuln,0
IND_02509,EUR,0.30906860993518376,Q2_LowVuln,0
IND_02510,EAS,0.8022369026803245,Q4_HighestVuln,1
IND_02511,SAS,0.3237008091297439,Q2_LowVuln,0
IND_02512,AFR,0.8109560687197042,Q4_HighestVuln,1
IND_02513,EUR,0.33315299674293614,Q2_LowVuln,0
IND_02514,EUR,0.23545785016660623,Q1_LowestVuln,0
IND_02515,EAS,0.09964598974209178,Q1_LowestVuln,0
IND_02516,EAS,0.22768189142203898,Q1_LowestVuln,0
IND_02517,SAS,0.4007471189310241,Q2_LowVuln,0
IND_02518,AFR,0.7423445696685276,Q3_MedVuln,0
IND_02519,EAS,0.5791246320753816,Q3_MedVuln,0
IND_02520,SAS,0.3228198593925909,Q2_LowVuln,0
IND_02521,AFR,0.6926993205748371,Q3_MedVuln,0
IND_02522,EAS,0.08372382889052923,Q1_LowestVuln,0
IND_02523,EAS,0.6085710843294853,Q3_MedVuln,0
IND_02524,EAS,0.24415118893347473,Q1_LowestVuln,0
IND_02525,SAS,0.39936616551342663,Q2_LowVuln,0
IND_02526,AFR,0.6503478921048208,Q3_MedVuln,0
IND_02527,AFR,0.7436929942627089,Q3_MedVuln,0
IND_02528,AMR,0.08993544907081662,Q1_LowestVuln,0
IND_02529,EAS,0.66462613524265,Q3_MedVuln,0
IND_02530,AMR,0.5068610698429026,Q3_MedVuln,0
IND_02531,SAS,0.20016823190800848,Q1_LowestVuln,0
IND_02532,AFR,0.8128688487790365,Q4_HighestVuln,1
IND_02533,AFR,0.6035062853779438,Q3_MedVuln,0
IND_02534,AMR,0.6282274559709918,Q3_MedVuln,0
IND_02535,EAS,0.3568311807804381,Q2_LowVuln,0
IND_02536,AFR,0.702340268831246,Q3_MedVuln,0
IND_02537,AFR,0.3594181641235976,Q2_LowVuln,0
IND_02538,EAS,0.18621206375666488,Q1_LowestVuln,0
IND_02539,SAS,0.27888455405789747,Q2_LowVuln,0
IND_02540,SAS,0.2979259677078662,Q2_LowVuln,0
IND_02541,AFR,0.36882995028088245,Q2_LowVuln,0
IND_02542,AFR,0.8338275444924715,Q4_HighestVuln,1
IND_02543,AFR,0.3619899164061912,Q2_LowVuln,0
IND_02544,AFR,0.7141506965662238,Q3_MedVuln,0
IND_02545,EAS,0.18000867388924605,Q1_LowestVuln,0
IND_02546,AFR,0.7208201655107993,Q3_MedVuln,0
IND_02547,AMR,0.8984928066622618,Q4_HighestVuln,1
IND_02548,AFR,0.570870803348116,Q3_MedVuln,0
IND_02549,EAS,0.27924149757749905,Q2_LowVuln,0
IND_02550,AFR,0.47954653617095155,Q2_LowVuln,0
IND_02551,AFR,0.7337983125954325,Q3_MedVuln,0
IND_02552,EUR,0.578971249372908,Q3_MedVuln,0
IND_02553,SAS,0.5735924124761724,Q3_MedVuln,0
IND_02554,AMR,0.6185136404053942,Q3_MedVuln,0
IND_02555,EAS,0.34376572276085676,Q2_LowVuln,0
IND_02556,AMR,0.2164753459557805,Q1_LowestVuln,0
IND_02557,SAS,0.41555364797532324,Q2_LowVuln,0
IND_02558,AFR,0.7507305726347412,Q4_HighestVuln,1
IND_02559,EAS,0.3486645055367306,Q2_LowVuln,0
IND_02560,EUR,0.24652759514179942,Q1_LowestVuln,0
IND_02561,EAS,0.4883466731606946,Q2_LowVuln,0
IND_02562,AFR,0.49723803424235213,Q2_LowVuln,0
IND_02563,EUR,0.607336065367041,Q3_MedVuln,0
IND_02564,AMR,0.41179813051228187,Q2_LowVuln,0
IND_02565,EAS,0.32268515566768213,Q2_LowVuln,0
IND_02566,SAS,0.10788232278126221,Q1_LowestVuln,0
IND_02567,EAS,0.28330960092843643,Q2_LowVuln,0
IND_02568,EUR,0.3351440070089083,Q2_LowVuln,0
IND_02569,AMR,0.4242191855983103,Q2_LowVuln,0
IND_02570,AFR,0.6317335684323786,Q3_MedVuln,0
IND_02571,AMR,0.8532605903008502,Q4_HighestVuln,1
IND_02572,EAS,0.3594930242652417,Q2_LowVuln,0
IND_02573,AFR,0.7145362687631431,Q3_MedVuln,0
IND_02574,SAS,0.2759549405951164,Q2_LowVuln,0
IND_02575,SAS,0.5526309544894563,Q3_MedVuln,0
IND_02576,AMR,0.3311063203545725,Q2_LowVuln,0
IND_02577,AMR,0.5858525843247282,Q3_MedVuln,0
IND_02578,SAS,0.685981279744724,Q3_MedVuln,0
IND_02579,EAS,0.14945295353415675,Q1_LowestVuln,0
IND_02580,AMR,0.6925951276084501,Q3_MedVuln,0
IND_02581,EUR,0.1437339438019718,Q1_LowestVuln,0
IND_02582,AMR,0.5388640126343454,Q3_MedVuln,0
IND_02583,EAS,0.43160958756384826,Q2_LowVuln,0
IND_02584,EAS,0.6286882128195894,Q3_MedVuln,0
IND_02585,EAS,0.04257236987751376,Q1_LowestVuln,0
IND_02586,AFR,0.7879408781047481,Q4_HighestVuln,1
IND_02587,EAS,0.5510267327310288,Q3_MedVuln,0
IND_02588,AFR,0.6656721653615015,Q3_MedVuln,0
IND_02589,AMR,0.8240910471905261,Q4_HighestVuln,1
IND_02590,AMR,0.828661883532782,Q4_HighestVuln,1
IND_02591,AMR,0.7850840242626826,Q4_HighestVuln,1
IND_02592,AFR,0.31582915377041904,Q2_LowVuln,0
IND_02593,AMR,0.71407789069893,Q3_MedVuln,0
IND_02594,AMR,0.7772285364665344,Q4_HighestVuln,1
IND_02595,AMR,0.6743156784792698,Q3_MedVuln,0
IND_02596,SAS,0.4835285036459047,Q2_LowVuln,0
IND_02597,SAS,0.7142134119904703,Q3_MedVuln,0
IND_02598,EAS,0.26526395115537604,Q2_LowVuln,0
IND_02599,EAS,0.23756163384903298,Q1_LowestVuln,0
IND_02600,EUR,0.05220213434660911,Q1_LowestVuln,0
IND_02601,AFR,0.5870822494741806,Q3_MedVuln,0
IND_02602,EAS,0.3974287074292875,Q2_LowVuln,0
IND_02603,EAS,0.6062154333200871,Q3_MedVuln,0
IND_02604,SAS,0.6758797651130788,Q3_MedVuln,0
IND_02605,EAS,0.6858682390130685,Q3_MedVuln,0
IND_02606,EAS,0.3472128170054725,Q2_LowVuln,0
IND_02607,AMR,0.5871926062931552,Q3_MedVuln,0
IND_02608,AFR,0.39297045293447175,Q2_LowVuln,0
IND_02609,EUR,0.5656268756136341,Q3_MedVuln,0
IND_02610,AFR,0.3097060308262177,Q2_LowVuln,0
IND_02611,AFR,0.46005028982087204,Q2_LowVuln,0
IND_02612,EUR,0.634646613222403,Q3_MedVuln,0
IND_02613,EAS,0.41599335735996384,Q2_LowVuln,0
IND_02614,AFR,0.6717515749893969,Q3_MedVuln,0
IND_02615,EAS,0.0334339646058747,Q1_LowestVuln,0
IND_02616,EUR,0.502026387528595,Q3_MedVuln,0
IND_02617,AFR,0.7493250055082481,Q3_MedVuln,0
IND_02618,EUR,0.46815115828123477,Q2_LowVuln,0
IND_02619,EAS,0.6226435295596575,Q3_MedVuln,0
IND_02620,AFR,0.7617805426605344,Q4_HighestVuln,1
IND_02621,EUR,0.5152536704789795,Q3_MedVuln,0
IND_02622,AFR,0.8705430542112427,Q4_HighestVuln,1
IND_02623,SAS,0.7452219039482983,Q3_MedVuln,0
IND_02624,EAS,0.5349725210919836,Q3_MedVuln,0
IND_02625,AMR,0.6218993559065082,Q3_MedVuln,0
IND_02626,AMR,0.8634708328389439,Q4_HighestVuln,1
IND_02627,SAS,0.9583685255762798,Q4_HighestVuln,1
IND_02628,SAS,0.46429500856531625,Q2_LowVuln,0
IND_02629,EUR,0.5103419146260691,Q3_MedVuln,0
IND_02630,SAS,0.31511429559807547,Q2_LowVuln,0
IND_02631,EAS,0.09843957529239987,Q1_LowestVuln,0
IND_02632,EUR,0.5039682036784661,Q3_MedVuln,0
IND_02633,SAS,0.5953145013085281,Q3_MedVuln,0
IND_02634,SAS,0.8097822591803584,Q4_HighestVuln,1
IND_02635,SAS,0.6033309001508049,Q3_MedVuln,0
IND_02636,AFR,0.7174297884017335,Q3_MedVuln,0
IND_02637,AMR,0.1440340847514371,Q1_LowestVuln,0
IND_02638,SAS,0.7387761939842111,Q3_MedVuln,0
IND_02639,SAS,0.6216691216167661,Q3_MedVuln,0
IND_02640,AFR,0.6105255098291316,Q3_MedVuln,0
IND_02641,EUR,0.5117836305444692,Q3_MedVuln,0
IND_02642,EUR,0.4265978990069382,Q2_LowVuln,0
IND_02643,AMR,0.44048032377683777,Q2_LowVuln,0
IND_02644,EUR,0.24435787134591969,Q1_LowestVuln,0
IND_02645,AMR,0.27475105250593734,Q2_LowVuln,0
IND_02646,AFR,0.7615155369723997,Q4_HighestVuln,1
IND_02647,EUR,0.38144819817758663,Q2_LowVuln,0
IND_02648,SAS,0.27934180567691236,Q2_LowVuln,0
IND_02649,AFR,0.9106287821407252,Q4_HighestVuln,1
IND_02650,EUR,0.4934034868963195,Q2_LowVuln,0
IND_02651,EAS,0.42301372683566935,Q2_LowVuln,0
IND_02652,EAS,0.4319841542605128,Q2_LowVuln,0
IND_02653,EUR,0.5707833779854222,Q3_MedVuln,0
IND_02654,AFR,0.3746904270244659,Q2_LowVuln,0
IND_02655,AFR,0.5773189692142301,Q3_MedVuln,0
IND_02656,EUR,0.2271513339710519,Q1_LowestVuln,0
IND_02657,EAS,0.5638753488677329,Q3_MedVuln,0
IND_02658,SAS,0.7409483937848106,Q3_MedVuln,0
IND_02659,EUR,0.47093268122259657,Q2_LowVuln,0
IND_02660,AFR,0.49962922054852055,Q2_LowVuln,0
IND_02661,SAS,0.5967130963917163,Q3_MedVuln,0
IND_02662,SAS,0.7308414631783018,Q3_MedVuln,0
IND_02663,SAS,0.4161974504563709,Q2_LowVuln,0
IND_02664,SAS,0.24249818997660347,Q1_LowestVuln,0
IND_02665,AFR,0.7952149156260455,Q4_HighestVuln,1
IND_02666,AFR,0.6723743517922117,Q3_MedVuln,0
IND_02667,AFR,0.5501664925773508,Q3_MedVuln,0
IND_02668,EAS,0.16439791182324093,Q1_LowestVuln,0
IND_02669,SAS,0.5307131400417496,Q3_MedVuln,0
IND_02670,EUR,0.154019564040855,Q1_LowestVuln,0
IND_02671,AMR,0.6946819674328681,Q3_MedVuln,0
IND_02672,AMR,0.9809170786699046,Q4_HighestVuln,1
IND_02673,EAS,0.2916652366728154,Q2_LowVuln,0
IND_02674,EUR,0.5708254900647431,Q3_MedVuln,0
IND_02675,AMR,0.8185765343471877,Q4_HighestVuln,1
IND_02676,AFR,0.5740442232784112,Q3_MedVuln,0
IND_02677,AFR,0.7639619295639917,Q4_HighestVuln,1
IND_02678,AFR,0.8864107393068367,Q4_HighestVuln,1
IND_02679,EAS,0.4151675149793917,Q2_LowVuln,0
IND_02680,SAS,0.14338919371850797,Q1_LowestVuln,0
IND_02681,AFR,0.5127777364866811,Q3_MedVuln,0
IND_02682,AFR,0.21927900701741324,Q1_LowestVuln,0
IND_02683,EAS,0.786676223188227,Q4_HighestVuln,1
IND_02684,EAS,0.5396937226594205,Q3_MedVuln,0
IND_02685,EUR,0.16365548103127228,Q1_LowestVuln,0
IND_02686,AMR,0.5229110657697945,Q3_MedVuln,0
IND_02687,EAS,0.28357083372878483,Q2_LowVuln,0
IND_02688,AFR,0.9025612816286348,Q4_HighestVuln,1
IND_02689,EUR,0.2824908289785686,Q2_LowVuln,0
IND_02690,EUR,0.36694143098278503,Q2_LowVuln,0
IND_02691,EUR,0.44045231903202603,Q2_LowVuln,0
IND_02692,SAS,0.7753252302502345,Q4_HighestVuln,1
IND_02693,EAS,0.41458922750508553,Q2_LowVuln,0
IND_02694,EUR,0.07856509932925908,Q1_LowestVuln,0
IND_02695,AFR,0.7159334439238086,Q3_MedVuln,0
IND_02696,SAS,0.5565193172616071,Q3_MedVuln,0
IND_02697,EUR,0.22845571043769836,Q1_LowestVuln,0
IND_02698,SAS,0.44795529303860343,Q2_LowVuln,0
IND_02699,EAS,0.6856147040787713,Q3_MedVuln,0
IND_02700,EUR,0.35045804437835637,Q2_LowVuln,0
IND_02701,AMR,0.8755583306215448,Q4_HighestVuln,1
IND_02702,EUR,0.6200116076779785,Q3_MedVuln,0
IND_02703,SAS,0.37793890582825507,Q2_LowVuln,0
IND_02704,EAS,0.5550402260354245,Q3_MedVuln,0
IND_02705,EUR,0.4605975039124561,Q2_LowVuln,0
IND_02706,AFR,0.6739993091347662,Q3_MedVuln,0
IND_02707,EUR,0.8552132324936331,Q4_HighestVuln,1
IND_02708,AMR,0.09799107813156806,Q1_LowestVuln,0
IND_02709,AFR,0.38100111453404034,Q2_LowVuln,0
IND_02710,AFR,0.352403238844692,Q2_LowVuln,0
IND_02711,AMR,0.424770065600554,Q2_LowVuln,0
IND_02712,SAS,0.36597701656470355,Q2_LowVuln,0
IND_02713,EUR,0.6612239076204578,Q3_MedVuln,0
IND_02714,AFR,0.17176469430893337,Q1_LowestVuln,0
IND_02715,EAS,0.7989942771435419,Q4_HighestVuln,1
IND_02716,AMR,0.9843658204935586,Q4_HighestVuln,1
IND_02717,AMR,0.8050314532719416,Q4_HighestVuln,1
IND_02718,EUR,0.4007941395077778,Q2_LowVuln,0
IND_02719,EUR,0.3433173009749776,Q2_LowVuln,0
IND_02720,EAS,0.5342442789097507,Q3_MedVuln,0
IND_02721,AFR,0.7207680015010941,Q3_MedVuln,0
IND_02722,SAS,0.6330793734897203,Q3_MedVuln,0
IND_02723,AMR,0.8926862143561635,Q4_HighestVuln,1
IND_02724,AMR,0.5057257867217058,Q3_MedVuln,0
IND_02725,SAS,0.6657050838728299,Q3_MedVuln,0
IND_02726,EAS,0.49370246380855654,Q2_LowVuln,0
IND_02727,AFR,0.631910430638884,Q3_MedVuln,0
IND_02728,AFR,0.8494148166757827,Q4_HighestVuln,1
IND_02729,SAS,0.583834359903994,Q3_MedVuln,0
IND_02730,AMR,0.6006245129324864,Q3_MedVuln,0
IND_02731,EAS,0.16582880087478674,Q1_LowestVuln,0
IND_02732,SAS,0.539145865153469,Q3_MedVuln,0
IND_02733,EUR,0.34912886429201656,Q2_LowVuln,0
IND_02734,EAS,0.19674647668326617,Q1_LowestVuln,0
IND_02735,EUR,0.659909223551163,Q3_MedVuln,0
IND_02736,EAS,0.4545473689342877,Q2_LowVuln,0
IND_02737,AFR,0.30352071457819263,Q2_LowVuln,0
IND_02738,SAS,0.6256324355161773,Q3_MedVuln,0
IND_02739,SAS,0.6529696995191637,Q3_MedVuln,0
IND_02740,EUR,0.1420850163160198,Q1_LowestVuln,0
IND_02741,EAS,0.24367555617866782,Q1_LowestVuln,0
IND_02742,EAS,0.35393444851673295,Q2_LowVuln,0
IND_02743,AFR,0.5894234758207761,Q3_MedVuln,0
IND_02744,EUR,0.6988696123164407,Q3_MedVuln,0
IND_02745,EUR,0.4696458045148145,Q2_LowVuln,0
IND_02746,AFR,0.6554578127721218,Q3_MedVuln,0
IND_02747,EUR,0.3549928729695824,Q2_LowVuln,0
IND_02748,EAS,0.4865458191449075,Q2_LowVuln,0
IND_02749,EAS,0.554378516055596,Q3_MedVuln,0
IND_02750,AFR,0.7279143816966568,Q3_MedVuln,0
IND_02751,SAS,0.14122634887086535,Q1_LowestVuln,0
IND_02752,AFR,0.8118883422017809,Q4_HighestVuln,1
IND_02753,EUR,0.13078464770718393,Q1_LowestVuln,0
IND_02754,AMR,0.5530341274636604,Q3_MedVuln,0
IND_02755,EAS,0.3578829056515875,Q2_LowVuln,0
IND_02756,SAS,0.4834658031050481,Q2_LowVuln,0
IND_02757,AFR,0.7942258315363934,Q4_HighestVuln,1
IND_02758,SAS,0.2920683196126779,Q2_LowVuln,0
IND_02759,EAS,0.5073420857571359,Q3_MedVuln,0
IND_02760,EAS,0.05183885170485765,Q1_LowestVuln,0
IND_02761,SAS,0.4502222655980982,Q2_LowVuln,0
IND_02762,AFR,0.38386963979721045,Q2_LowVuln,0
IND_02763,AFR,0.8241272872436801,Q4_HighestVuln,1
IND_02764,AMR,0.4704954599435752,Q2_LowVuln,0
IND_02765,AFR,0.6317105280772579,Q3_MedVuln,0
IND_02766,AFR,0.7612337769624736,Q4_HighestVuln,1
IND_02767,AFR,0.851980935100876,Q4_HighestVuln,1
IND_02768,SAS,0.32615962163809387,Q2_LowVuln,0
IND_02769,EUR,0.5193941912943479,Q3_MedVuln,0
IND_02770,EAS,0.5176842580948227,Q3_MedVuln,0
IND_02771,EUR,0.18036872592285855,Q1_LowestVuln,0
IND_02772,EAS,0.1865237881327088,Q1_LowestVuln,0
IND_02773,SAS,0.3276271970908598,Q2_LowVuln,0
IND_02774,EUR,0.5903412836564269,Q3_MedVuln,0
IND_02775,SAS,0.7059677063698828,Q3_MedVuln,0
IND_02776,EUR,0.8015134352802946,Q4_HighestVuln,1
IND_02777,AFR,0.4818924104802771,Q2_LowVuln,0
IND_02778,AFR,0.6521778684370154,Q3_MedVuln,0
IND_02779,AMR,0.7250392045910095,Q3_MedVuln,0
IND_02780,AFR,0.5524562444708836,Q3_MedVuln,0
IND_02781,SAS,0.337053548662704,Q2_LowVuln,0
IND_02782,EUR,0.3800583720444958,Q2_LowVuln,0
IND_02783,SAS,0.3995263928410208,Q2_LowVuln,0
IND_02784,AFR,0.8014651357467566,Q4_HighestVuln,1
IND_02785,AMR,0.5726151630760941,Q3_MedVuln,0
IND_02786,EUR,0.06717345034956922,Q1_LowestVuln,0
IND_02787,AMR,0.6664970029016908,Q3_MedVuln,0
IND_02788,SAS,0.5065164525832887,Q3_MedVuln,0
IND_02789,SAS,0.432894206453436,Q2_LowVuln,0
IND_02790,AFR,0.9760493294699517,Q4_HighestVuln,1
IND_02791,EAS,0.05837106330833601,Q1_LowestVuln,0
IND_02792,AFR,0.4941111645132284,Q2_LowVuln,0
IND_02793,EUR,0.18938454875533037,Q1_LowestVuln,0
IND_02794,EUR,0.7257971229249379,Q3_MedVuln,0
IND_02795,EUR,0.12355616257257088,Q1_LowestVuln,0
IND_02796,SAS,0.283596999970804,Q2_LowVuln,0
IND_02797,AFR,0.5694154724159392,Q3_MedVuln,0
IND_02798,EUR,0.2930700153657197,Q2_LowVuln,0
IND_02799,AFR,0.7803023479778115,Q4_HighestVuln,1
IND_02800,AFR,0.4334570877115224,Q2_LowVuln,0
IND_02801,EAS,0.2725842025895469,Q2_LowVuln,0
IND_02802,AMR,0.4604452839150258,Q2_LowVuln,0
IND_02803,AFR,0.5963069106958172,Q3_MedVuln,0
IND_02804,EUR,0.5372360030998394,Q3_MedVuln,0
IND_02805,EUR,0.3370185626586571,Q2_LowVuln,0
IND_02806,SAS,0.7755617594251379,Q4_HighestVuln,1
IND_02807,AFR,0.8143885762847451,Q4_HighestVuln,1
IND_02808,EUR,0.4403115610372416,Q2_LowVuln,0
IND_02809,EAS,0.1835716618729409,Q1_LowestVuln,0
IND_02810,AMR,0.38196263241292844,Q2_LowVuln,0
IND_02811,AFR,0.5772436936653819,Q3_MedVuln,0
IND_02812,AFR,0.37134468762134776,Q2_LowVuln,0
IND_02813,SAS,0.16820999485854313,Q1_LowestVuln,0
IND_02814,AMR,0.7590479281133685,Q4_HighestVuln,1
IND_02815,AFR,0.5267123916680534,Q3_MedVuln,0
IND_02816,EUR,0.6698846674656992,Q3_MedVuln,0
IND_02817,AFR,0.6992979190552784,Q3_MedVuln,0
IND_02818,EAS,0.5736318054619151,Q3_MedVuln,0
IND_02819,EAS,0.4818690913447425,Q2_LowVuln,0
IND_02820,AFR,0.430937821158121,Q2_LowVuln,0
IND_02821,AFR,0.7127619519185737,Q3_MedVuln,0
IND_02822,SAS,0.7655795399248262,Q4_HighestVuln,1
IND_02823,AMR,0.7183447704063708,Q3_MedVuln,0
IND_02824,EUR,0.7709718664654449,Q4_HighestVuln,1
IND_02825,AFR,0.5795493740521693,Q3_MedVuln,0
IND_02826,AFR,0.6446540239986902,Q3_MedVuln,0
IND_02827,SAS,0.4325601180374419,Q2_LowVuln,0
IND_02828,AFR,0.7175889748486162,Q3_MedVuln,0
IND_02829,AMR,0.8395372580655767,Q4_HighestVuln,1
IND_02830,AFR,0.4044363727866585,Q2_LowVuln,0
IND_02831,EUR,0.31854424855964486,Q2_LowVuln,0
IND_02832,AFR,0.41635493933845114,Q2_LowVuln,0
IND_02833,AFR,0.9118592081396525,Q4_HighestVuln,1
IND_02834,EAS,0.4444558345380061,Q2_LowVuln,0
IND_02835,SAS,0.26887347760134456,Q2_LowVuln,0
IND_02836,EAS,0.2776500648215868,Q2_LowVuln,0
IND_02837,EUR,0.06862163635711423,Q1_LowestVuln,0
IND_02838,AMR,0.7977486406209808,Q4_HighestVuln,1
IND_02839,SAS,0.4963316840825587,Q2_LowVuln,0
IND_02840,AMR,0.481595542406345,Q2_LowVuln,0
IND_02841,EAS,0.22294903602111804,Q1_LowestVuln,0
IND_02842,AFR,0.5206328771375252,Q3_MedVuln,0
IND_02843,AFR,0.795232308353361,Q4_HighestVuln,1
IND_02844,AFR,0.604607220163984,Q3_MedVuln,0
IND_02845,AFR,0.4573733427611233,Q2_LowVuln,0
IND_02846,SAS,0.41675345075723635,Q2_LowVuln,0
IND_02847,EUR,0.23158604809264424,Q1_LowestVuln,0
IND_02848,AFR,0.42044369906256507,Q2_LowVuln,0
IND_02849,EUR,0.2510585745726582,Q2_LowVuln,0
IND_02850,EAS,0.25168511154721396,Q2_LowVuln,0
IND_02851,AMR,0.9248237370698579,Q4_HighestVuln,1
IND_02852,EAS,0.4073557195725417,Q2_LowVuln,0
IND_02853,SAS,0.4783652266258332,Q2_LowVuln,0
IND_02854,EUR,0.40300843551483534,Q2_LowVuln,0
IND_02855,EUR,0.4599247041034088,Q2_LowVuln,0
IND_02856,AFR,0.6351587217273535,Q3_MedVuln,0
IND_02857,AMR,0.5743362947946493,Q3_MedVuln,0
IND_02858,SAS,0.6506227773756532,Q3_MedVuln,0
IND_02859,AMR,0.6183725432986928,Q3_MedVuln,0
IND_02860,EAS,0.3519814747892844,Q2_LowVuln,0
IND_02861,EUR,0.032021532164140824,Q1_LowestVuln,0
IND_02862,EAS,0.49038787502041825,Q2_LowVuln,0
IND_02863,EUR,0.6345378871424924,Q3_MedVuln,0
IND_02864,EUR,0.43720402484337917,Q2_LowVuln,0
IND_02865,AMR,0.49677636210358495,Q2_LowVuln,0
IND_02866,SAS,0.20758141568887822,Q1_LowestVuln,0
IND_02867,EAS,0.23609672722675915,Q1_LowestVuln,0
IND_02868,SAS,0.11394972934896529,Q1_LowestVuln,0
IND_02869,AFR,0.41678212509726886,Q2_LowVuln,0
IND_02870,EAS,0.4566613147574032,Q2_LowVuln,0
IND_02871,AMR,0.5497922823822138,Q3_MedVuln,0
IND_02872,EAS,0.12077740900966766,Q1_LowestVuln,0
IND_02873,AFR,0.723485822770313,Q3_MedVuln,0
IND_02874,EUR,0.22653012414514384,Q1_LowestVuln,0
IND_02875,EAS,0.47885552827429717,Q2_LowVuln,0
IND_02876,AMR,0.9232011833470666,Q4_HighestVuln,1
IND_02877,AFR,0.3726734015407978,Q2_LowVuln,0
IND_02878,EUR,0.34580975393765806,Q2_LowVuln,0
IND_02879,AFR,0.5337616978086627,Q3_MedVuln,0
IND_02880,SAS,0.6202634741258466,Q3_MedVuln,0
IND_02881,SAS,0.421774334399932,Q2_LowVuln,0
IND_02882,AMR,0.7881297337287535,Q4_HighestVuln,1
IND_02883,EAS,0.5679640465240277,Q3_MedVuln,0
IND_02884,SAS,0.4345044618467898,Q2_LowVuln,0
IND_02885,AMR,0.29511508899426897,Q2_LowVuln,0
IND_02886,AFR,0.4731780907846315,Q2_LowVuln,0
IND_02887,EAS,0.28663576651394695,Q2_LowVuln,0
IND_02888,EUR,0.43530861644330016,Q2_LowVuln,0
IND_02889,EUR,0.3931290021114068,Q2_LowVuln,0
IND_02890,SAS,0.21037134224496884,Q1_LowestVuln,0
IND_02891,EAS,0.5825385317077525,Q3_MedVuln,0
IND_02892,SAS,0.6004834433561655,Q3_MedVuln,0
IND_02893,EAS,0.2302591887322624,Q1_LowestVuln,0
IND_02894,AFR,0.23566561013738263,Q1_LowestVuln,0
IND_02895,EUR,0.6544124808820906,Q3_MedVuln,0
IND_02896,AFR,0.769263094557362,Q4_HighestVuln,1
IND_02897,EUR,0.4635724831253748,Q2_LowVuln,0
IND_02898,EUR,0.07034802730984732,Q1_LowestVuln,0
IND_02899,EAS,0.2993079559463616,Q2_LowVuln,0
IND_02900,EAS,0.3327381539571092,Q2_LowVuln,0
IND_02901,SAS,0.8236041622429697,Q4_HighestVuln,1
IND_02902,AMR,0.6203777659787837,Q3_MedVuln,0
IND_02903,AFR,0.6333074714372071,Q3_MedVuln,0
IND_02904,SAS,0.4389549093779057,Q2_LowVuln,0
IND_02905,EUR,0.029975358571901922,Q1_LowestVuln,0
IND_02906,SAS,0.20944455843706938,Q1_LowestVuln,0
IND_02907,AFR,0.40981341826655326,Q2_LowVuln,0
IND_02908,AFR,0.5153336099657639,Q3_MedVuln,0
IND_02909,EAS,0.6187069273638396,Q3_MedVuln,0
IND_02910,SAS,0.48990941599262144,Q2_LowVuln,0
IND_02911,AFR,0.5299840088253137,Q3_MedVuln,0
IND_02912,EUR,0.2520476196682887,Q2_LowVuln,0
IND_02913,EAS,0.49217631092600406,Q2_LowVuln,0
IND_02914,EAS,0.559400237179716,Q3_MedVuln,0
IND_02915,SAS,0.554665758208887,Q3_MedVuln,0
IND_02916,EUR,0.15716066156682804,Q1_LowestVuln,0
IND_02917,EUR,0.6047650731308245,Q3_MedVuln,0
IND_02918,AMR,0.30654407943454415,Q2_LowVuln,0
IND_02919,EAS,0.5343762566801001,Q3_MedVuln,0
IND_02920,EUR,0.5983443533168696,Q3_MedVuln,0
IND_02921,EAS,0.17407216242480025,Q1_LowestVuln,0
IND_02922,EAS,0.07799435363286035,Q1_LowestVuln,0
IND_02923,EUR,0.3480904019545442,Q2_LowVuln,0
IND_02924,EUR,0.6656871781041999,Q3_MedVuln,0
IND_02925,AFR,0.49080068404305555,Q2_LowVuln,0
IND_02926,EUR,0.5639601449692574,Q3_MedVuln,0
IND_02927,AFR,0.6339866002993017,Q3_MedVuln,0
IND_02928,AFR,0.37559680544527946,Q2_LowVuln,0
IND_02929,EUR,0.3601379122254738,Q2_LowVuln,0
IND_02930,AFR,0.5252961701437675,Q3_MedVuln,0
IND_02931,EUR,0.08990944060832977,Q1_LowestVuln,0
IND_02932,EAS,0.24943094204997085,Q1_LowestVuln,0
IND_02933,AFR,0.8896912113155169,Q4_HighestVuln,1
IND_02934,EUR,0.25990413971509646,Q2_LowVuln,0
IND_02935,EUR,0.4570243822964917,Q2_LowVuln,0
IND_02936,EUR,0.8270467983776242,Q4_HighestVuln,1
IND_02937,AMR,0.5521704918924805,Q3_MedVuln,0
IND_02938,EAS,0.6969701811290944,Q3_MedVuln,0
IND_02939,AFR,0.6377950752844351,Q3_MedVuln,0
IND_02940,EAS,0.6950198916215701,Q3_MedVuln,0
IND_02941,SAS,0.7092873022739222,Q3_MedVuln,0
IND_02942,EAS,0.1598717878785911,Q1_LowestVuln,0
IND_02943,AFR,0.297801362457867,Q2_LowVuln,0
IND_02944,EAS,0.4918382252042552,Q2_LowVuln,0
IND_02945,EUR,0.30232604729436696,Q2_LowVuln,0
IND_02946,SAS,0.4925788997277902,Q2_LowVuln,0
IND_02947,AMR,0.8411944807950522,Q4_HighestVuln,1
IND_02948,SAS,0.18518537766278056,Q1_LowestVuln,0
IND_02949,SAS,0.3551915603026343,Q2_LowVuln,0
IND_02950,EUR,0.5457359619577556,Q3_MedVuln,0
IND_02951,EAS,0.15967823610976584,Q1_LowestVuln,0
IND_02952,EAS,0.4908921908512522,Q2_LowVuln,0
IND_02953,SAS,0.6560811848951399,Q3_MedVuln,0
IND_02954,AMR,0.8606043442218391,Q4_HighestVuln,1
IND_02955,AFR,0.9316305002596439,Q4_HighestVuln,1
IND_02956,EUR,0.5103282294085772,Q3_MedVuln,0
IND_02957,EUR,0.20477250572795894,Q1_LowestVuln,0
IND_02958,SAS,0.5177998639382416,Q3_MedVuln,0
IND_02959,EAS,0.2602015907707182,Q2_LowVuln,0
IND_02960,AFR,0.12003802153355386,Q1_LowestVuln,0
IND_02961,SAS,0.5898167426585754,Q3_MedVuln,0
IND_02962,EUR,0.3929800047638359,Q2_LowVuln,0
IND_02963,AMR,0.5960269154307605,Q3_MedVuln,0
IND_02964,AFR,0.8367488115204652,Q4_HighestVuln,1
IND_02965,EAS,0.6485698014066772,Q3_MedVuln,0
IND_02966,EUR,0.3176409542590811,Q2_LowVuln,0
IND_02967,EUR,0.4254176489666071,Q2_LowVuln,0
IND_02968,AFR,0.462380752378461,Q2_LowVuln,0
IND_02969,EAS,0.08248250493656167,Q1_LowestVuln,0
IND_02970,SAS,0.6796532258868707,Q3_MedVuln,0
IND_02971,EAS,0.24874404430325112,Q1_LowestVuln,0
IND_02972,AFR,0.718992871872278,Q3_MedVuln,0
IND_02973,AMR,0.2187082672920211,Q1_LowestVuln,0
IND_02974,EAS,0.32217456253317445,Q2_LowVuln,0
IND_02975,EUR,0.4283910717707348,Q2_LowVuln,0
IND_02976,SAS,0.6663595544851879,Q3_MedVuln,0
IND_02977,EAS,0.27654797641441176,Q2_LowVuln,0
IND_02978,AMR,0.4182130727367909,Q2_LowVuln,0
IND_02979,SAS,0.4430514187410756,Q2_LowVuln,0
IND_02980,EAS,0.7444083103049198,Q3_MedVuln,0
IND_02981,EAS,0.6605857272759422,Q3_MedVuln,0
IND_02982,AFR,0.26504545068535584,Q2_LowVuln,0
IND_02983,SAS,0.20304112749915346,Q1_LowestVuln,0
IND_02984,EUR,0.5599347171828359,Q3_MedVuln,0
IND_02985,EUR,0.5295813149851089,Q3_MedVuln,0
IND_02986,EAS,0.15653840076235634,Q1_LowestVuln,0
IND_02987,EAS,0.5874540932003705,Q3_MedVuln,0
IND_02988,AFR,0.5320639132099265,Q3_MedVuln,0
IND_02989,SAS,0.5440461260254188,Q3_MedVuln,0
IND_02990,AFR,0.49505305850808556,Q2_LowVuln,0
IND_02991,EAS,0.5111790908754292,Q3_MedVuln,0
IND_02992,SAS,0.7415460263746912,Q3_MedVuln,0
IND_02993,EAS,0.47662742708218336,Q2_LowVuln,0
IND_02994,EAS,0.38946102766417967,Q2_LowVuln,0
IND_02995,SAS,0.21595294286954683,Q1_LowestVuln,0
IND_02996,SAS,0.592641357393922,Q3_MedVuln,0
IND_02997,EAS,0.3623886939964838,Q2_LowVuln,0
IND_02998,EUR,0.5604153191351943,Q3_MedVuln,0
IND_02999,SAS,0.6079151486761266,Q3_MedVuln,0
IND_03000,EUR,0.8389940670812146,Q4_HighestVuln,1
IND_03001,SAS,0.2173633742847097,Q1_LowestVuln,0
IND_03002,AMR,0.4126564603236265,Q2_LowVuln,0
IND_03003,AFR,0.8525885159313116,Q4_HighestVuln,1
IND_03004,SAS,0.22450395382203686,Q1_LowestVuln,0
IND_03005,AMR,0.9138018264449198,Q4_HighestVuln,1
IND_03006,EAS,0.19332473134463457,Q1_LowestVuln,0
IND_03007,AFR,0.8359905123930916,Q4_HighestVuln,1
IND_03008,EUR,0.306648303234713,Q2_LowVuln,0
IND_03009,AMR,0.6365650582442057,Q3_MedVuln,0
IND_03010,AFR,0.7832263045822843,Q4_HighestVuln,1
IND_03011,SAS,0.2597576726443645,Q2_LowVuln,0
IND_03012,EUR,0.36515714517167364,Q2_LowVuln,0
IND_03013,EUR,0.5676449961282682,Q3_MedVuln,0
IND_03014,AMR,0.7861800837408418,Q4_HighestVuln,1
IND_03015,EAS,0.3721427844611653,Q2_LowVuln,0
IND_03016,AFR,0.684535174991887,Q3_MedVuln,0
IND_03017,AMR,0.5376873525103402,Q3_MedVuln,0
IND_03018,AMR,0.5109549696783164,Q3_MedVuln,0
IND_03019,EAS,0.3523758183783361,Q2_LowVuln,0
IND_03020,SAS,0.1861026678979278,Q1_LowestVuln,0
IND_03021,AMR,0.8391383950767161,Q4_HighestVuln,1
IND_03022,AFR,0.6585954743734364,Q3_MedVuln,0
IND_03023,SAS,0.4837330862279588,Q2_LowVuln,0
IND_03024,AFR,0.9610601329195824,Q4_HighestVuln,1
IND_03025,EUR,0.6312468421150594,Q3_MedVuln,0
IND_03026,SAS,0.5586252360510541,Q3_MedVuln,0
IND_03027,AMR,0.6333735073652816,Q3_MedVuln,0
IND_03028,AMR,0.6034555576193491,Q3_MedVuln,0
IND_03029,EUR,0.34200177293066586,Q2_LowVuln,0
IND_03030,EUR,0.30464363986623816,Q2_LowVuln,0
IND_03031,EAS,0.4369158738891965,Q2_LowVuln,0
IND_03032,SAS,0.37734754666310794,Q2_LowVuln,0
IND_03033,AFR,0.8382024858155216,Q4_HighestVuln,1
IND_03034,AMR,0.4410338139005433,Q2_LowVuln,0
IND_03035,AFR,0.617495586337958,Q3_MedVuln,0
IND_03036,AMR,0.4963946364830915,Q2_LowVuln,0
IND_03037,SAS,0.45935069577875953,Q2_LowVuln,0
IND_03038,SAS,0.243269357158584,Q1_LowestVuln,0
IND_03039,EAS,0.608348652118108,Q3_MedVuln,0
IND_03040,AMR,0.6126574729628651,Q3_MedVuln,0
IND_03041,EAS,0.5432865313798442,Q3_MedVuln,0
IND_03042,AMR,0.6936226612605639,Q3_MedVuln,0
IND_03043,AMR,0.7726069220179876,Q4_HighestVuln,1
IND_03044,AFR,0.650168361353189,Q3_MedVuln,0
IND_03045,AFR,0.6714534551436917,Q3_MedVuln,0
IND_03046,SAS,0.7291368184773841,Q3_MedVuln,0
IND_03047,EAS,0.7079904664537882,Q3_MedVuln,0
IND_03048,EUR,0.5116260290218237,Q3_MedVuln,0
IND_03049,EAS,0.47256539533155845,Q2_LowVuln,0
IND_03050,SAS,0.26585886717322865,Q2_LowVuln,0
IND_03051,AMR,0.16740571943544058,Q1_LowestVuln,0
IND_03052,SAS,0.5724263520406352,Q3_MedVuln,0
IND_03053,SAS,0.7296146189770056,Q3_MedVuln,0
IND_03054,AFR,0.700057399378271,Q3_MedVuln,0
IND_03055,SAS,0.43559664725410085,Q2_LowVuln,0
IND_03056,EUR,0.4128185034589865,Q2_LowVuln,0
IND_03057,AMR,0.8621813920470431,Q4_HighestVuln,1
IND_03058,AFR,0.7979789414467074,Q4_HighestVuln,1
IND_03059,SAS,0.7155881068310878,Q3_MedVuln,0
IND_03060,EUR,0.48362757991739275,Q2_LowVuln,0
IND_03061,AFR,0.28177290207152483,Q2_LowVuln,0
IND_03062,EUR,0.34704973260496624,Q2_LowVuln,0
IND_03063,AFR,0.32343207800348545,Q2_LowVuln,0
IND_03064,EUR,0.2629669707519166,Q2_LowVuln,0
IND_03065,SAS,0.3271294952295202,Q2_LowVuln,0
IND_03066,SAS,0.3720715442241294,Q2_LowVuln,0
IND_03067,EUR,0.46898445795909344,Q2_LowVuln,0
IND_03068,AMR,0.827975630274831,Q4_HighestVuln,1
IND_03069,AFR,0.6272652747951862,Q3_MedVuln,0
IND_03070,SAS,0.2151650908343519,Q1_LowestVuln,0
IND_03071,AMR,0.7726449378206667,Q4_HighestVuln,1
IND_03072,EAS,0.41516802489444493,Q2_LowVuln,0
IND_03073,EAS,0.13467210261220752,Q1_LowestVuln,0
IND_03074,AFR,0.59312977599063,Q3_MedVuln,0
IND_03075,EUR,0.7716563266760238,Q4_HighestVuln,1
IND_03076,EAS,0.25948030119891985,Q2_LowVuln,0
IND_03077,EUR,0.6329371476096987,Q3_MedVuln,0
IND_03078,EUR,0.3912725886279112,Q2_LowVuln,0
IND_03079,EAS,0.11204651879988085,Q1_LowestVuln,0
IND_03080,EUR,0.20082215174939808,Q1_LowestVuln,0
IND_03081,EAS,0.38659760811191113,Q2_LowVuln,0
IND_03082,EUR,0.24563456708241654,Q1_LowestVuln,0
IND_03083,AFR,0.7628508231818921,Q4_HighestVuln,1
IND_03084,EAS,0.5417119885650592,Q3_MedVuln,0
IND_03085,SAS,0.5570408495273338,Q3_MedVuln,0
IND_03086,SAS,0.382438878030523,Q2_LowVuln,0
IND_03087,SAS,0.2543585598370389,Q2_LowVuln,0
IND_03088,AFR,0.8460952150219031,Q4_HighestVuln,1
IND_03089,EAS,0.5842123572113298,Q3_MedVuln,0
IND_03090,AFR,0.9226329820744872,Q4_HighestVuln,1
IND_03091,SAS,0.6612136381067343,Q3_MedVuln,0
IND_03092,AFR,0.7732588039646934,Q4_HighestVuln,1
IND_03093,AFR,0.37817796431125655,Q2_LowVuln,0
IND_03094,EAS,0.19437091431390222,Q1_LowestVuln,0
IND_03095,AFR,0.2715070314036292,Q2_LowVuln,0
IND_03096,EAS,0.18627160516823135,Q1_LowestVuln,0
IND_03097,AMR,0.4325078246349907,Q2_LowVuln,0
IND_03098,EAS,0.2809028248653279,Q2_LowVuln,0
IND_03099,EUR,0.5220068103004962,Q3_MedVuln,0
IND_03100,EUR,0.1988798699837085,Q1_LowestVuln,0
IND_03101,EAS,0.5591353054980064,Q3_MedVuln,0
IND_03102,AFR,0.5391688545165054,Q3_MedVuln,0
IND_03103,EAS,0.3534051216866943,Q2_LowVuln,0
IND_03104,EAS,0.22433516424996605,Q1_LowestVuln,0
IND_03105,AMR,0.765886104533956,Q4_HighestVuln,1
IND_03106,EAS,0.3001016918984527,Q2_LowVuln,0
IND_03107,EAS,0.33499243600423817,Q2_LowVuln,0
IND_03108,EUR,0.12998949488986267,Q1_LowestVuln,0
IND_03109,EAS,0.13083840933248253,Q1_LowestVuln,0
IND_03110,AFR,0.2962368041364209,Q2_LowVuln,0
IND_03111,EAS,0.19207174578615527,Q1_LowestVuln,0
IND_03112,AFR,0.5108074641143048,Q3_MedVuln,0
IND_03113,AMR,0.4658339420392882,Q2_LowVuln,0
IND_03114,AMR,0.03493056238548506,Q1_LowestVuln,0
IND_03115,AMR,0.678871922643779,Q3_MedVuln,0
IND_03116,EAS,0.18930394183986726,Q1_LowestVuln,0
IND_03117,SAS,0.6469519739295143,Q3_MedVuln,0
IND_03118,SAS,0.6035652596392718,Q3_MedVuln,0
IND_03119,EAS,0.6238282388758039,Q3_MedVuln,0
IND_03120,SAS,0.7568728130209905,Q4_HighestVuln,1
IND_03121,AMR,0.5066456951140356,Q3_MedVuln,0
IND_03122,EAS,0.35492459992288083,Q2_LowVuln,0
IND_03123,EAS,0.2720195010305634,Q2_LowVuln,0
IND_03124,EUR,0.41761459145495855,Q2_LowVuln,0
IND_03125,AFR,0.6229890957601185,Q3_MedVuln,0
IND_03126,EAS,0.49520489715313465,Q2_LowVuln,0
IND_03127,AMR,0.5918288756060224,Q3_MedVuln,0
IND_03128,EAS,0.5288847525372284,Q3_MedVuln,0
IND_03129,AFR,0.6774845082218672,Q3_MedVuln,0
IND_03130,AFR,0.28551316403031607,Q2_LowVuln,0
IND_03131,EAS,0.8034540616320089,Q4_HighestVuln,1
IND_03132,AFR,0.764519706865674,Q4_HighestVuln,1
IND_03133,AFR,0.5820223803168136,Q3_MedVuln,0
IND_03134,AFR,0.5539334742126617,Q3_MedVuln,0
IND_03135,EAS,0.4377621539000984,Q2_LowVuln,0
IND_03136,SAS,0.8152318660059857,Q4_HighestVuln,1
IND_03137,EAS,0.4640723354129974,Q2_LowVuln,0
IND_03138,EAS,0.7615414642997543,Q4_HighestVuln,1
IND_03139,AMR,0.34854131140589406,Q2_LowVuln,0
IND_03140,EUR,0.3255164161484476,Q2_LowVuln,0
IND_03141,SAS,0.8431812918173486,Q4_HighestVuln,1
IND_03142,AMR,0.2673134053993461,Q2_LowVuln,0
IND_03143,AFR,0.7206161758652171,Q3_MedVuln,0
IND_03144,AFR,0.46313901063126517,Q2_LowVuln,0
IND_03145,AMR,0.40785647620335447,Q2_LowVuln,0
IND_03146,EAS,0.3172289481302354,Q2_LowVuln,0
IND_03147,AFR,0.559576240165996,Q3_MedVuln,0
IND_03148,EAS,0.7236093643233973,Q3_MedVuln,0
IND_03149,AFR,0.6577153193263919,Q3_MedVuln,0
IND_03150,SAS,0.24444122118397738,Q1_LowestVuln,0
IND_03151,EUR,0.5161831797476418,Q3_MedVuln,0
IND_03152,EAS,0.38259159324955194,Q2_LowVuln,0
IND_03153,SAS,0.5768960031168385,Q3_MedVuln,0
IND_03154,AMR,0.6306708165760707,Q3_MedVuln,0
IND_03155,EUR,0.29572795167555804,Q2_LowVuln,0
IND_03156,AMR,0.5783162784876327,Q3_MedVuln,0
IND_03157,AMR,0.621840551822166,Q3_MedVuln,0
IND_03158,EAS,0.13991943853423133,Q1_LowestVuln,0
IND_03159,EUR,0.130552712601149,Q1_LowestVuln,0
IND_03160,EUR,0.20345764648009423,Q1_LowestVuln,0
IND_03161,AFR,0.745767779859372,Q3_MedVuln,0
IND_03162,EAS,0.23196550235561514,Q1_LowestVuln,0
IND_03163,EAS,0.49950523645931044,Q2_LowVuln,0
IND_03164,AFR,0.31171308580552437,Q2_LowVuln,0
IND_03165,SAS,0.4442604077090323,Q2_LowVuln,0
IND_03166,SAS,0.4238721912409466,Q2_LowVuln,0
IND_03167,AFR,0.6905417058165073,Q3_MedVuln,0
IND_03168,AFR,0.7341634598138062,Q3_MedVuln,0
IND_03169,SAS,0.8770332491588511,Q4_HighestVuln,1
IND_03170,AMR,0.39849832305785393,Q2_LowVuln,0
IND_03171,EUR,0.39508494668576655,Q2_LowVuln,0
IND_03172,EAS,0.5033899078386306,Q3_MedVuln,0
IND_03173,AFR,0.23724605217315062,Q1_LowestVuln,0
IND_03174,AFR,0.7588785763116335,Q4_HighestVuln,1
IND_03175,AFR,0.6633131941710052,Q3_MedVuln,0
IND_03176,AFR,0.8182928017878319,Q4_HighestVuln,1
IND_03177,AFR,0.5617210681737271,Q3_MedVuln,0
IND_03178,EAS,0.3172920901987295,Q2_LowVuln,0
IND_03179,AMR,0.2360542748733799,Q1_LowestVuln,0
IND_03180,EAS,0.5517545407562654,Q3_MedVuln,0
IND_03181,SAS,0.38631302058699285,Q2_LowVuln,0
IND_03182,EUR,0.1951953982300589,Q1_LowestVuln,0
IND_03183,AFR,0.966975102043549,Q4_HighestVuln,1
IND_03184,SAS,0.6538619453311949,Q3_MedVuln,0
IND_03185,EUR,0.383066843473441,Q2_LowVuln,0
IND_03186,SAS,0.7758507545482153,Q4_HighestVuln,1
IND_03187,AFR,0.9725832995549729,Q4_HighestVuln,1
IND_03188,EUR,0.4503138866402774,Q2_LowVuln,0
IND_03189,EUR,0.4957464918688547,Q2_LowVuln,0
IND_03190,AFR,0.8933761800841356,Q4_HighestVuln,1
IND_03191,EUR,0.06786643011214011,Q1_LowestVuln,0
IND_03192,SAS,0.6346749475029686,Q3_MedVuln,0
IND_03193,SAS,0.6027187131843037,Q3_MedVuln,0
IND_03194,SAS,0.4486389479179004,Q2_LowVuln,0
IND_03195,EAS,0.23779113768274104,Q1_LowestVuln,0
IND_03196,EUR,0.8865189423853265,Q4_HighestVuln,1
IND_03197,SAS,0.760454362015758,Q4_HighestVuln,1
IND_03198,SAS,0.3948460746095977,Q2_LowVuln,0
IND_03199,EAS,0.39701239812896627,Q2_LowVuln,0
IND_03200,AFR,0.8262447307914907,Q4_HighestVuln,1
IND_03201,EAS,0.6496127344768904,Q3_MedVuln,0
IND_03202,SAS,0.45354444851854936,Q2_LowVuln,0
IND_03203,SAS,0.22514357467694024,Q1_LowestVuln,0
IND_03204,AFR,0.325977376001614,Q2_LowVuln,0
IND_03205,SAS,0.4143097505674257,Q2_LowVuln,0
IND_03206,EUR,0.3905632755681859,Q2_LowVuln,0
IND_03207,EUR,0.6661575395541762,Q3_MedVuln,0
IND_03208,AMR,0.792691048109265,Q4_HighestVuln,1
IND_03209,EAS,0.5762673935354726,Q3_MedVuln,0
IND_03210,EUR,0.34110491402393966,Q2_LowVuln,0
IND_03211,EUR,0.3497651730998342,Q2_LowVuln,0
IND_03212,EAS,0.4154687526762946,Q2_LowVuln,0
IND_03213,EAS,0.18963669882173065,Q1_LowestVuln,0
IND_03214,AMR,0.6271315711478734,Q3_MedVuln,0
IND_03215,AFR,0.6182642263717018,Q3_MedVuln,0
IND_03216,SAS,0.3231165177915638,Q2_LowVuln,0
IND_03217,EUR,0.2620040949222256,Q2_LowVuln,0
IND_03218,SAS,0.5270329858017742,Q3_MedVuln,0
IND_03219,AFR,0.798643926210762,Q4_HighestVuln,1
IND_03220,AMR,0.7933797340548405,Q4_HighestVuln,1
IND_03221,EUR,0.20410239314867037,Q1_LowestVuln,0
IND_03222,EUR,0.5475640465101028,Q3_MedVuln,0
IND_03223,EUR,0.37111255394602055,Q2_LowVuln,0
IND_03224,AFR,0.6735668537449826,Q3_MedVuln,0
IND_03225,EUR,0.5785542252341717,Q3_MedVuln,0
IND_03226,EAS,0.4112597683466725,Q2_LowVuln,0
IND_03227,SAS,0.2649702123223401,Q2_LowVuln,0
IND_03228,AFR,0.7733655081490026,Q4_HighestVuln,1
IND_03229,EAS,0.39735452378315117,Q2_LowVuln,0
IND_03230,SAS,0.38524291922845233,Q2_LowVuln,0
IND_03231,EUR,0.13016430323368153,Q1_LowestVuln,0
IND_03232,SAS,0.867195830638692,Q4_HighestVuln,1
IND_03233,AMR,0.45285586548402174,Q2_LowVuln,0
IND_03234,SAS,0.43925981873527487,Q2_LowVuln,0
IND_03235,SAS,0.18187982715770798,Q1_LowestVuln,0
IND_03236,AFR,0.8854133975480484,Q4_HighestVuln,1
IND_03237,AFR,0.7917821020842306,Q4_HighestVuln,1
IND_03238,AMR,0.6980083357010766,Q3_MedVuln,0
IND_03239,SAS,0.8496131187557043,Q4_HighestVuln,1
IND_03240,EAS,0.5779355479814449,Q3_MedVuln,0
IND_03241,EUR,0.3205799061304484,Q2_LowVuln,0
IND_03242,AFR,0.9412437909980206,Q4_HighestVuln,1
IND_03243,SAS,0.4464624105192934,Q2_LowVuln,0
IND_03244,SAS,0.8747770608179384,Q4_HighestVuln,1
IND_03245,SAS,0.8490598249620509,Q4_HighestVuln,1
IND_03246,AFR,0.8116779834853214,Q4_HighestVuln,1
IND_03247,AFR,0.8693907154409477,Q4_HighestVuln,1
IND_03248,AFR,0.2822006464915827,Q2_LowVuln,0
IND_03249,EUR,0.05266871498520307,Q1_LowestVuln,0
IND_03250,EUR,0.2234366339089573,Q1_LowestVuln,0
IND_03251,AFR,0.2583310072968899,Q2_LowVuln,0
IND_03252,AFR,0.8465871389810862,Q4_HighestVuln,1
IND_03253,EUR,0.5833213058081175,Q3_MedVuln,0
IND_03254,AFR,0.3728755844988679,Q2_LowVuln,0
IND_03255,SAS,0.4881072160625665,Q2_LowVuln,0
IND_03256,AFR,0.5983400726050956,Q3_MedVuln,0
IND_03257,EAS,0.3332259431542606,Q2_LowVuln,0
IND_03258,EUR,0.6126960756818551,Q3_MedVuln,0
IND_03259,AMR,0.7813719158973393,Q4_HighestVuln,1
IND_03260,AFR,0.4068954443846175,Q2_LowVuln,0
IND_03261,SAS,0.1842807741594567,Q1_LowestVuln,0
IND_03262,EAS,0.3868030560865387,Q2_LowVuln,0
IND_03263,AFR,0.705747790578563,Q3_MedVuln,0
IND_03264,AFR,0.6397724639031234,Q3_MedVuln,0
IND_03265,EUR,0.4829212925306777,Q2_LowVuln,0
IND_03266,EUR,0.59895566998858,Q3_MedVuln,0
IND_03267,SAS,0.6670971279931576,Q3_MedVuln,0
IND_03268,AMR,0.6597134365796429,Q3_MedVuln,0
IND_03269,AMR,0.7441936340589472,Q3_MedVuln,0
IND_03270,AFR,0.18901238675159862,Q1_LowestVuln,0
IND_03271,AFR,0.517855541491244,Q3_MedVuln,0
IND_03272,EAS,0.3558832217965899,Q2_LowVuln,0
IND_03273,AMR,0.4643800735837734,Q2_LowVuln,0
IND_03274,AFR,0.13709346719765014,Q1_LowestVuln,0
IND_03275,AFR,0.5840449276757734,Q3_MedVuln,0
IND_03276,AFR,0.4672865454643506,Q2_LowVuln,0
IND_03277,EUR,0.2763284758753979,Q2_LowVuln,0
IND_03278,AFR,0.37963503785886277,Q2_LowVuln,0
IND_03279,AMR,0.768180214130248,Q4_HighestVuln,1
IND_03280,EAS,0.5467599243128498,Q3_MedVuln,0
IND_03281,EUR,0.05250196756188436,Q1_LowestVuln,0
IND_03282,AMR,0.5768767728263112,Q3_MedVuln,0
IND_03283,EAS,0.6608840807222193,Q3_MedVuln,0
IND_03284,AMR,0.8558034653328329,Q4_HighestVuln,1
IND_03285,EUR,0.5809634783121174,Q3_MedVuln,0
IND_03286,EAS,0.3735912267386244,Q2_LowVuln,0
IND_03287,EAS,0.4764723132634725,Q2_LowVuln,0
IND_03288,EUR,0.2754979744452284,Q2_LowVuln,0
IND_03289,AFR,0.7484768209196535,Q3_MedVuln,0
IND_03290,AMR,0.5355654181277735,Q3_MedVuln,0
IND_03291,EAS,0.3730512099821294,Q2_LowVuln,0
IND_03292,AFR,0.8413656802340802,Q4_HighestVuln,1
IND_03293,AFR,0.8161642228691628,Q4_HighestVuln,1
IND_03294,AMR,0.7997506962074391,Q4_HighestVuln,1
IND_03295,EUR,0.5107905956717761,Q3_MedVuln,0
IND_03296,AFR,0.5390990339595029,Q3_MedVuln,0
IND_03297,AFR,0.5202296291316003,Q3_MedVuln,0
IND_03298,AMR,0.5692618042868449,Q3_MedVuln,0
IND_03299,EAS,0.786100454849413,Q4_HighestVuln,1
IND_03300,EAS,0.3311826746896382,Q2_LowVuln,0
IND_03301,SAS,0.28350426059807105,Q2_LowVuln,0
IND_03302,SAS,0.33137458421661914,Q2_LowVuln,0
IND_03303,AMR,0.5461071846677039,Q3_MedVuln,0
IND_03304,AMR,0.6396096290744422,Q3_MedVuln,0
IND_03305,AFR,0.518879605287585,Q3_MedVuln,0
IND_03306,EAS,0.6607761086053029,Q3_MedVuln,0
IND_03307,AFR,0.6323890917266389,Q3_MedVuln,0
IND_03308,EUR,0.7609805806844903,Q4_HighestVuln,1
IND_03309,SAS,0.4125411128969752,Q2_LowVuln,0
IND_03310,AFR,0.8449491697685539,Q4_HighestVuln,1
IND_03311,SAS,0.44889539540880097,Q2_LowVuln,0
IND_03312,EAS,0.7671604638168855,Q4_HighestVuln,1
IND_03313,SAS,0.6560335696060826,Q3_MedVuln,0
IND_03314,AFR,0.4959824198054441,Q2_LowVuln,0
IND_03315,EAS,0.5096308440583823,Q3_MedVuln,0
IND_03316,EAS,0.21806672105290498,Q1_LowestVuln,0
IND_03317,AFR,0.6591807675389718,Q3_MedVuln,0
IND_03318,SAS,0.3028455570204743,Q2_LowVuln,0
IND_03319,SAS,0.5717782017685237,Q3_MedVuln,0
IND_03320,EUR,0.7433803829721475,Q3_MedVuln,0
IND_03321,AFR,0.8266696696761133,Q4_HighestVuln,1
IND_03322,SAS,0.2175166337246789,Q1_LowestVuln,0
IND_03323,EAS,0.35883610116817627,Q2_LowVuln,0
IND_03324,EAS,0.03371334783869827,Q1_LowestVuln,0
IND_03325,EUR,0.42783777199654094,Q2_LowVuln,0
IND_03326,AMR,0.4521172020638928,Q2_LowVuln,0
IND_03327,EAS,0.5848616565572454,Q3_MedVuln,0
IND_03328,EUR,0.32727986773717443,Q2_LowVuln,0
IND_03329,EUR,0.6372644544902565,Q3_MedVuln,0
IND_03330,SAS,0.7015289938044653,Q3_MedVuln,0
IND_03331,AFR,0.563500220305638,Q3_MedVuln,0
IND_03332,EUR,0.2528057651174088,Q2_LowVuln,0
IND_03333,AFR,0.8016749545933949,Q4_HighestVuln,1
IND_03334,AMR,0.3447928687678094,Q2_LowVuln,0
IND_03335,EUR,0.5523908547914861,Q3_MedVuln,0
IND_03336,EUR,0.6889098241061578,Q3_MedVuln,0
IND_03337,AFR,0.6932092084564511,Q3_MedVuln,0
IND_03338,AFR,0.44197623734657954,Q2_LowVuln,0
IND_03339,AFR,0.7781539045053307,Q4_HighestVuln,1
IND_03340,SAS,0.20965988902137486,Q1_LowestVuln,0
IND_03341,EAS,0.1608342082775013,Q1_LowestVuln,0
IND_03342,SAS,0.6221554966475312,Q3_MedVuln,0
IND_03343,EAS,0.44945492208115506,Q2_LowVuln,0
IND_03344,EAS,0.1363058296851546,Q1_LowestVuln,0
IND_03345,SAS,0.21966525178580668,Q1_LowestVuln,0
IND_03346,AMR,0.4523673625544982,Q2_LowVuln,0
IND_03347,EUR,0.35915385035545205,Q2_LowVuln,0
IND_03348,AFR,0.4431694476112845,Q2_LowVuln,0
IND_03349,AFR,0.866644288967279,Q4_HighestVuln,1
IND_03350,AFR,0.6937101046236208,Q3_MedVuln,0
IND_03351,SAS,0.11848344093863224,Q1_LowestVuln,0
IND_03352,EAS,0.7782744586222857,Q4_HighestVuln,1
IND_03353,EAS,0.4514560261598028,Q2_LowVuln,0
IND_03354,AFR,0.2564825683765025,Q2_LowVuln,0
IND_03355,SAS,0.6526926203556845,Q3_MedVuln,0
IND_03356,SAS,0.6299344182424244,Q3_MedVuln,0
IND_03357,AFR,0.6853627396826744,Q3_MedVuln,0
IND_03358,SAS,0.6576068674750941,Q3_MedVuln,0
IND_03359,SAS,0.5809838571889472,Q3_MedVuln,0
IND_03360,EUR,0.23156417816029695,Q1_LowestVuln,0
IND_03361,EUR,0.34630472681739466,Q2_LowVuln,0
IND_03362,EAS,0.04171060613792762,Q1_LowestVuln,0
IND_03363,AFR,0.7885427073656651,Q4_HighestVuln,1
IND_03364,EAS,0.023330399450647778,Q1_LowestVuln,0
IND_03365,EAS,0.5716679849619621,Q3_MedVuln,0
IND_03366,SAS,0.11904058772204562,Q1_LowestVuln,0
IND_03367,AMR,0.507743853785645,Q3_MedVuln,0
IND_03368,AFR,0.8654514365562684,Q4_HighestVuln,1
IND_03369,EAS,0.5404721997449952,Q3_MedVuln,0
IND_03370,AFR,0.566988091248516,Q3_MedVuln,0
IND_03371,EUR,0.23538654111239252,Q1_LowestVuln,0
IND_03372,EUR,0.28953110247775254,Q2_LowVuln,0
IND_03373,AFR,0.5480256804538047,Q3_MedVuln,0
IND_03374,EUR,0.1860106397442232,Q1_LowestVuln,0
IND_03375,AFR,0.3351059911886843,Q2_LowVuln,0
IND_03376,AFR,0.8811909766102913,Q4_HighestVuln,1
IND_03377,AFR,0.595778969461722,Q3_MedVuln,0
IND_03378,EAS,0.12904623900318252,Q1_LowestVuln,0
IND_03379,SAS,0.6172932087778074,Q3_MedVuln,0
IND_03380,SAS,0.6694669227419677,Q3_MedVuln,0
IND_03381,AFR,0.46330858180299367,Q2_LowVuln,0
IND_03382,AFR,0.8046511922234094,Q4_HighestVuln,1
IND_03383,AFR,0.3204184933321102,Q2_LowVuln,0
IND_03384,AFR,0.7701939585227925,Q4_HighestVuln,1
IND_03385,AFR,0.4901158151468973,Q2_LowVuln,0
IND_03386,EAS,0.28221235701892694,Q2_LowVuln,0
IND_03387,EAS,0.30573530010963273,Q2_LowVuln,0
IND_03388,EUR,0.7455958275921759,Q3_MedVuln,0
IND_03389,AFR,0.26217408310261403,Q2_LowVuln,0
IND_03390,EAS,0.3822549416028561,Q2_LowVuln,0
IND_03391,EUR,0.4207749363517321,Q2_LowVuln,0
IND_03392,AFR,0.5248499683175704,Q3_MedVuln,0
IND_03393,EUR,0.2344423294738048,Q1_LowestVuln,0
IND_03394,EUR,0.17928969476745357,Q1_LowestVuln,0
IND_03395,AFR,0.7232831830575622,Q3_MedVuln,0
IND_03396,AMR,0.7612600667198877,Q4_HighestVuln,1
IND_03397,EAS,0.3033937402501351,Q2_LowVuln,0
IND_03398,EAS,0.5946255719505441,Q3_MedVuln,0
IND_03399,EUR,0.20235172272496796,Q1_LowestVuln,0
IND_03400,EAS,0.27747812142443085,Q2_LowVuln,0
IND_03401,EUR,0.07415739956335264,Q1_LowestVuln,0
IND_03402,SAS,0.29828059426947046,Q2_LowVuln,0
IND_03403,AMR,0.5190634927327852,Q3_MedVuln,0
IND_03404,EAS,0.349774587166772,Q2_LowVuln,0
IND_03405,AMR,0.6162529335538757,Q3_MedVuln,0
IND_03406,AFR,0.8025976200830073,Q4_HighestVuln,1
IND_03407,AFR,0.8529464090137662,Q4_HighestVuln,1
IND_03408,AFR,0.21919799714347507,Q1_LowestVuln,0
IND_03409,SAS,0.17918471059222335,Q1_LowestVuln,0
IND_03410,SAS,0.4958550613257411,Q2_LowVuln,0
IND_03411,AFR,0.7744768526171367,Q4_HighestVuln,1
IND_03412,EAS,0.3263592232490803,Q2_LowVuln,0
IND_03413,AMR,0.5177057523036819,Q3_MedVuln,0
IND_03414,SAS,0.6799372437175775,Q3_MedVuln,0
IND_03415,SAS,0.6441285015671563,Q3_MedVuln,0
IND_03416,AFR,0.3094037227825938,Q2_LowVuln,0
IND_03417,EUR,0.24504950445767926,Q1_LowestVuln,0
IND_03418,SAS,0.47424888148077765,Q2_LowVuln,0
IND_03419,AMR,0.5460173377827237,Q3_MedVuln,0
IND_03420,AMR,0.6662677992499054,Q3_MedVuln,0
IND_03421,AFR,0.6466294331241709,Q3_MedVuln,0
IND_03422,EAS,0.09935024237360929,Q1_LowestVuln,0
IND_03423,AMR,0.18569273404657122,Q1_LowestVuln,0
IND_03424,SAS,0.6092665171510344,Q3_MedVuln,0
IND_03425,EUR,0.4675246168767145,Q2_LowVuln,0
IND_03426,AFR,0.7658541717139087,Q4_HighestVuln,1
IND_03427,AFR,0.6526452404238959,Q3_MedVuln,0
IND_03428,AFR,0.8113747664420161,Q4_HighestVuln,1
IND_03429,EAS,0.448115648790747,Q2_LowVuln,0
IND_03430,EAS,0.4882943596464842,Q2_LowVuln,0
IND_03431,AFR,0.5635630251450424,Q3_MedVuln,0
IND_03432,SAS,0.720274333724306,Q3_MedVuln,0
IND_03433,SAS,0.4788955180470993,Q2_LowVuln,0
IND_03434,SAS,0.12009370047984454,Q1_LowestVuln,0
IND_03435,EAS,0.262441936618066,Q2_LowVuln,0
IND_03436,EUR,0.3603503552901166,Q2_LowVuln,0
IND_03437,AFR,0.6756114312096873,Q3_MedVuln,0
IND_03438,AFR,0.4761408209175462,Q2_LowVuln,0
IND_03439,AMR,0.8152808518038726,Q4_HighestVuln,1
IND_03440,SAS,0.5841653383899795,Q3_MedVuln,0
IND_03441,EAS,0.47768854351024465,Q2_LowVuln,0
IND_03442,SAS,0.4197742814839536,Q2_LowVuln,0
IND_03443,AFR,0.5553478986100991,Q3_MedVuln,0
IND_03444,EUR,0.5789969730649276,Q3_MedVuln,0
IND_03445,EUR,0.3356475352516377,Q2_LowVuln,0
IND_03446,EAS,0.5869049933673086,Q3_MedVuln,0
IND_03447,AMR,0.7301765416790448,Q3_MedVuln,0
IND_03448,EUR,0.27748052819114893,Q2_LowVuln,0
IND_03449,EAS,0.4018013234973057,Q2_LowVuln,0
IND_03450,SAS,0.8135248320668712,Q4_HighestVuln,1
IND_03451,EUR,0.4178786733669654,Q2_LowVuln,0
IND_03452,EAS,0.49593777229981584,Q2_LowVuln,0
IND_03453,EUR,0.5212198283569685,Q3_MedVuln,0
IND_03454,AMR,0.7251769906349252,Q3_MedVuln,0
IND_03455,EUR,0.4097701007709753,Q2_LowVuln,0
IND_03456,AMR,0.6948139300322507,Q3_MedVuln,0
IND_03457,SAS,0.4309897397700727,Q2_LowVuln,0
IND_03458,EAS,0.151227065530443,Q1_LowestVuln,0
IND_03459,EUR,0.29227753674006135,Q2_LowVuln,0
IND_03460,EUR,0.08255680060381303,Q1_LowestVuln,0
IND_03461,AFR,0.6024657105043648,Q3_MedVuln,0
IND_03462,SAS,0.6042314966214837,Q3_MedVuln,0
IND_03463,EUR,0.14409439162090873,Q1_LowestVuln,0
IND_03464,AFR,0.544324359880157,Q3_MedVuln,0
IND_03465,EAS,0.6562357502424903,Q3_MedVuln,0
IND_03466,AFR,0.6438727206390749,Q3_MedVuln,0
IND_03467,AMR,0.12779734524967332,Q1_LowestVuln,0
IND_03468,EUR,0.4623661907765533,Q2_LowVuln,0
IND_03469,SAS,0.22442037533777995,Q1_LowestVuln,0
IND_03470,SAS,0.5608677936455851,Q3_MedVuln,0
IND_03471,EAS,0.3497771296256336,Q2_LowVuln,0
IND_03472,SAS,0.39018878936985313,Q2_LowVuln,0
IND_03473,EAS,0.20134011848294278,Q1_LowestVuln,0
IND_03474,AFR,0.9088238538492109,Q4_HighestVuln,1
IND_03475,AMR,0.8628877733960763,Q4_HighestVuln,1
IND_03476,SAS,0.6419970481439452,Q3_MedVuln,0
IND_03477,SAS,0.6312879052541986,Q3_MedVuln,0
IND_03478,AFR,0.8318350785624666,Q4_HighestVuln,1
IND_03479,EUR,0.18506971092693827,Q1_LowestVuln,0
IND_03480,AMR,0.2623360125549865,Q2_LowVuln,0
IND_03481,EAS,0.5426755872290865,Q3_MedVuln,0
IND_03482,EAS,0.39013987723806065,Q2_LowVuln,0
IND_03483,SAS,0.29412714923326333,Q2_LowVuln,0
IND_03484,AFR,0.7091825139988346,Q3_MedVuln,0
IND_03485,AMR,0.3779451616452502,Q2_LowVuln,0
IND_03486,AFR,0.6279289790179852,Q3_MedVuln,0
IND_03487,SAS,0.4587645882343368,Q2_LowVuln,0
IND_03488,AFR,0.43278958160523884,Q2_LowVuln,0
IND_03489,SAS,0.26507476257865864,Q2_LowVuln,0
IND_03490,EUR,0.16273796846031313,Q1_LowestVuln,0
IND_03491,EUR,0.5701608665440309,Q3_MedVuln,0
IND_03492,EAS,0.5772299250742513,Q3_MedVuln,0
IND_03493,AFR,0.7855056838122646,Q4_HighestVuln,1
IND_03494,AMR,0.8364365545309868,Q4_HighestVuln,1
IND_03495,EUR,0.7447930429094161,Q3_MedVuln,0
IND_03496,SAS,0.5492338423999824,Q3_MedVuln,0
IND_03497,AFR,0.3499580790692351,Q2_LowVuln,0
IND_03498,AFR,0.5936930844246244,Q3_MedVuln,0
IND_03499,AFR,0.7080084210322186,Q3_MedVuln,0
IND_03500,AMR,0.721392374750668,Q3_MedVuln,0
IND_03501,AFR,0.611037470324954,Q3_MedVuln,0
IND_03502,AFR,0.8677790928985526,Q4_HighestVuln,1
IND_03503,SAS,0.8328554236205727,Q4_HighestVuln,1
IND_03504,EUR,0.4190475151075247,Q2_LowVuln,0
IND_03505,EUR,0.532829006187519,Q3_MedVuln,0
IND_03506,EAS,0.6727172233366221,Q3_MedVuln,0
IND_03507,EUR,0.7109118148313434,Q3_MedVuln,0
IND_03508,SAS,0.23505415438052776,Q1_LowestVuln,0
IND_03509,EUR,0.8381648547822261,Q4_HighestVuln,1
IND_03510,SAS,0.6337996850500348,Q3_MedVuln,0
IND_03511,EUR,0.3539180722606873,Q2_LowVuln,0
IND_03512,AMR,0.6458991682262114,Q3_MedVuln,0
IND_03513,EAS,0.3386381994994606,Q2_LowVuln,0
IND_03514,EAS,0.7266067606021848,Q3_MedVuln,0
IND_03515,EUR,0.40353718156102114,Q2_LowVuln,0
IND_03516,SAS,0.6816280346712994,Q3_MedVuln,0
IND_03517,AMR,0.3559773911979958,Q2_LowVuln,0
IND_03518,EUR,0.2183330998664312,Q1_LowestVuln,0
IND_03519,AFR,0.6480114007489023,Q3_MedVuln,0
IND_03520,AMR,0.41553822815721714,Q2_LowVuln,0
IND_03521,AFR,0.6963223259541942,Q3_MedVuln,0
IND_03522,AMR,0.7008016399811242,Q3_MedVuln,0
IND_03523,EAS,0.6432524675037913,Q3_MedVuln,0
IND_03524,EAS,0.3287996198818838,Q2_LowVuln,0
IND_03525,SAS,0.09249028400243209,Q1_LowestVuln,0
IND_03526,EUR,0.18775713588381146,Q1_LowestVuln,0
IND_03527,EUR,0.3542470715469254,Q2_LowVuln,0
IND_03528,EAS,0.6079136771761436,Q3_MedVuln,0
IND_03529,AMR,0.5850494767640056,Q3_MedVuln,0
IND_03530,SAS,0.6598316678473611,Q3_MedVuln,0
IND_03531,EAS,0.6375691372293187,Q3_MedVuln,0
IND_03532,AMR,0.5952333087966805,Q3_MedVuln,0
IND_03533,AMR,0.5666100710243139,Q3_MedVuln,0
IND_03534,EAS,0.5032286520891074,Q3_MedVuln,0
IND_03535,EUR,0.319856933714965,Q2_LowVuln,0
IND_03536,EAS,0.3956553340964442,Q2_LowVuln,0
IND_03537,EAS,0.5374643822581209,Q3_MedVuln,0
IND_03538,SAS,0.2275534086984325,Q1_LowestVuln,0
IND_03539,EUR,0.36075022802298295,Q2_LowVuln,0
IND_03540,AFR,0.4156052728218234,Q2_LowVuln,0
IND_03541,SAS,0.31544450454297585,Q2_LowVuln,0
IND_03542,AFR,0.3824549544608892,Q2_LowVuln,0
IND_03543,AMR,0.7114217704075501,Q3_MedVuln,0
IND_03544,AFR,0.6686114752542132,Q3_MedVuln,0
IND_03545,AMR,0.8452437239368936,Q4_HighestVuln,1
IND_03546,SAS,0.7794004176520329,Q4_HighestVuln,1
IND_03547,AFR,0.7870453760124219,Q4_HighestVuln,1
IND_03548,EUR,0.07744983683610648,Q1_LowestVuln,0
IND_03549,EUR,0.4901297399503637,Q2_LowVuln,0
IND_03550,AFR,0.41280306877214523,Q2_LowVuln,0
IND_03551,AFR,0.6477030759065406,Q3_MedVuln,0
IND_03552,SAS,0.8398686122099404,Q4_HighestVuln,1
IND_03553,SAS,0.6356956228836842,Q3_MedVuln,0
IND_03554,AFR,0.6054157234293157,Q3_MedVuln,0
IND_03555,EAS,0.20823434656707843,Q1_LowestVuln,0
IND_03556,EUR,0.18955670952400056,Q1_LowestVuln,0
IND_03557,SAS,0.659835869512379,Q3_MedVuln,0
IND_03558,AFR,0.8840077626283114,Q4_HighestVuln,1
IND_03559,AFR,0.9106800048391737,Q4_HighestVuln,1
IND_03560,AMR,0.7727475284819396,Q4_HighestVuln,1
IND_03561,AFR,0.7154767776689102,Q3_MedVuln,0
IND_03562,SAS,0.45288308496081403,Q2_LowVuln,0
IND_03563,EUR,0.7640972625745742,Q4_HighestVuln,1
IND_03564,AFR,0.6933960569129943,Q3_MedVuln,0
IND_03565,EUR,0.10243149508447588,Q1_LowestVuln,0
IND_03566,AFR,0.5623844699226045,Q3_MedVuln,0
IND_03567,SAS,0.420931926275111,Q2_LowVuln,0
IND_03568,AFR,0.4335623249222666,Q2_LowVuln,0
IND_03569,AMR,0.6120458292389003,Q3_MedVuln,0
IND_03570,EUR,0.5685065254050652,Q3_MedVuln,0
IND_03571,EUR,0.7636043111911104,Q4_HighestVuln,1
IND_03572,EUR,0.5715474504005734,Q3_MedVuln,0
IND_03573,EAS,0.5283019005536542,Q3_MedVuln,0
IND_03574,SAS,0.1971952062385039,Q1_LowestVuln,0
IND_03575,EAS,0.34746611005094125,Q2_LowVuln,0
IND_03576,EAS,0.553391721760796,Q3_MedVuln,0
IND_03577,AMR,0.8262587193914614,Q4_HighestVuln,1
IND_03578,AFR,0.36204071537607285,Q2_LowVuln,0
IND_03579,AMR,0.4608856821315379,Q2_LowVuln,0
IND_03580,EAS,0.5170215503240754,Q3_MedVuln,0
IND_03581,SAS,0.4769024022589015,Q2_LowVuln,0
IND_03582,AFR,0.7144781332009835,Q3_MedVuln,0
IND_03583,EUR,0.39446370678473197,Q2_LowVuln,0
IND_03584,AFR,0.6435478134264807,Q3_MedVuln,0
IND_03585,SAS,0.17288584085374964,Q1_LowestVuln,0
IND_03586,EAS,0.3760590791285972,Q2_LowVuln,0
IND_03587,AFR,0.24189999722968597,Q1_LowestVuln,0
IND_03588,AFR,0.7125213703978778,Q3_MedVuln,0
IND_03589,EAS,0.3507724427348886,Q2_LowVuln,0
IND_03590,EUR,0.5327356137024262,Q3_MedVuln,0
IND_03591,AMR,0.8880752063555595,Q4_HighestVuln,1
IND_03592,AFR,0.4569437332637533,Q2_LowVuln,0
IND_03593,EAS,0.5265702972197805,Q3_MedVuln,0
IND_03594,AFR,0.26865103848450195,Q2_LowVuln,0
IND_03595,EUR,0.7336548556030605,Q3_MedVuln,0
IND_03596,AMR,0.6783434150521216,Q3_MedVuln,0
IND_03597,AMR,0.11056270767154815,Q1_LowestVuln,0
IND_03598,AFR,0.5948984643462142,Q3_MedVuln,0
IND_03599,SAS,0.334653303390424,Q2_LowVuln,0
IND_03600,SAS,0.7149850353687145,Q3_MedVuln,0
IND_03601,EAS,0.44337487880122767,Q2_LowVuln,0
IND_03602,SAS,0.8206455322018404,Q4_HighestVuln,1
IND_03603,AMR,0.7602540617087391,Q4_HighestVuln,1
IND_03604,AFR,0.5109857085856543,Q3_MedVuln,0
IND_03605,SAS,0.19489982249162371,Q1_LowestVuln,0
IND_03606,AMR,0.24909237302420698,Q1_LowestVuln,0
IND_03607,EAS,0.6979361071369703,Q3_MedVuln,0
IND_03608,EUR,0.5229346828361748,Q3_MedVuln,0
IND_03609,SAS,0.7973241337400645,Q4_HighestVuln,1
IND_03610,AFR,0.3581166904316321,Q2_LowVuln,0
IND_03611,AFR,0.7555254194382555,Q4_HighestVuln,1
IND_03612,SAS,0.5621796427642937,Q3_MedVuln,0
IND_03613,EUR,0.5571855339850065,Q3_MedVuln,0
IND_03614,AFR,0.6777989010008466,Q3_MedVuln,0
IND_03615,EAS,0.3054716684402835,Q2_LowVuln,0
IND_03616,SAS,0.556573176295577,Q3_MedVuln,0
IND_03617,EUR,0.151622834107259,Q1_LowestVuln,0
IND_03618,AMR,0.7334337560933188,Q3_MedVuln,0
IND_03619,EUR,0.5236051756093033,Q3_MedVuln,0
IND_03620,AFR,0.6552347021485351,Q3_MedVuln,0
IND_03621,EUR,0.46139687424257164,Q2_LowVuln,0
IND_03622,EUR,0.03730837625045946,Q1_LowestVuln,0
IND_03623,EAS,0.41752038635049954,Q2_LowVuln,0
IND_03624,AMR,0.4047566888693377,Q2_LowVuln,0
IND_03625,AFR,0.7572263288892325,Q4_HighestVuln,1
IND_03626,AFR,0.5284623742229235,Q3_MedVuln,0
IND_03627,EUR,0.9009975520401714,Q4_HighestVuln,1
IND_03628,EUR,0.27557031867209697,Q2_LowVuln,0
IND_03629,EUR,0.11249369417475855,Q1_LowestVuln,0
IND_03630,AMR,0.6678122661393715,Q3_MedVuln,0
IND_03631,AMR,0.7008621342483068,Q3_MedVuln,0
IND_03632,SAS,0.5914176935367917,Q3_MedVuln,0
IND_03633,SAS,0.5303418656041816,Q3_MedVuln,0
IND_03634,SAS,0.297407360864305,Q2_LowVuln,0
IND_03635,EAS,0.12588251821224505,Q1_LowestVuln,0
IND_03636,AMR,0.8298751945714975,Q4_HighestVuln,1
IND_03637,EAS,0.29631306157707415,Q2_LowVuln,0
IND_03638,AFR,0.9458577205433188,Q4_HighestVuln,1
IND_03639,EAS,0.6123394271889538,Q3_MedVuln,0
IND_03640,AFR,0.6731606063199473,Q3_MedVuln,0
IND_03641,SAS,0.6227739063435143,Q3_MedVuln,0
IND_03642,EAS,0.3678792732826778,Q2_LowVuln,0
IND_03643,EAS,0.56066822967375,Q3_MedVuln,0
IND_03644,EUR,0.4020706540974927,Q2_LowVuln,0
IND_03645,AFR,0.5198935701583974,Q3_MedVuln,0
IND_03646,EUR,0.2881499203334344,Q2_LowVuln,0
IND_03647,EUR,0.24136168321300355,Q1_LowestVuln,0
IND_03648,EUR,0.42231018930611297,Q2_LowVuln,0
IND_03649,AFR,0.7588687910267239,Q4_HighestVuln,1
IND_03650,EUR,0.44923129334718387,Q2_LowVuln,0
IND_03651,EAS,0.5009634870959477,Q3_MedVuln,0
IND_03652,EAS,0.3678215013714711,Q2_LowVuln,0
IND_03653,EAS,0.057781977510476076,Q1_LowestVuln,0
IND_03654,AMR,0.28015771031660547,Q2_LowVuln,0
IND_03655,SAS,0.44066944966604876,Q2_LowVuln,0
IND_03656,AMR,0.3233691009905651,Q2_LowVuln,0
IND_03657,AFR,0.8972009022514724,Q4_HighestVuln,1
IND_03658,AFR,0.5049961436298502,Q3_MedVuln,0
IND_03659,AFR,0.7090046898235342,Q3_MedVuln,0
IND_03660,AMR,0.49309632620072413,Q2_LowVuln,0
IND_03661,EAS,0.6823359791933237,Q3_MedVuln,0
IND_03662,AFR,0.7330474208161853,Q3_MedVuln,0
IND_03663,EAS,0.09956040524006671,Q1_LowestVuln,0
IND_03664,SAS,0.57495359977479,Q3_MedVuln,0
IND_03665,SAS,0.7407561709662003,Q3_MedVuln,0
IND_03666,EUR,0.6029045398430679,Q3_MedVuln,0
IND_03667,EUR,0.2571051094748553,Q2_LowVuln,0
IND_03668,EAS,0.24827552484865614,Q1_LowestVuln,0
IND_03669,EAS,0.21093997086420377,Q1_LowestVuln,0
IND_03670,EUR,0.4712416824369748,Q2_LowVuln,0
IND_03671,EAS,0.3278933335039846,Q2_LowVuln,0
IND_03672,EUR,0.32527163798740594,Q2_LowVuln,0
IND_03673,AMR,0.6719219928283114,Q3_MedVuln,0
IND_03674,AMR,0.6502588699632755,Q3_MedVuln,0
IND_03675,EUR,0.3444063529692473,Q2_LowVuln,0
IND_03676,EUR,0.32118309240724463,Q2_LowVuln,0
IND_03677,SAS,0.5349564223696848,Q3_MedVuln,0
IND_03678,EAS,0.0781692219976023,Q1_LowestVuln,0
IND_03679,SAS,0.7037806743711931,Q3_MedVuln,0
IND_03680,SAS,0.20481686912833158,Q1_LowestVuln,0
IND_03681,SAS,0.330791686326257,Q2_LowVuln,0
IND_03682,AFR,0.9513219035718806,Q4_HighestVuln,1
IND_03683,AFR,0.5295606603587728,Q3_MedVuln,0
IND_03684,EUR,0.7643257169150801,Q4_HighestVuln,1
IND_03685,EAS,0.06273351341598236,Q1_LowestVuln,0
IND_03686,EUR,0.20749618285198132,Q1_LowestVuln,0
IND_03687,EAS,0.233369612274004,Q1_LowestVuln,0
IND_03688,SAS,0.9668190124526408,Q4_HighestVuln,1
IND_03689,AFR,0.7399662672713879,Q3_MedVuln,0
IND_03690,EAS,0.18671097920260213,Q1_LowestVuln,0
IND_03691,AFR,0.749835899794573,Q3_MedVuln,0
IND_03692,EAS,0.4310782779704818,Q2_LowVuln,0
IND_03693,EAS,0.29347914417818816,Q2_LowVuln,0
IND_03694,AMR,0.6999210476646707,Q3_MedVuln,0
IND_03695,AMR,0.5742135353267893,Q3_MedVuln,0
IND_03696,AMR,0.22550608504068806,Q1_LowestVuln,0
IND_03697,AFR,0.6945639761539815,Q3_MedVuln,0
IND_03698,EUR,0.5159253485773344,Q3_MedVuln,0
IND_03699,AFR,0.3935597063484045,Q2_LowVuln,0
IND_03700,EAS,0.7145378392638128,Q3_MedVuln,0
IND_03701,AFR,0.793151952620637,Q4_HighestVuln,1
IND_03702,EAS,0.19218037445528932,Q1_LowestVuln,0
IND_03703,SAS,0.13185874450168783,Q1_LowestVuln,0
IND_03704,AMR,0.897364692779298,Q4_HighestVuln,1
IND_03705,AMR,0.3588805547282902,Q2_LowVuln,0
IND_03706,EAS,0.20522093385316453,Q1_LowestVuln,0
IND_03707,EUR,0.5919882408132097,Q3_MedVuln,0
IND_03708,EAS,0.6967545107609519,Q3_MedVuln,0
IND_03709,EUR,0.27550480219230533,Q2_LowVuln,0
IND_03710,AFR,0.5134239097216087,Q3_MedVuln,0
IND_03711,EAS,0.2132444301877764,Q1_LowestVuln,0
IND_03712,AFR,0.521582941765234,Q3_MedVuln,0
IND_03713,EUR,0.664359459502681,Q3_MedVuln,0
IND_03714,AMR,0.10487077140647956,Q1_LowestVuln,0
IND_03715,AFR,0.669937468595298,Q3_MedVuln,0
IND_03716,AFR,0.4588443968810251,Q2_LowVuln,0
IND_03717,AMR,0.7377773904926048,Q3_MedVuln,0
IND_03718,SAS,0.6635385131450526,Q3_MedVuln,0
IND_03719,SAS,0.5377816782537729,Q3_MedVuln,0
IND_03720,AFR,0.23617185857659503,Q1_LowestVuln,0
IND_03721,SAS,0.7343934984259236,Q3_MedVuln,0
IND_03722,AMR,0.5913089639749378,Q3_MedVuln,0
IND_03723,SAS,0.7233633082179002,Q3_MedVuln,0
IND_03724,SAS,0.4634044492213883,Q2_LowVuln,0
IND_03725,EUR,0.21350406654159151,Q1_LowestVuln,0
IND_03726,SAS,0.7741126344406176,Q4_HighestVuln,1
IND_03727,AFR,0.38337915660196664,Q2_LowVuln,0
IND_03728,EAS,0.595797244171657,Q3_MedVuln,0
IND_03729,AMR,0.4248488401180181,Q2_LowVuln,0
IND_03730,AMR,0.777889965241918,Q4_HighestVuln,1
IND_03731,SAS,0.5570960715698723,Q3_MedVuln,0
IND_03732,EUR,0.24088761975053322,Q1_LowestVuln,0
IND_03733,AMR,0.502821934193356,Q3_MedVuln,0
IND_03734,EUR,0.3883390481556129,Q2_LowVuln,0
IND_03735,AMR,0.6220653799206184,Q3_MedVuln,0
IND_03736,AFR,0.24895987343428533,Q1_LowestVuln,0
IND_03737,SAS,0.782816737256614,Q4_HighestVuln,1
IND_03738,EUR,0.20193365524763007,Q1_LowestVuln,0
IND_03739,SAS,0.3960357012889956,Q2_LowVuln,0
IND_03740,AFR,0.3092623823941348,Q2_LowVuln,0
IND_03741,SAS,0.419824747681191,Q2_LowVuln,0
IND_03742,SAS,0.3526620454364063,Q2_LowVuln,0
IND_03743,EAS,0.41727016342497525,Q2_LowVuln,0
IND_03744,EAS,0.6399789006664692,Q3_MedVuln,0
IND_03745,AFR,0.8569397542085698,Q4_HighestVuln,1
IND_03746,AFR,0.37910043993741027,Q2_LowVuln,0
IND_03747,AMR,0.5763794265626049,Q3_MedVuln,0
IND_03748,AMR,0.6976793554615037,Q3_MedVuln,0
IND_03749,EAS,0.3519702135691813,Q2_LowVuln,0
IND_03750,SAS,0.7630892923516411,Q4_HighestVuln,1
IND_03751,EUR,0.39029403153574377,Q2_LowVuln,0
IND_03752,EUR,0.1783298219949001,Q1_LowestVuln,0
IND_03753,AFR,0.8850602776262303,Q4_HighestVuln,1
IND_03754,AMR,0.34294822225757177,Q2_LowVuln,0
IND_03755,AFR,0.8646361897837777,Q4_HighestVuln,1
IND_03756,AFR,0.7335669071450047,Q3_MedVuln,0
IND_03757,AFR,0.8678772946339026,Q4_HighestVuln,1
IND_03758,EUR,0.24253983085401884,Q1_LowestVuln,0
IND_03759,EAS,0.6224105827947527,Q3_MedVuln,0
IND_03760,EAS,0.5292182132787395,Q3_MedVuln,0
IND_03761,EAS,0.1739257212521681,Q1_LowestVuln,0
IND_03762,SAS,0.29076745092735384,Q2_LowVuln,0
IND_03763,SAS,0.8472010895157833,Q4_HighestVuln,1
IND_03764,AMR,0.3589839447873484,Q2_LowVuln,0
IND_03765,AFR,0.8317385353821475,Q4_HighestVuln,1
IND_03766,EUR,0.7105795089195941,Q3_MedVuln,0
IND_03767,SAS,0.8009111227500318,Q4_HighestVuln,1
IND_03768,AMR,0.6886611185352329,Q3_MedVuln,0
IND_03769,EUR,0.1461548378800735,Q1_LowestVuln,0
IND_03770,AMR,0.40741298570495604,Q2_LowVuln,0
IND_03771,SAS,0.5470567198000889,Q3_MedVuln,0
IND_03772,AFR,0.6850619952371996,Q3_MedVuln,0
IND_03773,AFR,0.6995031346118371,Q3_MedVuln,0
IND_03774,EAS,0.5643755558597903,Q3_MedVuln,0
IND_03775,SAS,0.383486438896836,Q2_LowVuln,0
IND_03776,AMR,0.306267910365082,Q2_LowVuln,0
IND_03777,SAS,0.9198715459445996,Q4_HighestVuln,1
IND_03778,EAS,0.559976393235252,Q3_MedVuln,0
IND_03779,AMR,0.8551872112073217,Q4_HighestVuln,1
IND_03780,AFR,0.49946802052451383,Q2_LowVuln,0
IND_03781,EAS,0.23892913468565025,Q1_LowestVuln,0
IND_03782,SAS,0.7628328387037508,Q4_HighestVuln,1
IND_03783,EUR,0.19973670922150966,Q1_LowestVuln,0
IND_03784,EAS,0.3658475973749495,Q2_LowVuln,0
IND_03785,AFR,0.8182063148380723,Q4_HighestVuln,1
IND_03786,EUR,0.7213871632964888,Q3_MedVuln,0
IND_03787,EUR,0.753518914374463,Q4_HighestVuln,1
IND_03788,AMR,0.19405022388666565,Q1_LowestVuln,0
IND_03789,EAS,0.3548339840134577,Q2_LowVuln,0
IND_03790,AFR,0.6896270873556957,Q3_MedVuln,0
IND_03791,SAS,0.6253402951759335,Q3_MedVuln,0
IND_03792,AFR,0.7000915556958182,Q3_MedVuln,0
IND_03793,EUR,0.5205124892903881,Q3_MedVuln,0
IND_03794,EAS,0.40200563143221146,Q2_LowVuln,0
IND_03795,SAS,0.6316653527339577,Q3_MedVuln,0
IND_03796,EAS,0.1689110440604603,Q1_LowestVuln,0
IND_03797,EUR,0.43348309097270693,Q2_LowVuln,0
IND_03798,SAS,0.573962704758396,Q3_MedVuln,0
IND_03799,AMR,0.46698689110389385,Q2_LowVuln,0
IND_03800,EAS,0.44598493677539,Q2_LowVuln,0
IND_03801,EAS,0.6684223928453292,Q3_MedVuln,0
IND_03802,EUR,0.6960030235678938,Q3_MedVuln,0
IND_03803,AMR,0.7635887997867983,Q4_HighestVuln,1
IND_03804,EUR,0.281200181636569,Q2_LowVuln,0
IND_03805,EUR,0.8613903878343032,Q4_HighestVuln,1
IND_03806,SAS,0.36129148240956926,Q2_LowVuln,0
IND_03807,AFR,0.09738909811699475,Q1_LowestVuln,0
IND_03808,SAS,0.6708158262564287,Q3_MedVuln,0
IND_03809,EAS,0.6811527094921045,Q3_MedVuln,0
IND_03810,AFR,0.5734198777687813,Q3_MedVuln,0
IND_03811,EAS,0.37691706320118284,Q2_LowVuln,0
IND_03812,SAS,0.5731689858838719,Q3_MedVuln,0
IND_03813,SAS,0.3816695172528936,Q2_LowVuln,0
IND_03814,SAS,0.669804114519968,Q3_MedVuln,0
IND_03815,EAS,0.5560736064451159,Q3_MedVuln,0
IND_03816,EAS,0.542241483895949,Q3_MedVuln,0
IND_03817,EUR,0.2767226359924353,Q2_LowVuln,0
IND_03818,EUR,0.6064450274963592,Q3_MedVuln,0
IND_03819,EAS,0.4262075603660141,Q2_LowVuln,0
IND_03820,SAS,0.5635395895561041,Q3_MedVuln,0
IND_03821,AFR,0.543115451111481,Q3_MedVuln,0
IND_03822,EAS,0.779945438096498,Q4_HighestVuln,1
IND_03823,AFR,0.7671384132988696,Q4_HighestVuln,1
IND_03824,AFR,0.78389526912089,Q4_HighestVuln,1
IND_03825,EUR,0.710207018366541,Q3_MedVuln,0
IND_03826,SAS,0.4323328252496217,Q2_LowVuln,0
IND_03827,SAS,0.4288525880731808,Q2_LowVuln,0
IND_03828,AMR,0.8635780875334435,Q4_HighestVuln,1
IND_03829,AFR,0.8365847952407762,Q4_HighestVuln,1
IND_03830,AFR,0.4574310262574979,Q2_LowVuln,0
IND_03831,SAS,0.51743366047608,Q3_MedVuln,0
IND_03832,EAS,0.17021888683876957,Q1_LowestVuln,0
IND_03833,EAS,0.3696710691495904,Q2_LowVuln,0
IND_03834,AMR,0.5376768309640675,Q3_MedVuln,0
IND_03835,EUR,0.5817111432537513,Q3_MedVuln,0
IND_03836,AFR,0.7410778926325049,Q3_MedVuln,0
IND_03837,EAS,0.8385168296346599,Q4_HighestVuln,1
IND_03838,AFR,0.814828587674958,Q4_HighestVuln,1
IND_03839,SAS,0.5659943320634925,Q3_MedVuln,0
IND_03840,AFR,0.4589871632447082,Q2_LowVuln,0
IND_03841,EAS,0.7004593492727187,Q3_MedVuln,0
IND_03842,EAS,0.21384701670114578,Q1_LowestVuln,0
IND_03843,AMR,0.25963117209137127,Q2_LowVuln,0
IND_03844,AFR,0.23933398193087263,Q1_LowestVuln,0
IND_03845,EAS,0.5236673681178575,Q3_MedVuln,0
IND_03846,AMR,0.778416486174159,Q4_HighestVuln,1
IND_03847,AFR,0.48520765810828465,Q2_LowVuln,0
IND_03848,EUR,0.3307502696052062,Q2_LowVuln,0
IND_03849,EUR,0.4617448100547827,Q2_LowVuln,0
IND_03850,AFR,0.275604670400665,Q2_LowVuln,0
IND_03851,SAS,0.5215632967011496,Q3_MedVuln,0
IND_03852,SAS,0.561448292091129,Q3_MedVuln,0
IND_03853,AFR,0.5967255758709048,Q3_MedVuln,0
IND_03854,EAS,0.47099884675369114,Q2_LowVuln,0
IND_03855,AFR,0.608338756893218,Q3_MedVuln,0
IND_03856,EAS,0.6315333784641657,Q3_MedVuln,0
IND_03857,AFR,0.7396803086044261,Q3_MedVuln,0
IND_03858,AFR,0.32299261285847536,Q2_LowVuln,0
IND_03859,EAS,0.2644732384511595,Q2_LowVuln,0
IND_03860,AFR,0.8068988676402439,Q4_HighestVuln,1
IND_03861,SAS,0.6073086442345833,Q3_MedVuln,0
IND_03862,EAS,0.4875928885014921,Q2_LowVuln,0
IND_03863,EUR,0.5424726704861585,Q3_MedVuln,0
IND_03864,AFR,0.8426569475600748,Q4_HighestVuln,1
IND_03865,EUR,0.586695343867264,Q3_MedVuln,0
IND_03866,SAS,0.551047325214238,Q3_MedVuln,0
IND_03867,EAS,0.050648809895058385,Q1_LowestVuln,0
IND_03868,EUR,0.6978489376348822,Q3_MedVuln,0
IND_03869,AFR,0.6857389439563478,Q3_MedVuln,0
IND_03870,EUR,0.12354565776639453,Q1_LowestVuln,0
IND_03871,EUR,0.6432460986976031,Q3_MedVuln,0
IND_03872,AFR,0.13079025126659033,Q1_LowestVuln,0
IND_03873,EUR,0.387253140827089,Q2_LowVuln,0
IND_03874,EUR,0.3999704012668024,Q2_LowVuln,0
IND_03875,EAS,0.42415794366519416,Q2_LowVuln,0
IND_03876,EAS,0.1414991962644931,Q1_LowestVuln,0
IND_03877,AMR,0.41106124097889163,Q2_LowVuln,0
IND_03878,SAS,0.840915802199117,Q4_HighestVuln,1
IND_03879,SAS,0.3767890465606657,Q2_LowVuln,0
IND_03880,SAS,0.9063129956299308,Q4_HighestVuln,1
IND_03881,AMR,0.653313221363078,Q3_MedVuln,0
IND_03882,EUR,0.46129644324018526,Q2_LowVuln,0
IND_03883,EAS,0.30759962770812693,Q2_LowVuln,0
IND_03884,EAS,0.4754924691050272,Q2_LowVuln,0
IND_03885,EUR,0.11506493254341332,Q1_LowestVuln,0
IND_03886,EUR,0.2184723862626413,Q1_LowestVuln,0
IND_03887,SAS,0.841396229527425,Q4_HighestVuln,1
IND_03888,AFR,0.6908407594561062,Q3_MedVuln,0
IND_03889,AMR,0.786666764229324,Q4_HighestVuln,1
IND_03890,EAS,0.19443023172644952,Q1_LowestVuln,0
IND_03891,AMR,0.4368411276029964,Q2_LowVuln,0
IND_03892,EAS,0.15306853162358172,Q1_LowestVuln,0
IND_03893,AFR,0.6412192150370164,Q3_MedVuln,0
IND_03894,EAS,0.5012165940005155,Q3_MedVuln,0
IND_03895,EUR,0.46003328775382296,Q2_LowVuln,0
IND_03896,AMR,0.5200718288919032,Q3_MedVuln,0
IND_03897,AFR,0.31490870985588804,Q2_LowVuln,0
IND_03898,SAS,0.14879810475262545,Q1_LowestVuln,0
IND_03899,SAS,0.16674738967980368,Q1_LowestVuln,0
IND_03900,SAS,0.7808509609645984,Q4_HighestVuln,1
IND_03901,EUR,0.5142010443845223,Q3_MedVuln,0
IND_03902,SAS,0.48640168717626325,Q2_LowVuln,0
IND_03903,EUR,0.4418552145467533,Q2_LowVuln,0
IND_03904,SAS,0.765379600083775,Q4_HighestVuln,1
IND_03905,SAS,0.22837234961381092,Q1_LowestVuln,0
IND_03906,AMR,0.717630990522513,Q3_MedVuln,0
IND_03907,SAS,0.5876603265576578,Q3_MedVuln,0
IND_03908,AMR,0.5946538342380566,Q3_MedVuln,0
IND_03909,EUR,0.7182833450940582,Q3_MedVuln,0
IND_03910,EUR,0.1275316419169394,Q1_LowestVuln,0
IND_03911,AMR,0.6704789679177809,Q3_MedVuln,0
IND_03912,AMR,0.6362567067886974,Q3_MedVuln,0
IND_03913,EAS,0.50023959478224,Q3_MedVuln,0
IND_03914,EUR,0.38725256087190585,Q2_LowVuln,0
IND_03915,EUR,0.6184300217412889,Q3_MedVuln,0
IND_03916,SAS,0.7763413313357191,Q4_HighestVuln,1
IND_03917,SAS,0.17326725044342453,Q1_LowestVuln,0
IND_03918,EAS,0.28281411217331254,Q2_LowVuln,0
IND_03919,EAS,0.1903334071117788,Q1_LowestVuln,0
IND_03920,SAS,0.9181878908014135,Q4_HighestVuln,1
IND_03921,AFR,0.8425564954967741,Q4_HighestVuln,1
IND_03922,AMR,0.4825099326356049,Q2_LowVuln,0
IND_03923,EUR,0.556206156679916,Q3_MedVuln,0
IND_03924,EUR,0.6362522819772938,Q3_MedVuln,0
IND_03925,AMR,0.7039870072402956,Q3_MedVuln,0
IND_03926,AMR,0.8099380295457873,Q4_HighestVuln,1
IND_03927,EUR,0.629605991668728,Q3_MedVuln,0
IND_03928,SAS,0.25200789506758514,Q2_LowVuln,0
IND_03929,AMR,0.36969243325974666,Q2_LowVuln,0
IND_03930,AFR,0.7215531988143995,Q3_MedVuln,0
IND_03931,SAS,0.15699479047608983,Q1_LowestVuln,0
IND_03932,EUR,0.676862049368481,Q3_MedVuln,0
IND_03933,EAS,0.5230892799666012,Q3_MedVuln,0
IND_03934,EUR,0.16375920366457444,Q1_LowestVuln,0
IND_03935,SAS,0.6700462094910483,Q3_MedVuln,0
IND_03936,EUR,0.10771803170549338,Q1_LowestVuln,0
IND_03937,EUR,0.2734941672423697,Q2_LowVuln,0
IND_03938,AMR,0.5503443551986683,Q3_MedVuln,0
IND_03939,SAS,0.5136105807512427,Q3_MedVuln,0
IND_03940,AMR,0.43998264050407354,Q2_LowVuln,0
IND_03941,EUR,0.5527335935974506,Q3_MedVuln,0
IND_03942,AFR,0.4349842263890583,Q2_LowVuln,0
IND_03943,AFR,0.7293199559174817,Q3_MedVuln,0
IND_03944,EAS,0.19505759539630618,Q1_LowestVuln,0
IND_03945,AMR,0.39926606560520933,Q2_LowVuln,0
IND_03946,SAS,0.7264174617678756,Q3_MedVuln,0
IND_03947,AFR,0.5284365629216761,Q3_MedVuln,0
IND_03948,EAS,0.3325032550558279,Q2_LowVuln,0
IND_03949,SAS,0.5576871632097108,Q3_MedVuln,0
IND_03950,AFR,0.9397429698456746,Q4_HighestVuln,1
IND_03951,AMR,0.8407385064007241,Q4_HighestVuln,1
IND_03952,SAS,0.2035318957634987,Q1_LowestVuln,0
IND_03953,AFR,0.5623749106127681,Q3_MedVuln,0
IND_03954,EUR,0.17645334310331712,Q1_LowestVuln,0
IND_03955,EUR,0.4455338362167886,Q2_LowVuln,0
IND_03956,EUR,0.6789890495743063,Q3_MedVuln,0
IND_03957,AFR,0.5200798111846462,Q3_MedVuln,0
IND_03958,EAS,0.17836090912818253,Q1_LowestVuln,0
IND_03959,EAS,0.7694378251151817,Q4_HighestVuln,1
IND_03960,AMR,0.2967172276066261,Q2_LowVuln,0
IND_03961,SAS,0.648126789084322,Q3_MedVuln,0
IND_03962,SAS,0.6001176195317999,Q3_MedVuln,0
IND_03963,AMR,0.2554988253801353,Q2_LowVuln,0
IND_03964,AFR,0.8497674138836415,Q4_HighestVuln,1
IND_03965,SAS,0.3845348073637369,Q2_LowVuln,0
IND_03966,SAS,0.6226392242701793,Q3_MedVuln,0
IND_03967,EAS,0.10779117688719199,Q1_LowestVuln,0
IND_03968,AMR,0.7754193193603055,Q4_HighestVuln,1
IND_03969,SAS,0.29655628217808144,Q2_LowVuln,0
IND_03970,EAS,0.5783230412610808,Q3_MedVuln,0
IND_03971,SAS,0.7403444945479359,Q3_MedVuln,0
IND_03972,EUR,0.6204451565905084,Q3_MedVuln,0
IND_03973,EAS,0.8142968244181267,Q4_HighestVuln,1
IND_03974,AMR,0.8504751797175741,Q4_HighestVuln,1
IND_03975,AFR,0.6726574977254705,Q3_MedVuln,0
IND_03976,EAS,0.539458936935259,Q3_MedVuln,0
IND_03977,AMR,0.48000018144294315,Q2_LowVuln,0
IND_03978,AMR,0.4136325803764947,Q2_LowVuln,0
IND_03979,EAS,0.5388070338184715,Q3_MedVuln,0
IND_03980,AFR,0.5781833826135675,Q3_MedVuln,0
IND_03981,AFR,0.7131034436902581,Q3_MedVuln,0
IND_03982,SAS,0.862477533688972,Q4_HighestVuln,1
IND_03983,EAS,0.5748254769260114,Q3_MedVuln,0
IND_03984,AFR,0.7426452988172555,Q3_MedVuln,0
IND_03985,EUR,0.3510676786693044,Q2_LowVuln,0
IND_03986,AMR,0.012982392270274321,Q1_LowestVuln,0
IND_03987,EUR,0.36214710000544803,Q2_LowVuln,0
IND_03988,EAS,0.3942466978407698,Q2_LowVuln,0
IND_03989,EAS,0.5291972494710617,Q3_MedVuln,0
IND_03990,AMR,0.6752455966452837,Q3_MedVuln,0
IND_03991,EAS,0.6105612881168374,Q3_MedVuln,0
IND_03992,AFR,0.6516091261221192,Q3_MedVuln,0
IND_03993,EAS,0.6431541787955777,Q3_MedVuln,0
IND_03994,EUR,0.2642092302191074,Q2_LowVuln,0
IND_03995,AFR,0.7578470239111105,Q4_HighestVuln,1
IND_03996,SAS,0.48163717803789624,Q2_LowVuln,0
IND_03997,EAS,0.33178176801814413,Q2_LowVuln,0
IND_03998,EUR,0.45283260770641287,Q2_LowVuln,0
IND_03999,EAS,0.3856934356282654,Q2_LowVuln,0
IND_04000,EUR,0.32550370548238033,Q2_LowVuln,0
IND_04001,SAS,0.22372607965212707,Q1_LowestVuln,0
IND_04002,SAS,0.6470318851927735,Q3_MedVuln,0
IND_04003,AMR,0.44006379251840155,Q2_LowVuln,0
IND_04004,AMR,0.6834473621513019,Q3_MedVuln,0
IND_04005,AFR,0.14604233379788387,Q1_LowestVuln,0
IND_04006,SAS,0.2879084038308766,Q2_LowVuln,0
IND_04007,AMR,0.15951094567980853,Q1_LowestVuln,0
IND_04008,SAS,0.5329238656183899,Q3_MedVuln,0
IND_04009,EUR,0.6544969509379062,Q3_MedVuln,0
IND_04010,SAS,0.6384703641369341,Q3_MedVuln,0
IND_04011,AMR,0.45734791394608754,Q2_LowVuln,0
IND_04012,SAS,0.6446071899928886,Q3_MedVuln,0
IND_04013,SAS,0.2367823537438787,Q1_LowestVuln,0
IND_04014,EUR,0.3049512100584603,Q2_LowVuln,0
IND_04015,SAS,0.41368518160044404,Q2_LowVuln,0
IND_04016,EUR,0.2412117167357677,Q1_LowestVuln,0
IND_04017,EAS,0.4255339749542785,Q2_LowVuln,0
IND_04018,AMR,0.7482280989858124,Q3_MedVuln,0
IND_04019,EUR,0.3110233636147411,Q2_LowVuln,0
IND_04020,SAS,0.040873821747571835,Q1_LowestVuln,0
IND_04021,EUR,0.5954633306571853,Q3_MedVuln,0
IND_04022,AFR,0.5134915659642971,Q3_MedVuln,0
IND_04023,EAS,0.39891289562246884,Q2_LowVuln,0
IND_04024,AMR,0.4945257518828789,Q2_LowVuln,0
IND_04025,SAS,0.537201742134648,Q3_MedVuln,0
IND_04026,AFR,0.7671376906669389,Q4_HighestVuln,1
IND_04027,AFR,0.38254956221400493,Q2_LowVuln,0
IND_04028,EUR,0.26429309594769446,Q2_LowVuln,0
IND_04029,SAS,0.7096079139470981,Q3_MedVuln,0
IND_04030,EAS,0.24172888052875288,Q1_LowestVuln,0
IND_04031,AFR,0.24692938265798384,Q1_LowestVuln,0
IND_04032,AFR,0.7527236903271679,Q4_HighestVuln,1
IND_04033,AMR,0.41361274221948013,Q2_LowVuln,0
IND_04034,AFR,0.7190382167964585,Q3_MedVuln,0
IND_04035,EUR,0.4127635914816734,Q2_LowVuln,0
IND_04036,EUR,0.4143943757744538,Q2_LowVuln,0
IND_04037,AFR,0.7496345768887033,Q3_MedVuln,0
IND_04038,AFR,0.5267465455224754,Q3_MedVuln,0
IND_04039,AFR,0.565471543353052,Q3_MedVuln,0
IND_04040,SAS,0.32185389592425956,Q2_LowVuln,0
IND_04041,AFR,0.19990112677589725,Q1_LowestVuln,0
IND_04042,AMR,0.3752939946546407,Q2_LowVuln,0
IND_04043,AFR,0.32972810075533915,Q2_LowVuln,0
IND_04044,EUR,0.7285503440461008,Q3_MedVuln,0
IND_04045,EUR,0.7484708343886385,Q3_MedVuln,0
IND_04046,AFR,0.5888570726743253,Q3_MedVuln,0
IND_04047,AFR,0.6820819002936305,Q3_MedVuln,0
IND_04048,EAS,0.31347490973265396,Q2_LowVuln,0
IND_04049,EUR,0.3304610060401667,Q2_LowVuln,0
IND_04050,SAS,0.35781036425498336,Q2_LowVuln,0
IND_04051,AFR,0.6652481302087854,Q3_MedVuln,0
IND_04052,SAS,0.5682753016062552,Q3_MedVuln,0
IND_04053,EAS,0.5716939528294139,Q3_MedVuln,0
IND_04054,SAS,0.36034345758548886,Q2_LowVuln,0
IND_04055,SAS,0.4245928008586574,Q2_LowVuln,0
IND_04056,EUR,0.7376090874428629,Q3_MedVuln,0
IND_04057,AMR,0.5646080275309292,Q3_MedVuln,0
IND_04058,SAS,0.3483627977145389,Q2_LowVuln,0
IND_04059,EUR,0.6585549781111596,Q3_MedVuln,0
IND_04060,EAS,0.3482195216253208,Q2_LowVuln,0
IND_04061,AFR,0.7746454614598268,Q4_HighestVuln,1
IND_04062,EAS,0.5895782879477702,Q3_MedVuln,0
IND_04063,SAS,0.6252360256863857,Q3_MedVuln,0
IND_04064,EAS,0.22959697088805106,Q1_LowestVuln,0
IND_04065,EUR,0.7933972685343894,Q4_HighestVuln,1
IND_04066,AFR,0.8516128687807998,Q4_HighestVuln,1
IND_04067,AMR,0.6829129124929179,Q3_MedVuln,0
IND_04068,SAS,0.6861955283355555,Q3_MedVuln,0
IND_04069,AFR,0.9199563550907872,Q4_HighestVuln,1
IND_04070,EAS,0.33871481373659573,Q2_LowVuln,0
IND_04071,AFR,0.642145188999856,Q3_MedVuln,0
IND_04072,SAS,0.6344188514579219,Q3_MedVuln,0
IND_04073,EAS,0.4357183201061141,Q2_LowVuln,0
IND_04074,AFR,0.602654086700303,Q3_MedVuln,0
IND_04075,SAS,0.636674589493906,Q3_MedVuln,0
IND_04076,SAS,0.47518747806058903,Q2_LowVuln,0
IND_04077,SAS,0.5661739519006553,Q3_MedVuln,0
IND_04078,EAS,0.4758212500607305,Q2_LowVuln,0
IND_04079,AFR,0.5172655416434019,Q3_MedVuln,0
IND_04080,AFR,0.3849078678216967,Q2_LowVuln,0
IND_04081,SAS,0.19370804215269202,Q1_LowestVuln,0
IND_04082,AMR,0.7477658025871092,Q3_MedVuln,0
IND_04083,AFR,0.4199116296058167,Q2_LowVuln,0
IND_04084,AFR,0.8062043615712959,Q4_HighestVuln,1
IND_04085,AFR,0.7309634747806886,Q3_MedVuln,0
IND_04086,EAS,0.41431507706681114,Q2_LowVuln,0
IND_04087,EAS,0.4853873180367955,Q2_LowVuln,0
IND_04088,EAS,0.527000311014541,Q3_MedVuln,0
IND_04089,AFR,0.48450527790269804,Q2_LowVuln,0
IND_04090,AMR,0.7907477270256501,Q4_HighestVuln,1
IND_04091,EAS,0.4481933607070603,Q2_LowVuln,0
IND_04092,AMR,0.3526967089549299,Q2_LowVuln,0
IND_04093,SAS,0.29384987513516964,Q2_LowVuln,0
IND_04094,AFR,0.6263989206059479,Q3_MedVuln,0
IND_04095,AFR,0.756049280006268,Q4_HighestVuln,1
IND_04096,AMR,0.5524958022042596,Q3_MedVuln,0
IND_04097,EUR,0.14075313771515777,Q1_LowestVuln,0
IND_04098,AMR,0.926989439169619,Q4_HighestVuln,1
IND_04099,AFR,0.7061522548149811,Q3_MedVuln,0
IND_04100,EAS,0.6706757792704298,Q3_MedVuln,0
IND_04101,EUR,0.17636216143464334,Q1_LowestVuln,0
IND_04102,AFR,0.8520541962184748,Q4_HighestVuln,1
IND_04103,AFR,0.47842437443803315,Q2_LowVuln,0
IND_04104,AMR,0.6812980561591229,Q3_MedVuln,0
IND_04105,EAS,0.09905797154568784,Q1_LowestVuln,0
IND_04106,AMR,0.9001921848465447,Q4_HighestVuln,1
IND_04107,EUR,0.2989989952436231,Q2_LowVuln,0
IND_04108,EAS,0.0495353956000382,Q1_LowestVuln,0
IND_04109,AFR,0.4862558457222314,Q2_LowVuln,0
IND_04110,SAS,0.5335884074891338,Q3_MedVuln,0
IND_04111,SAS,0.7837487628306157,Q4_HighestVuln,1
IND_04112,EAS,0.8561547803685234,Q4_HighestVuln,1
IND_04113,EUR,0.24620476182891868,Q1_LowestVuln,0
IND_04114,EUR,0.3150223355225412,Q2_LowVuln,0
IND_04115,SAS,0.5830834198836095,Q3_MedVuln,0
IND_04116,SAS,0.649648372029668,Q3_MedVuln,0
IND_04117,SAS,0.1895589807764434,Q1_LowestVuln,0
IND_04118,AMR,0.7696040511464877,Q4_HighestVuln,1
IND_04119,EAS,0.15403629201388716,Q1_LowestVuln,0
IND_04120,AFR,0.5529065210430322,Q3_MedVuln,0
IND_04121,AMR,0.4185738745997204,Q2_LowVuln,0
IND_04122,AMR,0.34946596976731137,Q2_LowVuln,0
IND_04123,AMR,0.8128918646779525,Q4_HighestVuln,1
IND_04124,AMR,0.2987552765051932,Q2_LowVuln,0
IND_04125,EAS,0.18696677659824557,Q1_LowestVuln,0
IND_04126,SAS,0.33242121751500064,Q2_LowVuln,0
IND_04127,AFR,0.515897165789703,Q3_MedVuln,0
IND_04128,SAS,0.4332097188534885,Q2_LowVuln,0
IND_04129,EAS,0.1651614541518121,Q1_LowestVuln,0
IND_04130,SAS,0.8309853150898845,Q4_HighestVuln,1
IND_04131,EUR,0.05268917608716017,Q1_LowestVuln,0
IND_04132,AFR,0.6875356628651579,Q3_MedVuln,0
IND_04133,EUR,0.2053279361242694,Q1_LowestVuln,0
IND_04134,EUR,0.4579406079635341,Q2_LowVuln,0
IND_04135,AFR,0.24425978409052299,Q1_LowestVuln,0
IND_04136,SAS,0.24599774279258316,Q1_LowestVuln,0
IND_04137,SAS,0.5394709706009478,Q3_MedVuln,0
IND_04138,EAS,0.807683691523238,Q4_HighestVuln,1
IND_04139,EAS,0.1441204538534205,Q1_LowestVuln,0
IND_04140,AFR,0.47554136018535986,Q2_LowVuln,0
IND_04141,AFR,0.3348650222361774,Q2_LowVuln,0
IND_04142,SAS,0.8051804102535994,Q4_HighestVuln,1
IND_04143,SAS,0.14928875490494195,Q1_LowestVuln,0
IND_04144,EAS,0.544054722739893,Q3_MedVuln,0
IND_04145,AFR,0.44165768769713754,Q2_LowVuln,0
IND_04146,AFR,0.7851220326037928,Q4_HighestVuln,1
IND_04147,AFR,0.6256434914865807,Q3_MedVuln,0
IND_04148,EAS,0.5106618816388849,Q3_MedVuln,0
IND_04149,AFR,0.8116272765637513,Q4_HighestVuln,1
IND_04150,AFR,0.6533052632715785,Q3_MedVuln,0
IND_04151,EAS,0.5459981857346483,Q3_MedVuln,0
IND_04152,AMR,0.9100590380513834,Q4_HighestVuln,1
IND_04153,EAS,0.3614404728065469,Q2_LowVuln,0
IND_04154,EUR,0.3757896244984499,Q2_LowVuln,0
IND_04155,AFR,0.8650898665295568,Q4_HighestVuln,1
IND_04156,AFR,0.6221868810251955,Q3_MedVuln,0
IND_04157,EAS,0.06974729581351564,Q1_LowestVuln,0
IND_04158,AFR,0.4192077674618843,Q2_LowVuln,0
IND_04159,EAS,0.07720018654149843,Q1_LowestVuln,0
IND_04160,SAS,0.578345672462451,Q3_MedVuln,0
IND_04161,SAS,0.25992135796461774,Q2_LowVuln,0
IND_04162,AMR,0.5951041232061398,Q3_MedVuln,0
IND_04163,AFR,0.9377440063739023,Q4_HighestVuln,1
IND_04164,EUR,0.324315004553665,Q2_LowVuln,0
IND_04165,AFR,0.43975197393740134,Q2_LowVuln,0
IND_04166,AFR,0.5643590828238607,Q3_MedVuln,0
IND_04167,SAS,0.7396309363896368,Q3_MedVuln,0
IND_04168,EAS,0.5106382487973747,Q3_MedVuln,0
IND_04169,AFR,0.3403193135658387,Q2_LowVuln,0
IND_04170,SAS,0.4870140318545266,Q2_LowVuln,0
IND_04171,EUR,0.16133763100566728,Q1_LowestVuln,0
IND_04172,EAS,0.24299843758334969,Q1_LowestVuln,0
IND_04173,SAS,0.8553662560625209,Q4_HighestVuln,1
IND_04174,AMR,0.4945515559820682,Q2_LowVuln,0
IND_04175,AMR,0.9029516364815698,Q4_HighestVuln,1
IND_04176,EUR,0.40872197970543134,Q2_LowVuln,0
IND_04177,EAS,0.3855844623676349,Q2_LowVuln,0
IND_04178,SAS,0.6016606916023094,Q3_MedVuln,0
IND_04179,EUR,0.5051907660692875,Q3_MedVuln,0
IND_04180,AMR,0.6109960404142656,Q3_MedVuln,0
IND_04181,EUR,0.2462043735266178,Q1_LowestVuln,0
IND_04182,AFR,0.8896949475425902,Q4_HighestVuln,1
IND_04183,SAS,0.2838193269979154,Q2_LowVuln,0
IND_04184,AFR,0.6794704735877833,Q3_MedVuln,0
IND_04185,AFR,0.8950919873960743,Q4_HighestVuln,1
IND_04186,EUR,0.22458505486528751,Q1_LowestVuln,0
IND_04187,SAS,0.588443487633879,Q3_MedVuln,0
IND_04188,EUR,0.6073146781335087,Q3_MedVuln,0
IND_04189,EAS,0.4248672487466804,Q2_LowVuln,0
IND_04190,AMR,0.8449682268057707,Q4_HighestVuln,1
IND_04191,EAS,0.4306787981356553,Q2_LowVuln,0
IND_04192,AMR,0.4140314284614683,Q2_LowVuln,0
IND_04193,EUR,0.1284551818405898,Q1_LowestVuln,0
IND_04194,EAS,0.7229031498925559,Q3_MedVuln,0
IND_04195,SAS,0.6595216076318623,Q3_MedVuln,0
IND_04196,EUR,0.34771399623933646,Q2_LowVuln,0
IND_04197,EAS,0.3426167074035868,Q2_LowVuln,0
IND_04198,AMR,0.777477586008708,Q4_HighestVuln,1
IND_04199,AFR,0.8653849040543197,Q4_HighestVuln,1
IND_04200,EUR,0.21150663857493848,Q1_LowestVuln,0
IND_04201,SAS,0.41960551742208935,Q2_LowVuln,0
IND_04202,EUR,0.43872915359675346,Q2_LowVuln,0
IND_04203,AMR,0.8218994981041652,Q4_HighestVuln,1
IND_04204,AFR,0.9229356853602468,Q4_HighestVuln,1
IND_04205,AMR,0.4418614638713121,Q2_LowVuln,0
IND_04206,EUR,0.5080835500183368,Q3_MedVuln,0
IND_04207,AFR,0.7564683497952899,Q4_HighestVuln,1
IND_04208,EUR,0.4964057312069502,Q2_LowVuln,0
IND_04209,EUR,0.20272740397003733,Q1_LowestVuln,0
IND_04210,AFR,0.34629795138024133,Q2_LowVuln,0
IND_04211,EUR,0.33558690254247087,Q2_LowVuln,0
IND_04212,AFR,0.3836897785276264,Q2_LowVuln,0
IND_04213,AMR,0.7545483992893387,Q4_HighestVuln,1
IND_04214,EUR,0.24413978605465841,Q1_LowestVuln,0
IND_04215,SAS,0.8284428209908163,Q4_HighestVuln,1
IND_04216,AFR,0.5054884757671783,Q3_MedVuln,0
IND_04217,AFR,0.8373014043465219,Q4_HighestVuln,1
IND_04218,AFR,0.7664898800888309,Q4_HighestVuln,1
IND_04219,EAS,0.260164554170387,Q2_LowVuln,0
IND_04220,AMR,0.8972276394458796,Q4_HighestVuln,1
IND_04221,AMR,0.8580609243310091,Q4_HighestVuln,1
IND_04222,EUR,0.6594228282118652,Q3_MedVuln,0
IND_04223,EUR,0.3186733438464799,Q2_LowVuln,0
IND_04224,EAS,0.3246275300132843,Q2_LowVuln,0
IND_04225,SAS,0.5689150706070955,Q3_MedVuln,0
IND_04226,AMR,0.6977706257163752,Q3_MedVuln,0
IND_04227,EAS,0.19050030340857155,Q1_LowestVuln,0
IND_04228,AFR,0.7931018619100645,Q4_HighestVuln,1
IND_04229,EUR,0.34378850751400986,Q2_LowVuln,0
IND_04230,EUR,0.5291074460151367,Q3_MedVuln,0
IND_04231,SAS,0.11933404676373925,Q1_LowestVuln,0
IND_04232,EUR,0.39603082603704626,Q2_LowVuln,0
IND_04233,AFR,0.5267419982841592,Q3_MedVuln,0
IND_04234,AFR,0.8215622004904488,Q4_HighestVuln,1
IND_04235,EUR,0.4445131535913249,Q2_LowVuln,0
IND_04236,EUR,0.47788009288889527,Q2_LowVuln,0
IND_04237,SAS,0.4181566741824884,Q2_LowVuln,0
IND_04238,EUR,0.3399330478538466,Q2_LowVuln,0
IND_04239,SAS,0.11060962792279073,Q1_LowestVuln,0
IND_04240,AFR,0.5071487475713204,Q3_MedVuln,0
IND_04241,EAS,0.501694025933331,Q3_MedVuln,0
IND_04242,EUR,0.2645171170518728,Q2_LowVuln,0
IND_04243,EUR,0.4076606919518706,Q2_LowVuln,0
IND_04244,EUR,0.8425570712191028,Q4_HighestVuln,1
IND_04245,EAS,0.7131439931317614,Q3_MedVuln,0
IND_04246,EAS,0.35544814396662094,Q2_LowVuln,0
IND_04247,EUR,0.35530071135952385,Q2_LowVuln,0
IND_04248,SAS,0.5137815254469534,Q3_MedVuln,0
IND_04249,SAS,0.7147703361168617,Q3_MedVuln,0
IND_04250,AFR,0.8938230197501329,Q4_HighestVuln,1
IND_04251,SAS,0.5671174206278481,Q3_MedVuln,0
IND_04252,EUR,0.3821356882986125,Q2_LowVuln,0
IND_04253,EAS,0.4534450442779569,Q2_LowVuln,0
IND_04254,AMR,0.46748367250171174,Q2_LowVuln,0
IND_04255,SAS,0.7207842801945418,Q3_MedVuln,0
IND_04256,AFR,0.3678411514583138,Q2_LowVuln,0
IND_04257,SAS,0.38779049383269765,Q2_LowVuln,0
IND_04258,EAS,0.35816564946029705,Q2_LowVuln,0
IND_04259,AFR,0.883360036477572,Q4_HighestVuln,1
IND_04260,EUR,0.15173800729778752,Q1_LowestVuln,0
IND_04261,AFR,0.2515607975227945,Q2_LowVuln,0
IND_04262,AMR,0.7712712368520511,Q4_HighestVuln,1
IND_04263,EAS,0.16497836268308638,Q1_LowestVuln,0
IND_04264,AMR,0.8681881100379489,Q4_HighestVuln,1
IND_04265,EAS,0.16846795071213713,Q1_LowestVuln,0
IND_04266,AFR,0.4441001485891103,Q2_LowVuln,0
IND_04267,AFR,0.7727270443709782,Q4_HighestVuln,1
IND_04268,SAS,0.3131631469283334,Q2_LowVuln,0
IND_04269,EUR,0.11070931884579006,Q1_LowestVuln,0
IND_04270,SAS,0.3745370486857088,Q2_LowVuln,0
IND_04271,AMR,0.9568761020714928,Q4_HighestVuln,1
IND_04272,EAS,0.27325602857353876,Q2_LowVuln,0
IND_04273,EAS,0.3958750987358808,Q2_LowVuln,0
IND_04274,EAS,0.3132429791136781,Q2_LowVuln,0
IND_04275,AMR,0.4136765896828402,Q2_LowVuln,0
IND_04276,SAS,0.26136405659903067,Q2_LowVuln,0
IND_04277,AFR,0.48289391210627314,Q2_LowVuln,0
IND_04278,EUR,0.8238843558990302,Q4_HighestVuln,1
IND_04279,AFR,0.9603236458543952,Q4_HighestVuln,1
IND_04280,EAS,0.25651527462393836,Q2_LowVuln,0
IND_04281,AMR,0.7824077281501434,Q4_HighestVuln,1
IND_04282,AFR,0.709407047511532,Q3_MedVuln,0
IND_04283,AFR,0.7785959780797209,Q4_HighestVuln,1
IND_04284,EUR,0.4980304168520417,Q2_LowVuln,0
IND_04285,AMR,0.827153950546955,Q4_HighestVuln,1
IND_04286,EAS,0.18844278650730142,Q1_LowestVuln,0
IND_04287,EUR,0.25501317908334925,Q2_LowVuln,0
IND_04288,EUR,0.8988443691016516,Q4_HighestVuln,1
IND_04289,AFR,0.802090580558704,Q4_HighestVuln,1
IND_04290,AMR,0.5857625402553943,Q3_MedVuln,0
IND_04291,SAS,0.2595726901656323,Q2_LowVuln,0
IND_04292,SAS,0.5557685295075377,Q3_MedVuln,0
IND_04293,AMR,0.7287934819082483,Q3_MedVuln,0
IND_04294,AFR,0.45993682362936367,Q2_LowVuln,0
IND_04295,SAS,0.36141809276609266,Q2_LowVuln,0
IND_04296,AFR,0.7124304412193236,Q3_MedVuln,0
IND_04297,AFR,0.7951205259530928,Q4_HighestVuln,1
IND_04298,SAS,0.20796608455571577,Q1_LowestVuln,0
IND_04299,EAS,0.4133998982040502,Q2_LowVuln,0
IND_04300,SAS,0.23919413355273797,Q1_LowestVuln,0
IND_04301,EUR,0.6733812087202743,Q3_MedVuln,0
IND_04302,EAS,0.5159315281111455,Q3_MedVuln,0
IND_04303,EAS,0.47343396326439346,Q2_LowVuln,0
IND_04304,AFR,0.5545178711580553,Q3_MedVuln,0
IND_04305,EAS,0.3672729130085543,Q2_LowVuln,0
IND_04306,AMR,0.841729725015617,Q4_HighestVuln,1
IND_04307,SAS,0.7099276025440618,Q3_MedVuln,0
IND_04308,EAS,0.35744372915686873,Q2_LowVuln,0
IND_04309,AMR,0.4598216483197654,Q2_LowVuln,0
IND_04310,SAS,0.43621973801875846,Q2_LowVuln,0
IND_04311,EUR,0.6537690884325487,Q3_MedVuln,0
IND_04312,SAS,0.8941148147594535,Q4_HighestVuln,1
IND_04313,EUR,0.41817307609210735,Q2_LowVuln,0
IND_04314,EAS,0.4332209854838152,Q2_LowVuln,0
IND_04315,AMR,0.7475836985946581,Q3_MedVuln,0
IND_04316,AMR,0.8425967621503058,Q4_HighestVuln,1
IND_04317,AFR,0.7866521035024312,Q4_HighestVuln,1
IND_04318,AMR,0.40250042484308624,Q2_LowVuln,0
IND_04319,EAS,0.23958510420219145,Q1_LowestVuln,0
IND_04320,AFR,0.7776475081127386,Q4_HighestVuln,1
IND_04321,AFR,0.7984551104822137,Q4_HighestVuln,1
IND_04322,AMR,0.4843334694579409,Q2_LowVuln,0
IND_04323,EUR,0.6164613092852149,Q3_MedVuln,0
IND_04324,EAS,0.39748458628783123,Q2_LowVuln,0
IND_04325,EAS,0.47926376634544887,Q2_LowVuln,0
IND_04326,EAS,0.3212043099728873,Q2_LowVuln,0
IND_04327,EUR,0.2226713743749556,Q1_LowestVuln,0
IND_04328,EAS,0.44894657017857736,Q2_LowVuln,0
IND_04329,EAS,0.112572239811473,Q1_LowestVuln,0
IND_04330,AFR,0.6733356670917188,Q3_MedVuln,0
IND_04331,EAS,0.6236322894497662,Q3_MedVuln,0
IND_04332,EAS,0.04811024404626524,Q1_LowestVuln,0
IND_04333,EAS,0.20151469688343945,Q1_LowestVuln,0
IND_04334,EAS,0.140975182137432,Q1_LowestVuln,0
IND_04335,EAS,0.4307817344032974,Q2_LowVuln,0
IND_04336,EUR,0.789567184511034,Q4_HighestVuln,1
IND_04337,EUR,0.4264665315490534,Q2_LowVuln,0
IND_04338,EAS,0.6381542637514265,Q3_MedVuln,0
IND_04339,SAS,0.5166176850904652,Q3_MedVuln,0
IND_04340,AFR,0.5324184353316357,Q3_MedVuln,0
IND_04341,EAS,0.30508810840805073,Q2_LowVuln,0
IND_04342,EAS,0.07384606798775008,Q1_LowestVuln,0
IND_04343,SAS,0.2582335934958526,Q2_LowVuln,0
IND_04344,AFR,0.8463904894465623,Q4_HighestVuln,1
IND_04345,SAS,0.3011664857345914,Q2_LowVuln,0
IND_04346,SAS,0.7168957283683556,Q3_MedVuln,0
IND_04347,AFR,0.3965118726388079,Q2_LowVuln,0
IND_04348,EUR,0.2709672317459173,Q2_LowVuln,0
IND_04349,EAS,0.3448043765205831,Q2_LowVuln,0
IND_04350,EAS,0.2398431957053901,Q1_LowestVuln,0
IND_04351,AMR,0.6761972312768991,Q3_MedVuln,0
IND_04352,AFR,0.8809184801665818,Q4_HighestVuln,1
IND_04353,SAS,0.35727492893007984,Q2_LowVuln,0
IND_04354,AMR,0.5384085771514876,Q3_MedVuln,0
IND_04355,SAS,0.5310804141562855,Q3_MedVuln,0
IND_04356,EUR,0.5169051942465436,Q3_MedVuln,0
IND_04357,AMR,0.48126367217513266,Q2_LowVuln,0
IND_04358,AFR,0.638217573515295,Q3_MedVuln,0
IND_04359,EAS,0.483537697421092,Q2_LowVuln,0
IND_04360,AFR,0.5172909042438883,Q3_MedVuln,0
IND_04361,AFR,0.5430689521760214,Q3_MedVuln,0
IND_04362,AFR,0.37165486188025926,Q2_LowVuln,0
IND_04363,AFR,0.6056294524654516,Q3_MedVuln,0
IND_04364,EUR,0.2526196593179087,Q2_LowVuln,0
IND_04365,EUR,0.3519581241437068,Q2_LowVuln,0
IND_04366,AFR,0.6884784355189956,Q3_MedVuln,0
IND_04367,SAS,0.720462278535274,Q3_MedVuln,0
IND_04368,SAS,0.5171886135275061,Q3_MedVuln,0
IND_04369,AFR,0.503630488569291,Q3_MedVuln,0
IND_04370,AMR,0.6237728305732274,Q3_MedVuln,0
IND_04371,AFR,0.3323814561989535,Q2_LowVuln,0
IND_04372,AMR,0.6838901002458501,Q3_MedVuln,0
IND_04373,EUR,0.6148393993748829,Q3_MedVuln,0
IND_04374,AFR,0.30890428274843074,Q2_LowVuln,0
IND_04375,AMR,0.3438381913991877,Q2_LowVuln,0
IND_04376,EAS,0.4229975408319483,Q2_LowVuln,0
IND_04377,AFR,0.18905598783796787,Q1_LowestVuln,0
IND_04378,SAS,0.49144381808223137,Q2_LowVuln,0
IND_04379,AMR,0.9213096473892687,Q4_HighestVuln,1
IND_04380,AFR,0.5480466854517566,Q3_MedVuln,0
IND_04381,EAS,0.21388826431878125,Q1_LowestVuln,0
IND_04382,AFR,0.5782003067786983,Q3_MedVuln,0
IND_04383,EAS,0.07814891317355772,Q1_LowestVuln,0
IND_04384,AFR,0.5761295569919886,Q3_MedVuln,0
IND_04385,AFR,0.5497828893820205,Q3_MedVuln,0
IND_04386,SAS,0.3639902359740132,Q2_LowVuln,0
IND_04387,AFR,0.38464890807897434,Q2_LowVuln,0
IND_04388,AFR,0.8677540730234993,Q4_HighestVuln,1
IND_04389,EUR,0.7600170245072031,Q4_HighestVuln,1
IND_04390,EAS,0.7335301667072167,Q3_MedVuln,0
IND_04391,EUR,0.35314368432985666,Q2_LowVuln,0
IND_04392,AFR,0.5827325012911174,Q3_MedVuln,0
IND_04393,EUR,0.36134086769959356,Q2_LowVuln,0
IND_04394,EAS,0.09846340391809719,Q1_LowestVuln,0
IND_04395,EUR,0.3164237024601375,Q2_LowVuln,0
IND_04396,AFR,0.7284437611610879,Q3_MedVuln,0
IND_04397,EAS,0.31221141094136795,Q2_LowVuln,0
IND_04398,AFR,0.6297013666671296,Q3_MedVuln,0
IND_04399,EUR,0.23061634555807436,Q1_LowestVuln,0
IND_04400,AMR,0.5229599919248974,Q3_MedVuln,0
IND_04401,EUR,0.7041738409878004,Q3_MedVuln,0
IND_04402,EUR,0.3213042771105907,Q2_LowVuln,0
IND_04403,SAS,0.5165282526263671,Q3_MedVuln,0
IND_04404,EUR,0.5567367750962601,Q3_MedVuln,0
IND_04405,EAS,0.28523457152232484,Q2_LowVuln,0
IND_04406,SAS,0.4407887466893613,Q2_LowVuln,0
IND_04407,SAS,0.59398652018849,Q3_MedVuln,0
IND_04408,EAS,0.4924065390472711,Q2_LowVuln,0
IND_04409,SAS,0.4523304684396644,Q2_LowVuln,0
IND_04410,EAS,0.5278072162523817,Q3_MedVuln,0
IND_04411,SAS,0.3865997674914181,Q2_LowVuln,0
IND_04412,SAS,0.6914958408326487,Q3_MedVuln,0
IND_04413,EAS,0.30819167038799,Q2_LowVuln,0
IND_04414,SAS,0.3990867568660443,Q2_LowVuln,0
IND_04415,AMR,0.2108008425579118,Q1_LowestVuln,0
IND_04416,SAS,0.24759432843522683,Q1_LowestVuln,0
IND_04417,AMR,0.7536204910613706,Q4_HighestVuln,1
IND_04418,SAS,0.4259335117010461,Q2_LowVuln,0
IND_04419,AMR,0.39889314360194356,Q2_LowVuln,0
IND_04420,SAS,0.8050053875117882,Q4_HighestVuln,1
IND_04421,EAS,0.14335677080574485,Q1_LowestVuln,0
IND_04422,EUR,0.15758606347579546,Q1_LowestVuln,0
IND_04423,AFR,0.31494006459445695,Q2_LowVuln,0
IND_04424,AMR,0.4301440220203002,Q2_LowVuln,0
IND_04425,AMR,0.6812353997430135,Q3_MedVuln,0
IND_04426,EUR,0.04941331610740919,Q1_LowestVuln,0
IND_04427,SAS,0.1535912752217425,Q1_LowestVuln,0
IND_04428,EUR,0.5618049157343346,Q3_MedVuln,0
IND_04429,EUR,0.28173726634624724,Q2_LowVuln,0
IND_04430,AFR,0.7261187167870837,Q3_MedVuln,0
IND_04431,AFR,0.6504290016166807,Q3_MedVuln,0
IND_04432,EUR,0.5371530120316087,Q3_MedVuln,0
IND_04433,EUR,0.6474350104353745,Q3_MedVuln,0
IND_04434,SAS,0.674391140679334,Q3_MedVuln,0
IND_04435,EAS,0.5637680258147034,Q3_MedVuln,0
IND_04436,EAS,0.34600353137242756,Q2_LowVuln,0
IND_04437,AFR,0.5930259554455133,Q3_MedVuln,0
IND_04438,AFR,0.8459552468347306,Q4_HighestVuln,1
IND_04439,AFR,0.5523270849947173,Q3_MedVuln,0
IND_04440,AFR,0.3967018273019026,Q2_LowVuln,0
IND_04441,EAS,0.3801870714242447,Q2_LowVuln,0
IND_04442,AMR,0.8933951002549592,Q4_HighestVuln,1
IND_04443,AFR,0.3125018340053278,Q2_LowVuln,0
IND_04444,SAS,0.5595175645887909,Q3_MedVuln,0
IND_04445,AMR,0.6955908401331721,Q3_MedVuln,0
IND_04446,EAS,0.7160408247441459,Q3_MedVuln,0
IND_04447,EUR,0.6112350079725448,Q3_MedVuln,0
IND_04448,AFR,0.844618431234989,Q4_HighestVuln,1
IND_04449,AMR,0.7132995682015544,Q3_MedVuln,0
IND_04450,SAS,0.4594865680131646,Q2_LowVuln,0
IND_04451,EAS,0.5723309356393443,Q3_MedVuln,0
IND_04452,AFR,0.7912745779109277,Q4_HighestVuln,1
IND_04453,AFR,0.7580779004328444,Q4_HighestVuln,1
IND_04454,EAS,0.7466449042142975,Q3_MedVuln,0
IND_04455,SAS,0.19811405975923777,Q1_LowestVuln,0
IND_04456,EAS,0.7211479117275753,Q3_MedVuln,0
IND_04457,AMR,0.6556563884009691,Q3_MedVuln,0
IND_04458,AFR,0.745203182336717,Q3_MedVuln,0
IND_04459,EAS,0.2686450201566157,Q2_LowVuln,0
IND_04460,AMR,0.7294885304481774,Q3_MedVuln,0
IND_04461,AFR,0.22628205640813132,Q1_LowestVuln,0
IND_04462,EUR,0.7501511664121363,Q4_HighestVuln,1
IND_04463,AMR,0.42703626615852125,Q2_LowVuln,0
IND_04464,SAS,0.2869316098166696,Q2_LowVuln,0
IND_04465,AFR,0.7079457764366737,Q3_MedVuln,0
IND_04466,EAS,0.23895387341210092,Q1_LowestVuln,0
IND_04467,AFR,0.4254852056296717,Q2_LowVuln,0
IND_04468,EUR,0.7953688119478256,Q4_HighestVuln,1
IND_04469,AMR,0.7191230406789267,Q3_MedVuln,0
IND_04470,EUR,0.5249232008894914,Q3_MedVuln,0
IND_04471,SAS,0.3036275260815091,Q2_LowVuln,0
IND_04472,EAS,0.20180975397094023,Q1_LowestVuln,0
IND_04473,EUR,0.8190495505133134,Q4_HighestVuln,1
IND_04474,AMR,0.624391600936792,Q3_MedVuln,0
IND_04475,EAS,0.3607201126943662,Q2_LowVuln,0
IND_04476,EAS,0.7947201715312462,Q4_HighestVuln,1
IND_04477,AFR,0.9561071233210698,Q4_HighestVuln,1
IND_04478,SAS,0.5019622297893721,Q3_MedVuln,0
IND_04479,AMR,0.8187274157116377,Q4_HighestVuln,1
IND_04480,AMR,0.7193711571851794,Q3_MedVuln,0
IND_04481,EUR,0.32754783229042095,Q2_LowVuln,0
IND_04482,EAS,0.4106116182135135,Q2_LowVuln,0
IND_04483,AFR,0.23476881840758695,Q1_LowestVuln,0
IND_04484,AMR,0.8237026224677801,Q4_HighestVuln,1
IND_04485,AMR,0.38784644077085906,Q2_LowVuln,0
IND_04486,AFR,0.3812012620303948,Q2_LowVuln,0
IND_04487,AMR,0.8839328653737961,Q4_HighestVuln,1
IND_04488,EUR,0.24708445959911735,Q1_LowestVuln,0
IND_04489,SAS,0.7061564207428261,Q3_MedVuln,0
IND_04490,EAS,0.7455095999260678,Q3_MedVuln,0
IND_04491,AMR,0.8526850284557154,Q4_HighestVuln,1
IND_04492,EUR,0.1719440841844075,Q1_LowestVuln,0
IND_04493,EAS,0.5230568405261844,Q3_MedVuln,0
IND_04494,AFR,0.4665247825441094,Q2_LowVuln,0
IND_04495,EUR,0.12314276485922622,Q1_LowestVuln,0
IND_04496,AFR,0.5488191207280684,Q3_MedVuln,0
IND_04497,AMR,0.6060599009672364,Q3_MedVuln,0
IND_04498,AMR,0.3948891218603857,Q2_LowVuln,0
IND_04499,SAS,0.645746486607286,Q3_MedVuln,0
IND_04500,EAS,0.32778794154998486,Q2_LowVuln,0
IND_04501,SAS,0.6073878302041185,Q3_MedVuln,0
IND_04502,AFR,0.7620085729364573,Q4_HighestVuln,1
IND_04503,SAS,0.3634548883549956,Q2_LowVuln,0
IND_04504,AMR,0.3123652750653177,Q2_LowVuln,0
IND_04505,AFR,0.944130368229518,Q4_HighestVuln,1
IND_04506,EAS,0.7865746376267146,Q4_HighestVuln,1
IND_04507,EAS,0.1285940078469517,Q1_LowestVuln,0
IND_04508,EAS,0.280143017238969,Q2_LowVuln,0
IND_04509,AFR,0.13787924925656786,Q1_LowestVuln,0
IND_04510,EUR,0.4089420076243529,Q2_LowVuln,0
IND_04511,AFR,0.6082649489586399,Q3_MedVuln,0
IND_04512,EAS,0.3591040727605023,Q2_LowVuln,0
IND_04513,SAS,0.34236396324867735,Q2_LowVuln,0
IND_04514,SAS,0.4817077173775439,Q2_LowVuln,0
IND_04515,EAS,0.29649297758841997,Q2_LowVuln,0
IND_04516,EAS,0.31978622090246167,Q2_LowVuln,0
IND_04517,EAS,0.1376577161745123,Q1_LowestVuln,0
IND_04518,SAS,0.38313038449890296,Q2_LowVuln,0
IND_04519,SAS,0.5111979919981331,Q3_MedVuln,0
IND_04520,SAS,0.6144526413852188,Q3_MedVuln,0
IND_04521,SAS,0.7302138746462759,Q3_MedVuln,0
IND_04522,AMR,0.4088130910112795,Q2_LowVuln,0
IND_04523,AFR,0.8976273815896831,Q4_HighestVuln,1
IND_04524,SAS,0.2882977464634344,Q2_LowVuln,0
IND_04525,AMR,0.5658833645323746,Q3_MedVuln,0
IND_04526,SAS,0.6683157942455002,Q3_MedVuln,0
IND_04527,SAS,0.689687635264407,Q3_MedVuln,0
IND_04528,AMR,0.6203386697730765,Q3_MedVuln,0
IND_04529,EAS,0.07071379189996332,Q1_LowestVuln,0
IND_04530,EUR,0.48154188423699346,Q2_LowVuln,0
IND_04531,EAS,0.21230502817428878,Q1_LowestVuln,0
IND_04532,SAS,0.7514626916086727,Q4_HighestVuln,1
IND_04533,EUR,0.28177097597582534,Q2_LowVuln,0
IND_04534,EUR,0.35669798244875645,Q2_LowVuln,0
IND_04535,EAS,0.0802088612278135,Q1_LowestVuln,0
IND_04536,AFR,0.15934597039530138,Q1_LowestVuln,0
IND_04537,AFR,0.41866890440243404,Q2_LowVuln,0
IND_04538,EUR,0.0946501525752359,Q1_LowestVuln,0
IND_04539,SAS,0.36699077312011724,Q2_LowVuln,0
IND_04540,EAS,0.47247755214072346,Q2_LowVuln,0
IND_04541,EUR,0.43594085493181595,Q2_LowVuln,0
IND_04542,EAS,0.549310722606079,Q3_MedVuln,0
IND_04543,SAS,0.36997750474641855,Q2_LowVuln,0
IND_04544,SAS,0.6338889832802602,Q3_MedVuln,0
IND_04545,EAS,0.2848823673149747,Q2_LowVuln,0
IND_04546,AFR,0.6724313137146471,Q3_MedVuln,0
IND_04547,EAS,0.2857342112428979,Q2_LowVuln,0
IND_04548,EUR,0.4829324588437722,Q2_LowVuln,0
IND_04549,SAS,0.5797906650171908,Q3_MedVuln,0
IND_04550,SAS,0.7131060691596791,Q3_MedVuln,0
IND_04551,EAS,0.6815204631111148,Q3_MedVuln,0
IND_04552,AFR,0.6688787850281679,Q3_MedVuln,0
IND_04553,EUR,0.2735907536981462,Q2_LowVuln,0
IND_04554,EAS,0.2589840769754407,Q2_LowVuln,0
IND_04555,EAS,0.5097458836940784,Q3_MedVuln,0
IND_04556,AMR,0.8535382220075325,Q4_HighestVuln,1
IND_04557,AMR,0.6321285681714162,Q3_MedVuln,0
IND_04558,EUR,0.2035078793584774,Q1_LowestVuln,0
IND_04559,EUR,0.4751119899402634,Q2_LowVuln,0
IND_04560,EUR,0.04107011773562683,Q1_LowestVuln,0
IND_04561,AFR,0.8056478051531315,Q4_HighestVuln,1
IND_04562,AMR,0.6156553215025694,Q3_MedVuln,0
IND_04563,EAS,0.4502873978209602,Q2_LowVuln,0
IND_04564,EUR,0.1842508664796804,Q1_LowestVuln,0
IND_04565,AMR,0.690902176782896,Q3_MedVuln,0
IND_04566,AFR,0.3371948878174225,Q2_LowVuln,0
IND_04567,SAS,0.690166426700202,Q3_MedVuln,0
IND_04568,SAS,0.6535438183391291,Q3_MedVuln,0
IND_04569,EUR,0.03008361844289296,Q1_LowestVuln,0
IND_04570,EAS,0.5410577248881483,Q3_MedVuln,0
IND_04571,SAS,0.3199229802978224,Q2_LowVuln,0
IND_04572,EAS,0.37563894957556965,Q2_LowVuln,0
IND_04573,SAS,0.5287636137512647,Q3_MedVuln,0
IND_04574,EAS,0.45995431698345235,Q2_LowVuln,0
IND_04575,SAS,0.5650017174955645,Q3_MedVuln,0
IND_04576,AFR,0.7274808948059825,Q3_MedVuln,0
IND_04577,EUR,0.593525091922664,Q3_MedVuln,0
IND_04578,EAS,0.6305308674277541,Q3_MedVuln,0
IND_04579,AFR,0.3871755416674437,Q2_LowVuln,0
IND_04580,EUR,0.7883641056735795,Q4_HighestVuln,1
IND_04581,EUR,0.2468657732515989,Q1_LowestVuln,0
IND_04582,EUR,0.6494042051938083,Q3_MedVuln,0
IND_04583,SAS,0.32617154316471125,Q2_LowVuln,0
IND_04584,EAS,0.5235339149325602,Q3_MedVuln,0
IND_04585,AFR,0.6274671400223292,Q3_MedVuln,0
IND_04586,AFR,0.45834469050885834,Q2_LowVuln,0
IND_04587,AFR,0.39094691865669023,Q2_LowVuln,0
IND_04588,AFR,0.3793453209481475,Q2_LowVuln,0
IND_04589,EAS,0.38429295122874263,Q2_LowVuln,0
IND_04590,EAS,0.8188265944216208,Q4_HighestVuln,1
IND_04591,SAS,0.3803107048965451,Q2_LowVuln,0
IND_04592,SAS,0.1530707562908524,Q1_LowestVuln,0
IND_04593,EAS,0.605103312934992,Q3_MedVuln,0
IND_04594,AFR,0.44877214826937684,Q2_LowVuln,0
IND_04595,AMR,0.8763700407079869,Q4_HighestVuln,1
IND_04596,SAS,0.8538841448483652,Q4_HighestVuln,1
IND_04597,AFR,0.7830855538898694,Q4_HighestVuln,1
IND_04598,AMR,0.19834273393581772,Q1_LowestVuln,0
IND_04599,EUR,0.133268396662378,Q1_LowestVuln,0
IND_04600,SAS,0.8736182240396876,Q4_HighestVuln,1
IND_04601,EUR,0.5110229617454597,Q3_MedVuln,0
IND_04602,EUR,0.5811019480541675,Q3_MedVuln,0
IND_04603,AFR,0.40627623203236896,Q2_LowVuln,0
IND_04604,SAS,0.20012112556613942,Q1_LowestVuln,0
IND_04605,EUR,0.7287238211355743,Q3_MedVuln,0
IND_04606,EUR,0.7230537961908643,Q3_MedVuln,0
IND_04607,EAS,0.6239543720937026,Q3_MedVuln,0
IND_04608,AMR,0.6187650158205458,Q3_MedVuln,0
IND_04609,SAS,0.7265886872289338,Q3_MedVuln,0
IND_04610,AMR,0.39845751271593743,Q2_LowVuln,0
IND_04611,AFR,0.6081682989664642,Q3_MedVuln,0
IND_04612,EAS,0.46307425877353103,Q2_LowVuln,0
IND_04613,AFR,0.3116061810423777,Q2_LowVuln,0
IND_04614,EAS,0.37060388508789954,Q2_LowVuln,0
IND_04615,EAS,0.35038047791577587,Q2_LowVuln,0
IND_04616,AMR,0.9251723548370437,Q4_HighestVuln,1
IND_04617,AMR,0.7779223556857594,Q4_HighestVuln,1
IND_04618,EUR,0.6136839683700597,Q3_MedVuln,0
IND_04619,AFR,0.5837887597520665,Q3_MedVuln,0
IND_04620,EAS,0.3754123934865799,Q2_LowVuln,0
IND_04621,AMR,0.7417868988314829,Q3_MedVuln,0
IND_04622,AFR,0.6373163349286962,Q3_MedVuln,0
IND_04623,EAS,0.3164885647925678,Q2_LowVuln,0
IND_04624,EAS,0.3879973223706952,Q2_LowVuln,0
IND_04625,EAS,0.6053345576537125,Q3_MedVuln,0
IND_04626,SAS,0.11697309144413219,Q1_LowestVuln,0
IND_04627,AFR,0.5991368587562206,Q3_MedVuln,0
IND_04628,EUR,0.7464552790350223,Q3_MedVuln,0
IND_04629,SAS,0.6386677392836189,Q3_MedVuln,0
IND_04630,AMR,0.6002544528961073,Q3_MedVuln,0
IND_04631,EUR,0.7554314701859274,Q4_HighestVuln,1
IND_04632,AMR,0.49437282545309064,Q2_LowVuln,0
IND_04633,AFR,0.8942050078096702,Q4_HighestVuln,1
IND_04634,AFR,0.700442897348158,Q3_MedVuln,0
IND_04635,AFR,0.2681815702630591,Q2_LowVuln,0
IND_04636,SAS,0.540790514364746,Q3_MedVuln,0
IND_04637,EUR,0.07614656169131574,Q1_LowestVuln,0
IND_04638,EAS,0.31850123137503633,Q2_LowVuln,0
IND_04639,EAS,0.06250307052269244,Q1_LowestVuln,0
IND_04640,AFR,0.8477603674522539,Q4_HighestVuln,1
IND_04641,EUR,0.17963199544657224,Q1_LowestVuln,0
IND_04642,AFR,0.7367263160691265,Q3_MedVuln,0
IND_04643,EUR,0.600642730440252,Q3_MedVuln,0
IND_04644,SAS,0.3374053084987344,Q2_LowVuln,0
IND_04645,AFR,0.8351660799345438,Q4_HighestVuln,1
IND_04646,AFR,0.6683814047555009,Q3_MedVuln,0
IND_04647,EAS,0.38689435414413903,Q2_LowVuln,0
IND_04648,EAS,0.3206864826666727,Q2_LowVuln,0
IND_04649,EUR,0.3403468173357411,Q2_LowVuln,0
IND_04650,SAS,0.3741563322583258,Q2_LowVuln,0
IND_04651,AMR,0.46926876287632324,Q2_LowVuln,0
IND_04652,SAS,0.5639176372953906,Q3_MedVuln,0
IND_04653,AMR,0.8427258396687097,Q4_HighestVuln,1
IND_04654,EUR,0.4238699674328982,Q2_LowVuln,0
IND_04655,EUR,0.17600056736073744,Q1_LowestVuln,0
IND_04656,EAS,0.4508478845779095,Q2_LowVuln,0
IND_04657,SAS,0.6705611417751322,Q3_MedVuln,0
IND_04658,EAS,0.8453630254438972,Q4_HighestVuln,1
IND_04659,AFR,0.6869156816200803,Q3_MedVuln,0
IND_04660,SAS,0.4803065564070554,Q2_LowVuln,0
IND_04661,EAS,0.3280342195789941,Q2_LowVuln,0
IND_04662,SAS,0.3335911303050276,Q2_LowVuln,0
IND_04663,AFR,0.9451384029230719,Q4_HighestVuln,1
IND_04664,AFR,0.6320607577197895,Q3_MedVuln,0
IND_04665,AFR,0.5927408420783827,Q3_MedVuln,0
IND_04666,SAS,0.1668712395919861,Q1_LowestVuln,0
IND_04667,EUR,0.11759524851078874,Q1_LowestVuln,0
IND_04668,AFR,0.24399011192954542,Q1_LowestVuln,0
IND_04669,AFR,0.7340017255295047,Q3_MedVuln,0
IND_04670,SAS,0.5004890617555116,Q3_MedVuln,0
IND_04671,AFR,0.3991531561649684,Q2_LowVuln,0
IND_04672,AMR,0.42024555860418794,Q2_LowVuln,0
IND_04673,EAS,0.3265364924079615,Q2_LowVuln,0
IND_04674,SAS,0.8545939265251458,Q4_HighestVuln,1
IND_04675,SAS,0.7421481071848662,Q3_MedVuln,0
IND_04676,EUR,0.3709182831794381,Q2_LowVuln,0
IND_04677,SAS,0.2320064916791145,Q1_LowestVuln,0
IND_04678,EUR,0.3934511388439036,Q2_LowVuln,0
IND_04679,EAS,0.762530393095219,Q4_HighestVuln,1
IND_04680,AFR,0.8071489548466744,Q4_HighestVuln,1
IND_04681,EUR,0.4443577834050292,Q2_LowVuln,0
IND_04682,AFR,0.6383152526746719,Q3_MedVuln,0
IND_04683,EUR,0.420091265531502,Q2_LowVuln,0
IND_04684,EAS,0.3334688716801916,Q2_LowVuln,0
IND_04685,SAS,0.40854651742385945,Q2_LowVuln,0
IND_04686,SAS,0.8718610051797997,Q4_HighestVuln,1
IND_04687,AMR,0.9442439050736707,Q4_HighestVuln,1
IND_04688,SAS,0.824635682934785,Q4_HighestVuln,1
IND_04689,EAS,0.22353462711188954,Q1_LowestVuln,0
IND_04690,EUR,0.33443105044491644,Q2_LowVuln,0
IND_04691,AMR,0.8921954841003357,Q4_HighestVuln,1
IND_04692,AMR,0.7864787117160904,Q4_HighestVuln,1
IND_04693,EUR,0.47366228585754516,Q2_LowVuln,0
IND_04694,EUR,0.5768687837802959,Q3_MedVuln,0
IND_04695,EAS,0.3578573405238886,Q2_LowVuln,0
IND_04696,EUR,0.49916519888000205,Q2_LowVuln,0
IND_04697,AFR,0.6975746019448431,Q3_MedVuln,0
IND_04698,AMR,0.6758729355204892,Q3_MedVuln,0
IND_04699,AMR,0.4901157328770135,Q2_LowVuln,0
IND_04700,AMR,0.6621234695095066,Q3_MedVuln,0
IND_04701,EAS,0.15158958670152856,Q1_LowestVuln,0
IND_04702,SAS,0.5703105884193423,Q3_MedVuln,0
IND_04703,EUR,0.16854405685462534,Q1_LowestVuln,0
IND_04704,SAS,0.31871278377712475,Q2_LowVuln,0
IND_04705,EUR,0.1863813879957972,Q1_LowestVuln,0
IND_04706,AMR,0.381650669192452,Q2_LowVuln,0
IND_04707,AFR,0.9503073286165382,Q4_HighestVuln,1
IND_04708,EAS,0.90208310768573,Q4_HighestVuln,1
IND_04709,AMR,0.6541664594369307,Q3_MedVuln,0
IND_04710,EAS,0.4308734909832527,Q2_LowVuln,0
IND_04711,SAS,0.7367902618843618,Q3_MedVuln,0
IND_04712,AFR,0.6897718475302121,Q3_MedVuln,0
IND_04713,AMR,0.7981845308815154,Q4_HighestVuln,1
IND_04714,EUR,0.5251542334307795,Q3_MedVuln,0
IND_04715,SAS,0.8170757949753421,Q4_HighestVuln,1
IND_04716,EAS,0.3682580938456009,Q2_LowVuln,0
IND_04717,AFR,0.493817460530486,Q2_LowVuln,0
IND_04718,AFR,0.7895986887120335,Q4_HighestVuln,1
IND_04719,AFR,0.831882715770536,Q4_HighestVuln,1
IND_04720,EUR,0.3729693786820025,Q2_LowVuln,0
IND_04721,AMR,0.8028628868909393,Q4_HighestVuln,1
IND_04722,AFR,0.9007035528152826,Q4_HighestVuln,1
IND_04723,EUR,0.7204106740804838,Q3_MedVuln,0
IND_04724,AFR,0.6973781982160256,Q3_MedVuln,0
IND_04725,AFR,0.8674953100221233,Q4_HighestVuln,1
IND_04726,SAS,0.6636553297242106,Q3_MedVuln,0
IND_04727,EAS,0.45675464120627207,Q2_LowVuln,0
IND_04728,AFR,0.5138057294448565,Q3_MedVuln,0
IND_04729,EUR,0.41242975528348136,Q2_LowVuln,0
IND_04730,AFR,0.6909881191731976,Q3_MedVuln,0
IND_04731,EUR,0.4714246711159513,Q2_LowVuln,0
IND_04732,EAS,0.4687059627143112,Q2_LowVuln,0
IND_04733,EUR,0.4062678018432657,Q2_LowVuln,0
IND_04734,EAS,0.5293173100311231,Q3_MedVuln,0
IND_04735,AFR,0.3415806316269606,Q2_LowVuln,0
IND_04736,SAS,0.6925429036173814,Q3_MedVuln,0
IND_04737,SAS,0.6945725596068781,Q3_MedVuln,0
IND_04738,EUR,0.3973827883563543,Q2_LowVuln,0
IND_04739,SAS,0.2561213796304253,Q2_LowVuln,0
IND_04740,AMR,0.8503341043396062,Q4_HighestVuln,1
IND_04741,AFR,0.5941433490934508,Q3_MedVuln,0
IND_04742,SAS,0.73245991041993,Q3_MedVuln,0
IND_04743,AFR,0.5867783788873894,Q3_MedVuln,0
IND_04744,SAS,0.5798632677363723,Q3_MedVuln,0
IND_04745,EUR,0.07543854799949086,Q1_LowestVuln,0
IND_04746,EAS,0.4197220884718115,Q2_LowVuln,0
IND_04747,SAS,0.7721461528154772,Q4_HighestVuln,1
IND_04748,SAS,0.37050038590584483,Q2_LowVuln,0
IND_04749,AMR,0.41075410600087614,Q2_LowVuln,0
IND_04750,EAS,0.5970830710442379,Q3_MedVuln,0
IND_04751,SAS,0.20503122629388304,Q1_LowestVuln,0
IND_04752,SAS,0.7271608736873717,Q3_MedVuln,0
IND_04753,AFR,0.6498520141824402,Q3_MedVuln,0
IND_04754,AMR,0.28516950598174035,Q2_LowVuln,0
IND_04755,AFR,0.5558414665779132,Q3_MedVuln,0
IND_04756,AFR,0.23666934323457653,Q1_LowestVuln,0
IND_04757,SAS,0.7171476750877535,Q3_MedVuln,0
IND_04758,SAS,0.2518044782889297,Q2_LowVuln,0
IND_04759,AFR,0.665237278690878,Q3_MedVuln,0
IND_04760,EUR,0.3626823939670785,Q2_LowVuln,0
IND_04761,EAS,0.6293096891562763,Q3_MedVuln,0
IND_04762,EUR,0.45974866705316036,Q2_LowVuln,0
IND_04763,AFR,0.4037289749036701,Q2_LowVuln,0
IND_04764,EAS,0.3412629794637127,Q2_LowVuln,0
IND_04765,SAS,0.5475808119715546,Q3_MedVuln,0
IND_04766,EUR,0.3925905679574234,Q2_LowVuln,0
IND_04767,SAS,0.7095789433948917,Q3_MedVuln,0
IND_04768,EUR,0.49772581088211787,Q2_LowVuln,0
IND_04769,AFR,0.22037729917500504,Q1_LowestVuln,0
IND_04770,SAS,0.9187904998309526,Q4_HighestVuln,1
IND_04771,AMR,0.5568957378738373,Q3_MedVuln,0
IND_04772,EAS,0.08771228726886648,Q1_LowestVuln,0
IND_04773,EAS,0.6326633071380071,Q3_MedVuln,0
IND_04774,EUR,0.8526651857415427,Q4_HighestVuln,1
IND_04775,AFR,0.4119529698196739,Q2_LowVuln,0
IND_04776,AFR,0.883944685471705,Q4_HighestVuln,1
IND_04777,EAS,0.39629586286140944,Q2_LowVuln,0
IND_04778,AMR,0.7712175106607012,Q4_HighestVuln,1
IND_04779,EUR,0.5960321082840927,Q3_MedVuln,0
IND_04780,EAS,0.584613238179383,Q3_MedVuln,0
IND_04781,AFR,0.47463029715488975,Q2_LowVuln,0
IND_04782,EUR,0.5294488313595306,Q3_MedVuln,0
IND_04783,AFR,0.9297660593043027,Q4_HighestVuln,1
IND_04784,AFR,0.8256855756694653,Q4_HighestVuln,1
IND_04785,AFR,0.5879688464354689,Q3_MedVuln,0
IND_04786,EUR,0.1370549888304782,Q1_LowestVuln,0
IND_04787,EAS,0.7703253566633612,Q4_HighestVuln,1
IND_04788,AFR,0.5406291576266791,Q3_MedVuln,0
IND_04789,SAS,0.3385680647230498,Q2_LowVuln,0
IND_04790,AFR,0.6418260376818479,Q3_MedVuln,0
IND_04791,EAS,0.3920986696220793,Q2_LowVuln,0
IND_04792,EAS,0.12179975403435006,Q1_LowestVuln,0
IND_04793,AFR,0.7365309023008072,Q3_MedVuln,0
IND_04794,AFR,0.3192779020325642,Q2_LowVuln,0
IND_04795,AFR,0.8495009871088127,Q4_HighestVuln,1
IND_04796,EUR,0.602464350007413,Q3_MedVuln,0
IND_04797,AMR,0.6952913052371833,Q3_MedVuln,0
IND_04798,EAS,0.4199132756598819,Q2_LowVuln,0
IND_04799,AFR,0.6851879539827337,Q3_MedVuln,0
IND_04800,EUR,0.39316471364574407,Q2_LowVuln,0
IND_04801,AFR,0.5222652625695342,Q3_MedVuln,0
IND_04802,SAS,0.29334509684329696,Q2_LowVuln,0
IND_04803,AFR,0.723067191324853,Q3_MedVuln,0
IND_04804,EAS,0.2697038153252688,Q2_LowVuln,0
IND_04805,SAS,0.7449925529501797,Q3_MedVuln,0
IND_04806,AMR,0.40097704242132687,Q2_LowVuln,0
IND_04807,AFR,0.759101573666693,Q4_HighestVuln,1
IND_04808,EAS,0.38083786632803146,Q2_LowVuln,0
IND_04809,AMR,0.7711737152082668,Q4_HighestVuln,1
IND_04810,AFR,0.4416367436919881,Q2_LowVuln,0
IND_04811,AFR,0.638011549492521,Q3_MedVuln,0
IND_04812,SAS,0.19909584658900448,Q1_LowestVuln,0
IND_04813,AMR,0.6010297946049895,Q3_MedVuln,0
IND_04814,AMR,0.5884910124239284,Q3_MedVuln,0
IND_04815,AFR,0.6877364777869829,Q3_MedVuln,0
IND_04816,SAS,0.30759836921737194,Q2_LowVuln,0
IND_04817,EUR,0.7821112962508892,Q4_HighestVuln,1
IND_04818,EUR,0.40430604130820014,Q2_LowVuln,0
IND_04819,AFR,0.7662769954622562,Q4_HighestVuln,1
IND_04820,AFR,0.8380450870351416,Q4_HighestVuln,1
IND_04821,AFR,0.5346349376126187,Q3_MedVuln,0
IND_04822,AFR,0.9302602591521673,Q4_HighestVuln,1
IND_04823,SAS,0.9208341041703325,Q4_HighestVuln,1
IND_04824,EAS,0.6724449216907754,Q3_MedVuln,0
IND_04825,EUR,0.7076363389837188,Q3_MedVuln,0
IND_04826,EAS,0.44269663407302495,Q2_LowVuln,0
IND_04827,AMR,0.9169953297562169,Q4_HighestVuln,1
IND_04828,SAS,0.5376628561831072,Q3_MedVuln,0
IND_04829,SAS,0.47204038174842805,Q2_LowVuln,0
IND_04830,EUR,0.6180903507634279,Q3_MedVuln,0
IND_04831,EUR,0.4961897306120201,Q2_LowVuln,0
IND_04832,EAS,0.48718714106149963,Q2_LowVuln,0
IND_04833,AMR,0.47302513695960136,Q2_LowVuln,0
IND_04834,AMR,0.368742454058185,Q2_LowVuln,0
IND_04835,SAS,0.7745467600501889,Q4_HighestVuln,1
IND_04836,AMR,0.653704437420703,Q3_MedVuln,0
IND_04837,AFR,0.5615892506104762,Q3_MedVuln,0
IND_04838,EAS,0.5352272346588078,Q3_MedVuln,0
IND_04839,EAS,0.3560547102085626,Q2_LowVuln,0
IND_04840,EAS,0.04082250126824373,Q1_LowestVuln,0
IND_04841,AMR,0.9066047930064731,Q4_HighestVuln,1
IND_04842,SAS,0.03073571870513418,Q1_LowestVuln,0
IND_04843,EAS,0.37130160942287566,Q2_LowVuln,0
IND_04844,AFR,0.48831058246239056,Q2_LowVuln,0
IND_04845,EAS,0.4980499730545222,Q2_LowVuln,0
IND_04846,EUR,0.5040322760222025,Q3_MedVuln,0
IND_04847,EUR,0.2596364640447596,Q2_LowVuln,0
IND_04848,EUR,0.4557234905468321,Q2_LowVuln,0
IND_04849,EAS,0.5475123654741396,Q3_MedVuln,0
IND_04850,EUR,0.24105619109674342,Q1_LowestVuln,0
IND_04851,EUR,0.47623741233650946,Q2_LowVuln,0
IND_04852,EAS,0.31650548402840756,Q2_LowVuln,0
IND_04853,EUR,0.28040765989601785,Q2_LowVuln,0
IND_04854,AFR,0.78669265080095,Q4_HighestVuln,1
IND_04855,SAS,0.5105030359231058,Q3_MedVuln,0
IND_04856,AFR,0.7209242118648358,Q3_MedVuln,0
IND_04857,AFR,0.46385537054467957,Q2_LowVuln,0
IND_04858,EAS,0.16067461488397697,Q1_LowestVuln,0
IND_04859,SAS,0.461795691489796,Q2_LowVuln,0
IND_04860,AMR,0.8145529988173421,Q4_HighestVuln,1
IND_04861,AMR,0.7751366664656286,Q4_HighestVuln,1
IND_04862,EAS,0.13487806669672942,Q1_LowestVuln,0
IND_04863,SAS,0.6891251866383395,Q3_MedVuln,0
IND_04864,AMR,0.5390333471809898,Q3_MedVuln,0
IND_04865,AFR,0.5442581833101557,Q3_MedVuln,0
IND_04866,EAS,0.7483411466740006,Q3_MedVuln,0
IND_04867,SAS,0.648805041543474,Q3_MedVuln,0
IND_04868,AFR,0.7908308095004899,Q4_HighestVuln,1
IND_04869,SAS,0.2251051492107793,Q1_LowestVuln,0
IND_04870,EAS,0.12352970610270789,Q1_LowestVuln,0
IND_04871,EAS,0.753383331740974,Q4_HighestVuln,1
IND_04872,AFR,0.5343483619824927,Q3_MedVuln,0
IND_04873,EAS,0.23443780499881575,Q1_LowestVuln,0
IND_04874,AMR,0.37232136887599704,Q2_LowVuln,0
IND_04875,SAS,0.8552550511115328,Q4_HighestVuln,1
IND_04876,AFR,0.7955521980858268,Q4_HighestVuln,1
IND_04877,EAS,0.10861231009582194,Q1_LowestVuln,0
IND_04878,SAS,0.12789011198208888,Q1_LowestVuln,0
IND_04879,AMR,0.8000700807520482,Q4_HighestVuln,1
IND_04880,EUR,0.5561892390436455,Q3_MedVuln,0
IND_04881,AFR,0.7210387125011652,Q3_MedVuln,0
IND_04882,AFR,0.9472205550419276,Q4_HighestVuln,1
IND_04883,EAS,0.23311891119902614,Q1_LowestVuln,0
IND_04884,AFR,0.20062043665787702,Q1_LowestVuln,0
IND_04885,AFR,0.5451861755330317,Q3_MedVuln,0
IND_04886,EUR,0.183729070575018,Q1_LowestVuln,0
IND_04887,EUR,0.38466563390761566,Q2_LowVuln,0
IND_04888,SAS,0.5623613771715007,Q3_MedVuln,0
IND_04889,EUR,0.26230416190800376,Q2_LowVuln,0
IND_04890,AFR,0.8082248277733362,Q4_HighestVuln,1
IND_04891,SAS,0.7450693272433657,Q3_MedVuln,0
IND_04892,EUR,0.42071392720914197,Q2_LowVuln,0
IND_04893,AFR,0.7899548001485621,Q4_HighestVuln,1
IND_04894,SAS,0.19306205390340422,Q1_LowestVuln,0
IND_04895,SAS,0.8720989967472887,Q4_HighestVuln,1
IND_04896,EAS,0.24444700268764238,Q1_LowestVuln,0
IND_04897,AMR,0.6720549138967377,Q3_MedVuln,0
IND_04898,EUR,0.85545168466724,Q4_HighestVuln,1
IND_04899,SAS,0.4371175099782686,Q2_LowVuln,0
IND_04900,AFR,0.3880419498659299,Q2_LowVuln,0
IND_04901,EUR,0.5766425417425738,Q3_MedVuln,0
IND_04902,AFR,0.5362713605004514,Q3_MedVuln,0
IND_04903,EUR,0.694341363673288,Q3_MedVuln,0
IND_04904,AMR,0.7515249374103112,Q4_HighestVuln,1
IND_04905,SAS,0.9685022253875802,Q4_HighestVuln,1
IND_04906,EUR,0.4347076668240798,Q2_LowVuln,0
IND_04907,AFR,0.4716623610270181,Q2_LowVuln,0
IND_04908,EUR,0.704960890053003,Q3_MedVuln,0
IND_04909,AFR,0.7981289859555705,Q4_HighestVuln,1
IND_04910,EAS,0.7291484512012186,Q3_MedVuln,0
IND_04911,EUR,0.31085965310048896,Q2_LowVuln,0
IND_04912,AFR,0.5047351768443831,Q3_MedVuln,0
IND_04913,SAS,0.8533800099871722,Q4_HighestVuln,1
IND_04914,AFR,0.4656454485083762,Q2_LowVuln,0
IND_04915,SAS,0.6727159925355425,Q3_MedVuln,0
IND_04916,SAS,0.2986118945650333,Q2_LowVuln,0
IND_04917,AFR,0.7624948983099336,Q4_HighestVuln,1
IND_04918,EAS,0.24885409031321665,Q1_LowestVuln,0
IND_04919,EUR,0.7339116539639663,Q3_MedVuln,0
IND_04920,AFR,0.9692037872007521,Q4_HighestVuln,1
IND_04921,AFR,0.6110134446590985,Q3_MedVuln,0
IND_04922,SAS,0.4412013584414443,Q2_LowVuln,0
IND_04923,AFR,0.8151896201765922,Q4_HighestVuln,1
IND_04924,EUR,0.3172511562536069,Q2_LowVuln,0
IND_04925,AFR,0.514280770793701,Q3_MedVuln,0
IND_04926,EUR,0.3926777542614694,Q2_LowVuln,0
IND_04927,EUR,0.35553238171268525,Q2_LowVuln,0
IND_04928,SAS,0.5665353371803407,Q3_MedVuln,0
IND_04929,EUR,0.46251486303755024,Q2_LowVuln,0
IND_04930,EAS,0.26913232866901593,Q2_LowVuln,0
IND_04931,EUR,0.4119692701772898,Q2_LowVuln,0
IND_04932,EAS,0.31138967454750127,Q2_LowVuln,0
IND_04933,EAS,0.4718505324978764,Q2_LowVuln,0
IND_04934,SAS,0.25593359867424603,Q2_LowVuln,0
IND_04935,AFR,0.5606441278622715,Q3_MedVuln,0
IND_04936,EAS,0.571452837993122,Q3_MedVuln,0
IND_04937,EUR,0.39032176603429575,Q2_LowVuln,0
IND_04938,SAS,0.1604617185487601,Q1_LowestVuln,0
IND_04939,AFR,0.4890951868098424,Q2_LowVuln,0
IND_04940,AFR,0.6185007381136701,Q3_MedVuln,0
IND_04941,EAS,0.3735173916014354,Q2_LowVuln,0
IND_04942,EAS,0.1680278775194118,Q1_LowestVuln,0
IND_04943,SAS,0.4268848445016652,Q2_LowVuln,0
IND_04944,EAS,0.675753427443856,Q3_MedVuln,0
IND_04945,EAS,0.46675479378350343,Q2_LowVuln,0
IND_04946,AMR,0.6044169647551393,Q3_MedVuln,0
IND_04947,EAS,0.32840467357112574,Q2_LowVuln,0
IND_04948,EAS,0.5663519721845639,Q3_MedVuln,0
IND_04949,AFR,0.9027951103770908,Q4_HighestVuln,1
IND_04950,AFR,0.4673568913702658,Q2_LowVuln,0
IND_04951,AMR,0.30772978817137087,Q2_LowVuln,0
IND_04952,AFR,0.33790682578363423,Q2_LowVuln,0
IND_04953,AFR,0.4990099458818865,Q2_LowVuln,0
IND_04954,EUR,0.5110654186132696,Q3_MedVuln,0
IND_04955,AMR,0.4906181227937661,Q2_LowVuln,0
IND_04956,AMR,0.7976790886833809,Q4_HighestVuln,1
IND_04957,AFR,0.5087841366398685,Q3_MedVuln,0
IND_04958,EAS,0.5278580315581043,Q3_MedVuln,0
IND_04959,EAS,0.37597073566665284,Q2_LowVuln,0
IND_04960,EAS,0.3796673547578328,Q2_LowVuln,0
IND_04961,AFR,0.15042553806526224,Q1_LowestVuln,0
IND_04962,EAS,0.7973716976836844,Q4_HighestVuln,1
IND_04963,AMR,0.8153024170153489,Q4_HighestVuln,1
IND_04964,EUR,0.08406265451434353,Q1_LowestVuln,0
IND_04965,AFR,0.7217338177379451,Q3_MedVuln,0
IND_04966,EUR,0.3437578235586614,Q2_LowVuln,0
IND_04967,AFR,0.7902837275459205,Q4_HighestVuln,1
IND_04968,EUR,0.1880387084656825,Q1_LowestVuln,0
IND_04969,SAS,0.06082684183974519,Q1_LowestVuln,0
IND_04970,AFR,0.5776161671202991,Q3_MedVuln,0
IND_04971,AMR,0.8704411750900541,Q4_HighestVuln,1
IND_04972,EAS,0.6409257148463391,Q3_MedVuln,0
IND_04973,SAS,0.24317764307170855,Q1_LowestVuln,0
IND_04974,SAS,0.43559978034614383,Q2_LowVuln,0
IND_04975,EUR,0.29662908013530587,Q2_LowVuln,0
IND_04976,EAS,0.6074233888106342,Q3_MedVuln,0
IND_04977,EUR,0.17316873537481356,Q1_LowestVuln,0
IND_04978,AFR,0.6990725560866379,Q3_MedVuln,0
IND_04979,EUR,0.43610887321726627,Q2_LowVuln,0
IND_04980,SAS,0.3444622284876108,Q2_LowVuln,0
IND_04981,EUR,0.17042800782351325,Q1_LowestVuln,0
IND_04982,EAS,0.213667112893764,Q1_LowestVuln,0
IND_04983,EAS,0.5044558295955327,Q3_MedVuln,0
IND_04984,SAS,0.6331684652603625,Q3_MedVuln,0
IND_04985,SAS,0.6243264836769664,Q3_MedVuln,0
IND_04986,SAS,0.4664232166775889,Q2_LowVuln,0
IND_04987,AMR,0.17753694023098032,Q1_LowestVuln,0
IND_04988,EAS,0.45953381111963293,Q2_LowVuln,0
IND_04989,EUR,0.5571159035872197,Q3_MedVuln,0
IND_04990,EUR,0.4510200429990104,Q2_LowVuln,0
IND_04991,AFR,0.6535242239525643,Q3_MedVuln,0
IND_04992,AFR,0.59578261525193,Q3_MedVuln,0
IND_04993,AFR,0.4631536608489906,Q2_LowVuln,0
IND_04994,EUR,0.217388717833455,Q1_LowestVuln,0
IND_04995,EAS,0.5745817289499421,Q3_MedVuln,0
IND_04996,SAS,0.1614677415289668,Q1_LowestVuln,0
IND_04997,AFR,0.5028444573861994,Q3_MedVuln,0
IND_04998,EAS,0.18790387265655148,Q1_LowestVuln,0
IND_04999,SAS,0.5113166400246154,Q3_MedVuln,0
IND_05000,AFR,0.6233356301302034,Q3_MedVuln,0
IND_05001,EUR,0.2886545069651939,Q2_LowVuln,0
IND_05002,EUR,0.13637412740917337,Q1_LowestVuln,0
IND_05003,EAS,0.15973635956721566,Q1_LowestVuln,0
IND_05004,EAS,0.3005034275235736,Q2_LowVuln,0
IND_05005,EAS,0.5152927980990489,Q3_MedVuln,0
IND_05006,EUR,0.1573054457387444,Q1_LowestVuln,0
IND_05007,AFR,0.4218689768969338,Q2_LowVuln,0
IND_05008,AFR,0.6340785309495314,Q3_MedVuln,0
IND_05009,EUR,0.27551302099874153,Q2_LowVuln,0
IND_05010,AFR,0.6565168730208245,Q3_MedVuln,0
IND_05011,EAS,0.6784271486020764,Q3_MedVuln,0
IND_05012,AFR,0.4893396977499547,Q2_LowVuln,0
IND_05013,AMR,0.419236532956598,Q2_LowVuln,0
IND_05014,AFR,0.42386825904233993,Q2_LowVuln,0
IND_05015,AMR,0.6695837813968714,Q3_MedVuln,0
IND_05016,EAS,0.2398148071797929,Q1_LowestVuln,0
IND_05017,AMR,0.9293805953865094,Q4_HighestVuln,1
IND_05018,EAS,0.4682268671340101,Q2_LowVuln,0
IND_05019,AFR,0.6258168124249353,Q3_MedVuln,0
IND_05020,AFR,0.5312550314001737,Q3_MedVuln,0
IND_05021,AFR,0.652487310072944,Q3_MedVuln,0
IND_05022,AFR,0.6566645963154208,Q3_MedVuln,0
IND_05023,EAS,0.3023017389373209,Q2_LowVuln,0
IND_05024,EAS,0.14697603506922666,Q1_LowestVuln,0
IND_05025,AMR,0.6365175035663829,Q3_MedVuln,0
IND_05026,AFR,0.6745288168452694,Q3_MedVuln,0
IND_05027,AFR,0.4621971984319604,Q2_LowVuln,0
IND_05028,EAS,0.6565343474068591,Q3_MedVuln,0
IND_05029,AFR,0.557386541577243,Q3_MedVuln,0
IND_05030,EAS,0.7280910336572151,Q3_MedVuln,0
IND_05031,AFR,0.3425982205183021,Q2_LowVuln,0
IND_05032,EAS,0.19728404357131857,Q1_LowestVuln,0
IND_05033,AFR,0.7325039290047477,Q3_MedVuln,0
IND_05034,EUR,0.31357003336472666,Q2_LowVuln,0
IND_05035,EAS,0.3021398179527697,Q2_LowVuln,0
IND_05036,EUR,0.1817467126711116,Q1_LowestVuln,0
IND_05037,SAS,0.7046171669893012,Q3_MedVuln,0
IND_05038,SAS,0.2752641842065616,Q2_LowVuln,0
IND_05039,SAS,0.6999762280541595,Q3_MedVuln,0
IND_05040,EAS,0.6979127891771787,Q3_MedVuln,0
IND_05041,AMR,0.8038227326596529,Q4_HighestVuln,1
IND_05042,AMR,0.6053860697654341,Q3_MedVuln,0
IND_05043,EAS,0.4778717966116092,Q2_LowVuln,0
IND_05044,EAS,0.09610145743842659,Q1_LowestVuln,0
IND_05045,AFR,0.6734083371659187,Q3_MedVuln,0
IND_05046,AFR,0.7857531846216097,Q4_HighestVuln,1
IND_05047,AFR,0.2476343514874526,Q1_LowestVuln,0
IND_05048,AFR,0.7291953096352698,Q3_MedVuln,0
IND_05049,AFR,0.9324471560568486,Q4_HighestVuln,1
IND_05050,EUR,0.19983304401226665,Q1_LowestVuln,0
IND_05051,AMR,0.6162992652861061,Q3_MedVuln,0
IND_05052,AFR,0.718994193076087,Q3_MedVuln,0
IND_05053,AFR,0.49829517478440355,Q2_LowVuln,0
IND_05054,AFR,0.7245552405205951,Q3_MedVuln,0
IND_05055,EUR,0.5188183893476328,Q3_MedVuln,0
IND_05056,AFR,0.41623626001468195,Q2_LowVuln,0
IND_05057,AMR,0.7282093383236358,Q3_MedVuln,0
IND_05058,AFR,0.1604487276834483,Q1_LowestVuln,0
IND_05059,EUR,0.2806445377197505,Q2_LowVuln,0
IND_05060,EAS,0.6421081996712492,Q3_MedVuln,0
IND_05061,EUR,0.4068679877950632,Q2_LowVuln,0
IND_05062,EUR,0.2520619607935059,Q2_LowVuln,0
IND_05063,SAS,0.5874598854715202,Q3_MedVuln,0
IND_05064,AMR,0.8082101138626048,Q4_HighestVuln,1
IND_05065,EAS,0.47003097351479606,Q2_LowVuln,0
IND_05066,AFR,0.760044139263752,Q4_HighestVuln,1
IND_05067,AFR,0.3222896833281775,Q2_LowVuln,0
IND_05068,AMR,0.6465290651560031,Q3_MedVuln,0
IND_05069,SAS,0.5699372742208176,Q3_MedVuln,0
IND_05070,EAS,0.23885531897712628,Q1_LowestVuln,0
IND_05071,AFR,0.8093818234961537,Q4_HighestVuln,1
IND_05072,EUR,0.7387817945366966,Q3_MedVuln,0
IND_05073,AFR,0.1981070907037275,Q1_LowestVuln,0
IND_05074,AMR,0.6933672181990806,Q3_MedVuln,0
IND_05075,AFR,0.5888060723902817,Q3_MedVuln,0
IND_05076,AFR,0.63102414977125,Q3_MedVuln,0
IND_05077,EAS,0.47509103980400724,Q2_LowVuln,0
IND_05078,AFR,0.33501590172698326,Q2_LowVuln,0
IND_05079,EUR,0.14632431805518806,Q1_LowestVuln,0
IND_05080,AFR,0.8245247828378849,Q4_HighestVuln,1
IND_05081,EAS,0.22065654433883083,Q1_LowestVuln,0
IND_05082,AFR,0.6841888035218235,Q3_MedVuln,0
IND_05083,SAS,0.34675569213750523,Q2_LowVuln,0
IND_05084,EAS,0.8533344935075238,Q4_HighestVuln,1
IND_05085,AFR,0.8571286307318665,Q4_HighestVuln,1
IND_05086,SAS,0.8901264977044022,Q4_HighestVuln,1
IND_05087,SAS,0.1844074330004622,Q1_LowestVuln,0
IND_05088,EUR,0.3070699936558752,Q2_LowVuln,0
IND_05089,AFR,0.14596477438341163,Q1_LowestVuln,0
IND_05090,EAS,0.612156183391764,Q3_MedVuln,0
IND_05091,SAS,0.265062325148884,Q2_LowVuln,0
IND_05092,AMR,0.5116775034778432,Q3_MedVuln,0
IND_05093,EUR,0.6464045358062553,Q3_MedVuln,0
IND_05094,EAS,0.18630773272749448,Q1_LowestVuln,0
IND_05095,AFR,0.707429766611857,Q3_MedVuln,0
IND_05096,EAS,0.6237191172855683,Q3_MedVuln,0
IND_05097,AFR,0.6390497470879037,Q3_MedVuln,0
IND_05098,EAS,0.13661218156202248,Q1_LowestVuln,0
IND_05099,SAS,0.2130914807637603,Q1_LowestVuln,0
IND_05100,EAS,0.7122519633165006,Q3_MedVuln,0
IND_05101,EAS,0.35366263538681886,Q2_LowVuln,0
IND_05102,EAS,0.44009557065259275,Q2_LowVuln,0
IND_05103,SAS,0.7086953357429915,Q3_MedVuln,0
IND_05104,SAS,0.30318402293345886,Q2_LowVuln,0
IND_05105,AMR,0.8762668026060557,Q4_HighestVuln,1
IND_05106,SAS,0.8455269458127996,Q4_HighestVuln,1
IND_05107,AFR,0.11642215705672508,Q1_LowestVuln,0
IND_05108,EAS,0.5948131797796273,Q3_MedVuln,0
IND_05109,AFR,0.5819284125799963,Q3_MedVuln,0
IND_05110,EAS,0.5296284451565222,Q3_MedVuln,0
IND_05111,SAS,0.7876032046396662,Q4_HighestVuln,1
IND_05112,SAS,0.520013437759053,Q3_MedVuln,0
IND_05113,EUR,0.20231618524437567,Q1_LowestVuln,0
IND_05114,AFR,0.4139555120495499,Q2_LowVuln,0
IND_05115,EAS,0.12122396984698222,Q1_LowestVuln,0
IND_05116,SAS,0.6185661346022586,Q3_MedVuln,0
IND_05117,SAS,0.7790493302570528,Q4_HighestVuln,1
IND_05118,EAS,0.3719202169740063,Q2_LowVuln,0
IND_05119,EUR,0.39961402634073956,Q2_LowVuln,0
IND_05120,EAS,0.08410237081481656,Q1_LowestVuln,0
IND_05121,AMR,0.775943318813323,Q4_HighestVuln,1
IND_05122,EUR,0.3248844659131726,Q2_LowVuln,0
IND_05123,AFR,0.8023154124755297,Q4_HighestVuln,1
IND_05124,SAS,0.5311023069738141,Q3_MedVuln,0
IND_05125,EUR,0.4275739507422517,Q2_LowVuln,0
IND_05126,AMR,0.46332946652696155,Q2_LowVuln,0
IND_05127,EAS,0.6104652902506453,Q3_MedVuln,0
IND_05128,EUR,0.22879837482610066,Q1_LowestVuln,0
IND_05129,EAS,0.5472218878801771,Q3_MedVuln,0
IND_05130,SAS,0.717796314365613,Q3_MedVuln,0
IND_05131,EUR,0.44243583417024235,Q2_LowVuln,0
IND_05132,EAS,0.2557126552513472,Q2_LowVuln,0
IND_05133,AFR,0.8802462736589534,Q4_HighestVuln,1
IND_05134,EAS,0.5843645650991164,Q3_MedVuln,0
IND_05135,EUR,0.537300248989674,Q3_MedVuln,0
IND_05136,EAS,0.5355227928923517,Q3_MedVuln,0
IND_05137,EAS,0.45189032994490785,Q2_LowVuln,0
IND_05138,SAS,0.6200505708127901,Q3_MedVuln,0
IND_05139,EUR,0.27209249117574985,Q2_LowVuln,0
IND_05140,SAS,0.14912557270711385,Q1_LowestVuln,0
IND_05141,SAS,0.4659177995641052,Q2_LowVuln,0
IND_05142,EAS,0.31245751025341634,Q2_LowVuln,0
IND_05143,SAS,0.6015841076493951,Q3_MedVuln,0
IND_05144,AFR,0.5520573142295256,Q3_MedVuln,0
IND_05145,SAS,0.5595754476344741,Q3_MedVuln,0
IND_05146,SAS,0.7324380032377833,Q3_MedVuln,0
IND_05147,EAS,0.5942974241994297,Q3_MedVuln,0
IND_05148,AFR,0.8454801718293422,Q4_HighestVuln,1
IND_05149,EUR,0.5391229600726657,Q3_MedVuln,0
IND_05150,EAS,0.20536866755258207,Q1_LowestVuln,0
IND_05151,EAS,0.558244262534393,Q3_MedVuln,0
IND_05152,AFR,0.5767738513689772,Q3_MedVuln,0
IND_05153,EAS,0.7979014048880211,Q4_HighestVuln,1
IND_05154,EAS,0.13545612917144187,Q1_LowestVuln,0
IND_05155,AFR,0.6113722540035196,Q3_MedVuln,0
IND_05156,SAS,0.748461741706506,Q3_MedVuln,0
IND_05157,SAS,0.3481374449467566,Q2_LowVuln,0
IND_05158,EAS,0.34068739635058565,Q2_LowVuln,0
IND_05159,AFR,0.7425571798496129,Q3_MedVuln,0
IND_05160,AMR,0.5620449876393765,Q3_MedVuln,0
IND_05161,EAS,0.25296996692149426,Q2_LowVuln,0
IND_05162,SAS,0.7122505201326801,Q3_MedVuln,0
IND_05163,EAS,0.11186878766767946,Q1_LowestVuln,0
IND_05164,AFR,0.28955494736190507,Q2_LowVuln,0
IND_05165,EAS,0.2948541224201598,Q2_LowVuln,0
IND_05166,EUR,0.22135794667446185,Q1_LowestVuln,0
IND_05167,AMR,0.8520706000536017,Q4_HighestVuln,1
IND_05168,AFR,0.20302181490345936,Q1_LowestVuln,0
IND_05169,EAS,0.5818091521213872,Q3_MedVuln,0
IND_05170,EAS,0.04624832223787398,Q1_LowestVuln,0
IND_05171,EAS,0.24382303897572,Q1_LowestVuln,0
IND_05172,AMR,0.4220458386911345,Q2_LowVuln,0
IND_05173,EUR,0.2969323722137972,Q2_LowVuln,0
IND_05174,AFR,0.627069593530315,Q3_MedVuln,0
IND_05175,SAS,0.43693473426672236,Q2_LowVuln,0
IND_05176,EAS,0.2681236451620105,Q2_LowVuln,0
IND_05177,AMR,0.9668850686552688,Q4_HighestVuln,1
IND_05178,AFR,0.7352588676290192,Q3_MedVuln,0
IND_05179,EUR,0.5286604285652247,Q3_MedVuln,0
IND_05180,AMR,0.36820823164667393,Q2_LowVuln,0
IND_05181,SAS,0.3734838509383102,Q2_LowVuln,0
IND_05182,EAS,0.16314502453888285,Q1_LowestVuln,0
IND_05183,EAS,0.360692776683281,Q2_LowVuln,0
IND_05184,SAS,0.46163196970105963,Q2_LowVuln,0
IND_05185,AFR,0.720089464473841,Q3_MedVuln,0
IND_05186,AFR,0.6093569094523001,Q3_MedVuln,0
IND_05187,AFR,0.9233476150932521,Q4_HighestVuln,1
IND_05188,SAS,0.4554372673099185,Q2_LowVuln,0
IND_05189,AMR,0.5814087381878922,Q3_MedVuln,0
IND_05190,EAS,0.01804007417574512,Q1_LowestVuln,0
IND_05191,SAS,0.6454138614814026,Q3_MedVuln,0
IND_05192,SAS,0.446377180482008,Q2_LowVuln,0
IND_05193,EAS,0.6776965161366477,Q3_MedVuln,0
IND_05194,AFR,0.3689812569712362,Q2_LowVuln,0
IND_05195,AFR,0.4329577437804516,Q2_LowVuln,0
IND_05196,AFR,0.7350131643500584,Q3_MedVuln,0
IND_05197,EUR,0.042295921932932135,Q1_LowestVuln,0
IND_05198,SAS,0.65434439018244,Q3_MedVuln,0
IND_05199,AFR,0.5157975599572115,Q3_MedVuln,0
IND_05200,AFR,0.4403720278607931,Q2_LowVuln,0
IND_05201,AFR,0.5903463312680556,Q3_MedVuln,0
IND_05202,AFR,0.40915709492595925,Q2_LowVuln,0
IND_05203,AFR,0.23551357748667037,Q1_LowestVuln,0
IND_05204,AMR,0.536399804615148,Q3_MedVuln,0
IND_05205,EAS,0.31422086870901667,Q2_LowVuln,0
IND_05206,EAS,0.34907619104968884,Q2_LowVuln,0
IND_05207,AFR,0.6043542896718923,Q3_MedVuln,0
IND_05208,AFR,0.7595600220320596,Q4_HighestVuln,1
IND_05209,AMR,0.8052319816243659,Q4_HighestVuln,1
IND_05210,SAS,0.6766629936860714,Q3_MedVuln,0
IND_05211,AFR,0.465484469057128,Q2_LowVuln,0
IND_05212,EAS,0.12814077578782362,Q1_LowestVuln,0
IND_05213,AFR,0.6485151887738702,Q3_MedVuln,0
IND_05214,EAS,0.4104111323246136,Q2_LowVuln,0
IND_05215,AFR,0.6993106397935143,Q3_MedVuln,0
IND_05216,AFR,0.7549717614972781,Q4_HighestVuln,1
IND_05217,EUR,0.10725976065068529,Q1_LowestVuln,0
IND_05218,AFR,0.2607884943299776,Q2_LowVuln,0
IND_05219,EAS,0.6054098982273034,Q3_MedVuln,0
IND_05220,EAS,0.06015074833219723,Q1_LowestVuln,0
IND_05221,EAS,0.3749443122731472,Q2_LowVuln,0
IND_05222,EAS,0.24607535817527695,Q1_LowestVuln,0
IND_05223,SAS,0.27283325220316196,Q2_LowVuln,0
IND_05224,SAS,0.17474530224767537,Q1_LowestVuln,0
IND_05225,SAS,0.6518172060420793,Q3_MedVuln,0
IND_05226,AMR,0.3684642373027059,Q2_LowVuln,0
IND_05227,EUR,0.3052246140108278,Q2_LowVuln,0
IND_05228,SAS,0.29550771150606187,Q2_LowVuln,0
IND_05229,EUR,0.10325545359226472,Q1_LowestVuln,0
IND_05230,SAS,0.2324370609241338,Q1_LowestVuln,0
IND_05231,EAS,0.2634990602703327,Q2_LowVuln,0
IND_05232,AMR,0.698190305389487,Q3_MedVuln,0
IND_05233,AFR,0.5778188294406956,Q3_MedVuln,0
IND_05234,EAS,0.28763297454189946,Q2_LowVuln,0
IND_05235,EAS,0.4422993992492897,Q2_LowVuln,0
IND_05236,EUR,0.07787453422375132,Q1_LowestVuln,0
IND_05237,EUR,0.5457745854148417,Q3_MedVuln,0
IND_05238,EAS,0.65234412717431,Q3_MedVuln,0
IND_05239,AFR,0.7244957574947438,Q3_MedVuln,0
IND_05240,EUR,0.7960178563385495,Q4_HighestVuln,1
IND_05241,SAS,0.0859910624108464,Q1_LowestVuln,0
IND_05242,AFR,0.5992507756943205,Q3_MedVuln,0
IND_05243,SAS,0.6802703882746034,Q3_MedVuln,0
IND_05244,AFR,0.8162805717766375,Q4_HighestVuln,1
IND_05245,SAS,0.2491223079692724,Q1_LowestVuln,0
IND_05246,SAS,0.6712023096989591,Q3_MedVuln,0
IND_05247,EAS,0.4600786791696526,Q2_LowVuln,0
IND_05248,EUR,0.37208701537373984,Q2_LowVuln,0
IND_05249,AFR,0.8974903757792356,Q4_HighestVuln,1
IND_05250,AFR,0.4068359841789293,Q2_LowVuln,0
IND_05251,EAS,0.09958971873727931,Q1_LowestVuln,0
IND_05252,EAS,0.3556339114431075,Q2_LowVuln,0
IND_05253,EAS,0.44127437505793665,Q2_LowVuln,0
IND_05254,EAS,0.69906091305352,Q3_MedVuln,0
IND_05255,AMR,0.8786363390134703,Q4_HighestVuln,1
IND_05256,EAS,0.5122113802835389,Q3_MedVuln,0
IND_05257,SAS,0.7504128876739041,Q4_HighestVuln,1
IND_05258,EUR,0.19440006532090276,Q1_LowestVuln,0
IND_05259,AFR,0.42774744610071413,Q2_LowVuln,0
IND_05260,AMR,0.2859425448510275,Q2_LowVuln,0
IND_05261,SAS,0.7891944092666693,Q4_HighestVuln,1
IND_05262,AMR,0.7688566158303116,Q4_HighestVuln,1
IND_05263,AFR,0.20736278586532295,Q1_LowestVuln,0
IND_05264,EAS,0.6753645384554887,Q3_MedVuln,0
IND_05265,AMR,0.7929299385224431,Q4_HighestVuln,1
IND_05266,AMR,0.8003048308336375,Q4_HighestVuln,1
IND_05267,AFR,0.21110706458880077,Q1_LowestVuln,0
IND_05268,EUR,0.2561201783377222,Q2_LowVuln,0
IND_05269,AFR,0.6489431937825814,Q3_MedVuln,0
IND_05270,SAS,0.25636277867885343,Q2_LowVuln,0
IND_05271,EAS,0.4013120582149404,Q2_LowVuln,0
IND_05272,EUR,0.8621875540052759,Q4_HighestVuln,1
IND_05273,EUR,0.49245281088344955,Q2_LowVuln,0
IND_05274,EUR,0.3334979724084362,Q2_LowVuln,0
IND_05275,AMR,0.6372318939026038,Q3_MedVuln,0
IND_05276,AMR,0.8307647250848089,Q4_HighestVuln,1
IND_05277,AFR,0.30953967858251386,Q2_LowVuln,0
IND_05278,EUR,0.3420530478323572,Q2_LowVuln,0
IND_05279,EUR,0.13854302466216906,Q1_LowestVuln,0
IND_05280,AFR,0.7252997226299778,Q3_MedVuln,0
IND_05281,AFR,0.7097455639327275,Q3_MedVuln,0
IND_05282,AFR,0.47494924493276164,Q2_LowVuln,0
IND_05283,AFR,0.692948679382937,Q3_MedVuln,0
IND_05284,EAS,0.2841776145674051,Q2_LowVuln,0
IND_05285,EAS,0.5248382596750458,Q3_MedVuln,0
IND_05286,AMR,0.5553654954671806,Q3_MedVuln,0
IND_05287,SAS,0.45346774396110967,Q2_LowVuln,0
IND_05288,EUR,0.2371657482143966,Q1_LowestVuln,0
IND_05289,EUR,0.5490102994263824,Q3_MedVuln,0
IND_05290,EAS,0.3175403975950209,Q2_LowVuln,0
IND_05291,SAS,0.3136579672888599,Q2_LowVuln,0
IND_05292,AFR,0.7831074698537523,Q4_HighestVuln,1
IND_05293,AFR,0.8319820057851628,Q4_HighestVuln,1
IND_05294,EAS,0.1395495386845003,Q1_LowestVuln,0
IND_05295,SAS,0.29430131809995924,Q2_LowVuln,0
IND_05296,AMR,0.7268357933346246,Q3_MedVuln,0
IND_05297,AMR,0.5172273089965064,Q3_MedVuln,0
IND_05298,EUR,0.6371562061558449,Q3_MedVuln,0
IND_05299,AMR,0.284820810206583,Q2_LowVuln,0
IND_05300,EAS,0.4336925633752738,Q2_LowVuln,0
IND_05301,AFR,0.7254329709663692,Q3_MedVuln,0
IND_05302,AMR,0.16350216037588483,Q1_LowestVuln,0
IND_05303,EAS,0.6343155324641725,Q3_MedVuln,0
IND_05304,EUR,0.15099584514144082,Q1_LowestVuln,0
IND_05305,AMR,0.7348893511068029,Q3_MedVuln,0
IND_05306,SAS,0.6297273501630705,Q3_MedVuln,0
IND_05307,SAS,0.19702489358164194,Q1_LowestVuln,0
IND_05308,AFR,0.6135028498717655,Q3_MedVuln,0
IND_05309,SAS,0.1414715446718911,Q1_LowestVuln,0
IND_05310,EUR,0.14825901553349938,Q1_LowestVuln,0
IND_05311,EUR,0.6484016319637237,Q3_MedVuln,0
IND_05312,EUR,0.4297942548979251,Q2_LowVuln,0
IND_05313,EUR,0.5127755728698251,Q3_MedVuln,0
IND_05314,SAS,0.2450549504805227,Q1_LowestVuln,0
IND_05315,AFR,0.1304821857700757,Q1_LowestVuln,0
IND_05316,AFR,0.7834762453631557,Q4_HighestVuln,1
IND_05317,AFR,0.6774368411207033,Q3_MedVuln,0
IND_05318,EUR,0.3938192910024065,Q2_LowVuln,0
IND_05319,AMR,0.5407308306213182,Q3_MedVuln,0
IND_05320,AFR,0.6309483752681824,Q3_MedVuln,0
IND_05321,EAS,0.138733602499711,Q1_LowestVuln,0
IND_05322,AFR,0.8352124503371301,Q4_HighestVuln,1
IND_05323,SAS,0.3890569735619567,Q2_LowVuln,0
IND_05324,SAS,0.7496005596196609,Q3_MedVuln,0
IND_05325,EAS,0.29337445174526305,Q2_LowVuln,0
IND_05326,AFR,0.8964393544824201,Q4_HighestVuln,1
IND_05327,AFR,0.7324343394856555,Q3_MedVuln,0
IND_05328,EAS,0.16769084610387838,Q1_LowestVuln,0
IND_05329,EAS,0.627540507714495,Q3_MedVuln,0
IND_05330,AMR,0.753878794977848,Q4_HighestVuln,1
IND_05331,EUR,0.18695294544923663,Q1_LowestVuln,0
IND_05332,EAS,0.26506678413088197,Q2_LowVuln,0
IND_05333,AFR,0.5357393538860468,Q3_MedVuln,0
IND_05334,SAS,0.7795386662403765,Q4_HighestVuln,1
IND_05335,EUR,0.268308272713879,Q2_LowVuln,0
IND_05336,AMR,0.8269844305143117,Q4_HighestVuln,1
IND_05337,AFR,0.7277815905733434,Q3_MedVuln,0
IND_05338,SAS,0.5896969757817784,Q3_MedVuln,0
IND_05339,AFR,0.7618766626297171,Q4_HighestVuln,1
IND_05340,AFR,0.29732430334995247,Q2_LowVuln,0
IND_05341,SAS,0.7442947247285806,Q3_MedVuln,0
IND_05342,EAS,0.6487941341062301,Q3_MedVuln,0
IND_05343,AFR,0.47382665927210466,Q2_LowVuln,0
IND_05344,AMR,0.8866949930309145,Q4_HighestVuln,1
IND_05345,EUR,0.10864309136216177,Q1_LowestVuln,0
IND_05346,AMR,0.26359786970430277,Q2_LowVuln,0
IND_05347,AFR,0.24943831728568658,Q1_LowestVuln,0
IND_05348,EUR,0.46601249732956407,Q2_LowVuln,0
IND_05349,SAS,0.41363064649380055,Q2_LowVuln,0
IND_05350,AMR,0.6398610594908567,Q3_MedVuln,0
IND_05351,AFR,0.49012440637659777,Q2_LowVuln,0
IND_05352,EUR,0.15898549771015646,Q1_LowestVuln,0
IND_05353,AMR,0.6588853450162344,Q3_MedVuln,0
IND_05354,SAS,0.627517183358765,Q3_MedVuln,0
IND_05355,AFR,0.5279521654503931,Q3_MedVuln,0
IND_05356,AFR,0.9057519314319464,Q4_HighestVuln,1
IND_05357,AFR,0.8021191037186624,Q4_HighestVuln,1
IND_05358,EAS,0.525890297262124,Q3_MedVuln,0
IND_05359,AMR,0.31712226650139697,Q2_LowVuln,0
IND_05360,SAS,0.596535452604377,Q3_MedVuln,0
IND_05361,SAS,0.8169926751227256,Q4_HighestVuln,1
IND_05362,SAS,0.155434604515295,Q1_LowestVuln,0
IND_05363,AFR,0.3514000688116978,Q2_LowVuln,0
IND_05364,EAS,0.6522860003756338,Q3_MedVuln,0
IND_05365,AFR,0.7952265375123713,Q4_HighestVuln,1
IND_05366,EUR,0.702565145831461,Q3_MedVuln,0
IND_05367,SAS,0.22970782701770495,Q1_LowestVuln,0
IND_05368,AFR,0.7252211441279215,Q3_MedVuln,0
IND_05369,AMR,0.4733466206893093,Q2_LowVuln,0
IND_05370,EUR,0.7275757749663782,Q3_MedVuln,0
IND_05371,AFR,0.4238858659219474,Q2_LowVuln,0
IND_05372,SAS,0.6728920519664502,Q3_MedVuln,0
IND_05373,AFR,0.865017978366926,Q4_HighestVuln,1
IND_05374,AMR,0.8426635645109768,Q4_HighestVuln,1
IND_05375,SAS,0.2749793382759881,Q2_LowVuln,0
IND_05376,EAS,0.48528230377918036,Q2_LowVuln,0
IND_05377,EAS,0.04593926541158328,Q1_LowestVuln,0
IND_05378,AFR,0.803217703679601,Q4_HighestVuln,1
IND_05379,EUR,0.3134579319390033,Q2_LowVuln,0
IND_05380,EAS,0.3314697736590522,Q2_LowVuln,0
IND_05381,SAS,0.48401970381086645,Q2_LowVuln,0
IND_05382,AMR,0.6833255073298775,Q3_MedVuln,0
IND_05383,SAS,0.7506795622949471,Q4_HighestVuln,1
IND_05384,EUR,0.22169059399813856,Q1_LowestVuln,0
IND_05385,AFR,0.6439942501918066,Q3_MedVuln,0
IND_05386,SAS,0.6364715698260722,Q3_MedVuln,0
IND_05387,SAS,0.31052083527461616,Q2_LowVuln,0
IND_05388,EAS,0.4723887285922205,Q2_LowVuln,0
IND_05389,AFR,0.5325102739798565,Q3_MedVuln,0
IND_05390,AMR,0.5844131170358028,Q3_MedVuln,0
IND_05391,AFR,0.41843259196377824,Q2_LowVuln,0
IND_05392,EAS,0.5151070869199962,Q3_MedVuln,0
IND_05393,EUR,0.10221760156849312,Q1_LowestVuln,0
IND_05394,AFR,0.7764590186579144,Q4_HighestVuln,1
IND_05395,EUR,0.4457910549194648,Q2_LowVuln,0
IND_05396,AFR,0.20786186422718358,Q1_LowestVuln,0
IND_05397,AFR,0.7923611892675853,Q4_HighestVuln,1
IND_05398,EUR,0.2133197211193703,Q1_LowestVuln,0
IND_05399,AMR,0.8084637134106565,Q4_HighestVuln,1
IND_05400,SAS,0.5155421580406648,Q3_MedVuln,0
IND_05401,EUR,0.20002938717980595,Q1_LowestVuln,0
IND_05402,AFR,0.5342183888986174,Q3_MedVuln,0
IND_05403,EUR,0.530040603542959,Q3_MedVuln,0
IND_05404,EAS,0.33331450797732853,Q2_LowVuln,0
IND_05405,EUR,0.2587522171733291,Q2_LowVuln,0
IND_05406,EAS,0.3192800593838983,Q2_LowVuln,0
IND_05407,EAS,0.5678378495678106,Q3_MedVuln,0
IND_05408,EAS,0.4164960718355608,Q2_LowVuln,0
IND_05409,SAS,0.793194174006038,Q4_HighestVuln,1
IND_05410,EAS,0.6570743457558212,Q3_MedVuln,0
IND_05411,AFR,0.529190553240094,Q3_MedVuln,0
IND_05412,SAS,0.504217463259479,Q3_MedVuln,0
IND_05413,EAS,0.6949020306497355,Q3_MedVuln,0
IND_05414,EUR,0.2981723071869637,Q2_LowVuln,0
IND_05415,AMR,0.6576656265480492,Q3_MedVuln,0
IND_05416,EAS,0.3975695493210726,Q2_LowVuln,0
IND_05417,AMR,0.5505753580857377,Q3_MedVuln,0
IND_05418,SAS,0.8133089533532865,Q4_HighestVuln,1
IND_05419,AFR,0.6707793084018423,Q3_MedVuln,0
IND_05420,AMR,0.6113253626837174,Q3_MedVuln,0
IND_05421,EAS,0.3030792719097316,Q2_LowVuln,0
IND_05422,AFR,0.5236070673202883,Q3_MedVuln,0
IND_05423,EUR,0.5140645733222098,Q3_MedVuln,0
IND_05424,AFR,0.5285079251812596,Q3_MedVuln,0
IND_05425,SAS,0.23892023750666655,Q1_LowestVuln,0
IND_05426,AMR,0.4353921678962554,Q2_LowVuln,0
IND_05427,EAS,0.4244489437478197,Q2_LowVuln,0
IND_05428,EUR,0.29543734688479445,Q2_LowVuln,0
IND_05429,AFR,0.7952942562751979,Q4_HighestVuln,1
IND_05430,AFR,0.6283418780640231,Q3_MedVuln,0
IND_05431,SAS,0.9099000015414572,Q4_HighestVuln,1
IND_05432,AFR,0.31434152919583225,Q2_LowVuln,0
IND_05433,EUR,0.16554278033028685,Q1_LowestVuln,0
IND_05434,AMR,0.9212428148808633,Q4_HighestVuln,1
IND_05435,EUR,0.044957665542738556,Q1_LowestVuln,0
IND_05436,AFR,0.8442683377963839,Q4_HighestVuln,1
IND_05437,EUR,0.438569385131569,Q2_LowVuln,0
IND_05438,SAS,0.15379074795268177,Q1_LowestVuln,0
IND_05439,AFR,0.8388656135881061,Q4_HighestVuln,1
IND_05440,AMR,0.6715526461888557,Q3_MedVuln,0
IND_05441,EUR,0.47882535415302235,Q2_LowVuln,0
IND_05442,EUR,0.3576585656477877,Q2_LowVuln,0
IND_05443,EAS,0.42947370244422683,Q2_LowVuln,0
IND_05444,EUR,0.5145127405393961,Q3_MedVuln,0
IND_05445,EUR,0.5473477433178717,Q3_MedVuln,0
IND_05446,SAS,0.6347909815369324,Q3_MedVuln,0
IND_05447,AFR,0.5502114467553746,Q3_MedVuln,0
IND_05448,SAS,0.7364542900708858,Q3_MedVuln,0
IND_05449,SAS,0.5259102113173544,Q3_MedVuln,0
IND_05450,SAS,0.8229402927212949,Q4_HighestVuln,1
IND_05451,AFR,0.7286131692920272,Q3_MedVuln,0
IND_05452,AFR,0.6765237548575749,Q3_MedVuln,0
IND_05453,AFR,0.49591428877403887,Q2_LowVuln,0
IND_05454,AMR,0.532531917480015,Q3_MedVuln,0
IND_05455,AFR,0.3747945775729344,Q2_LowVuln,0
IND_05456,EAS,0.6997361813851721,Q3_MedVuln,0
IND_05457,EUR,0.36213578800873636,Q2_LowVuln,0
IND_05458,EAS,0.48009921867899863,Q2_LowVuln,0
IND_05459,EUR,0.5502051039480638,Q3_MedVuln,0
IND_05460,EUR,0.5395645761873117,Q3_MedVuln,0
IND_05461,AFR,0.64977548772055,Q3_MedVuln,0
IND_05462,AFR,0.7143651951335047,Q3_MedVuln,0
IND_05463,EUR,0.729619813546448,Q3_MedVuln,0
IND_05464,EUR,0.6759621534472412,Q3_MedVuln,0
IND_05465,EUR,0.34145335309430025,Q2_LowVuln,0
IND_05466,EUR,0.22482470885887315,Q1_LowestVuln,0
IND_05467,EUR,0.5107005234652425,Q3_MedVuln,0
IND_05468,SAS,0.7195605650151791,Q3_MedVuln,0
IND_05469,EAS,0.36537559456457286,Q2_LowVuln,0
IND_05470,SAS,0.2899048380351596,Q2_LowVuln,0
IND_05471,SAS,0.33788849753198563,Q2_LowVuln,0
IND_05472,EAS,0.4057285783061063,Q2_LowVuln,0
IND_05473,SAS,0.6098577510514229,Q3_MedVuln,0
IND_05474,EAS,0.5542959202341604,Q3_MedVuln,0
IND_05475,EAS,0.6212295844411765,Q3_MedVuln,0
IND_05476,EAS,0.30645912102578293,Q2_LowVuln,0
IND_05477,EAS,0.6649728318215364,Q3_MedVuln,0
IND_05478,EAS,0.44933520369616464,Q2_LowVuln,0
IND_05479,EUR,0.5571512383292332,Q3_MedVuln,0
IND_05480,EUR,0.34005534589797015,Q2_LowVuln,0
IND_05481,EAS,0.4059131314244272,Q2_LowVuln,0
IND_05482,SAS,0.41963055343073935,Q2_LowVuln,0
IND_05483,AFR,0.3162637154919079,Q2_LowVuln,0
IND_05484,AFR,0.43126317336236175,Q2_LowVuln,0
IND_05485,EAS,0.2803109610851723,Q2_LowVuln,0
IND_05486,AMR,0.7202426841266276,Q3_MedVuln,0
IND_05487,SAS,0.2736209515873465,Q2_LowVuln,0
IND_05488,EAS,0.41086544820554904,Q2_LowVuln,0
IND_05489,EAS,0.21037645945925276,Q1_LowestVuln,0
IND_05490,AFR,0.5007224559578519,Q3_MedVuln,0
IND_05491,EUR,0.35177778387336195,Q2_LowVuln,0
IND_05492,AFR,0.558893723368984,Q3_MedVuln,0
IND_05493,EUR,0.11702629417280933,Q1_LowestVuln,0
IND_05494,AFR,0.920664825285581,Q4_HighestVuln,1
IND_05495,AFR,0.8359906813278426,Q4_HighestVuln,1
IND_05496,AFR,0.558768218999038,Q3_MedVuln,0
IND_05497,EAS,0.43094379281065004,Q2_LowVuln,0
IND_05498,SAS,0.5010846824252301,Q3_MedVuln,0
IND_05499,AFR,0.9111438171087887,Q4_HighestVuln,1
IND_05500,SAS,0.44530245243873495,Q2_LowVuln,0
IND_05501,SAS,0.5206188954457043,Q3_MedVuln,0
IND_05502,AMR,0.8383653759896005,Q4_HighestVuln,1
IND_05503,AFR,0.628227953315124,Q3_MedVuln,0
IND_05504,SAS,0.3108315691237656,Q2_LowVuln,0
IND_05505,EUR,0.1717548631102362,Q1_LowestVuln,0
IND_05506,SAS,0.3543524200789981,Q2_LowVuln,0
IND_05507,EUR,0.34294727755804305,Q2_LowVuln,0
IND_05508,AMR,0.1499737174512684,Q1_LowestVuln,0
IND_05509,EAS,0.21297819894952166,Q1_LowestVuln,0
IND_05510,AFR,0.6998702925974283,Q3_MedVuln,0
IND_05511,EAS,0.678260123752002,Q3_MedVuln,0
IND_05512,EAS,0.34134209034979274,Q2_LowVuln,0
IND_05513,SAS,0.5090626242605096,Q3_MedVuln,0
IND_05514,EUR,0.3050884659529274,Q2_LowVuln,0
IND_05515,EUR,0.15855581946877767,Q1_LowestVuln,0
IND_05516,SAS,0.4737166289949362,Q2_LowVuln,0
IND_05517,AFR,0.8127243892379267,Q4_HighestVuln,1
IND_05518,EUR,0.23087856183077435,Q1_LowestVuln,0
IND_05519,EAS,0.5745624553310854,Q3_MedVuln,0
IND_05520,EAS,0.3362773153966894,Q2_LowVuln,0
IND_05521,AMR,0.322231183419288,Q2_LowVuln,0
IND_05522,EUR,0.06706074856043026,Q1_LowestVuln,0
IND_05523,AMR,0.32239111525329234,Q2_LowVuln,0
IND_05524,AMR,0.8227013542815339,Q4_HighestVuln,1
IND_05525,EAS,0.5991284575583471,Q3_MedVuln,0
IND_05526,AFR,0.892790080062383,Q4_HighestVuln,1
IND_05527,AFR,0.3247706024495556,Q2_LowVuln,0
IND_05528,EUR,0.7176207257247685,Q3_MedVuln,0
IND_05529,EUR,0.26120529432049155,Q2_LowVuln,0
IND_05530,AMR,0.2501742545663678,Q2_LowVuln,0
IND_05531,AFR,0.409033749695469,Q2_LowVuln,0
IND_05532,EUR,0.04842840588207859,Q1_LowestVuln,0
IND_05533,EAS,0.1750763032908985,Q1_LowestVuln,0
IND_05534,AFR,0.3519092829148879,Q2_LowVuln,0
IND_05535,EUR,0.2038842477843205,Q1_LowestVuln,0
IND_05536,EAS,0.8290083472606611,Q4_HighestVuln,1
IND_05537,SAS,0.6457343387003929,Q3_MedVuln,0
IND_05538,AMR,0.9585283002090664,Q4_HighestVuln,1
IND_05539,AMR,0.6995939384680094,Q3_MedVuln,0
IND_05540,EUR,0.23264213191611194,Q1_LowestVuln,0
IND_05541,SAS,0.4483301025801326,Q2_LowVuln,0
IND_05542,EUR,0.25555594371025075,Q2_LowVuln,0
IND_05543,AMR,0.6270487802878804,Q3_MedVuln,0
IND_05544,EAS,0.23665245487579717,Q1_LowestVuln,0
IND_05545,AFR,0.5447725057602835,Q3_MedVuln,0
IND_05546,EAS,0.6669779244214802,Q3_MedVuln,0
IND_05547,AFR,0.4426261542785563,Q2_LowVuln,0
IND_05548,AMR,0.7949483821422569,Q4_HighestVuln,1
IND_05549,EUR,0.648872386136701,Q3_MedVuln,0
IND_05550,SAS,0.39834325319819264,Q2_LowVuln,0
IND_05551,EAS,0.39224151983732414,Q2_LowVuln,0
IND_05552,AFR,0.8428842244045481,Q4_HighestVuln,1
IND_05553,AMR,0.3807351064225098,Q2_LowVuln,0
IND_05554,EAS,0.3194166053964939,Q2_LowVuln,0
IND_05555,SAS,0.6602264132381458,Q3_MedVuln,0
IND_05556,AMR,0.5249565399340543,Q3_MedVuln,0
IND_05557,EUR,0.6369036090973798,Q3_MedVuln,0
IND_05558,SAS,0.5980069075624115,Q3_MedVuln,0
IND_05559,EUR,0.5160118036358622,Q3_MedVuln,0
IND_05560,SAS,0.6093313315722909,Q3_MedVuln,0
IND_05561,EUR,0.32798910929473424,Q2_LowVuln,0
IND_05562,EUR,0.3939490069633052,Q2_LowVuln,0
IND_05563,EAS,0.5187010088306541,Q3_MedVuln,0
IND_05564,AFR,0.5394347024132579,Q3_MedVuln,0
IND_05565,SAS,0.4978690176135838,Q2_LowVuln,0
IND_05566,AFR,0.41680118583355014,Q2_LowVuln,0
IND_05567,EAS,0.9565721816774809,Q4_HighestVuln,1
IND_05568,AFR,0.628903391533183,Q3_MedVuln,0
IND_05569,SAS,0.7101671896331865,Q3_MedVuln,0
IND_05570,EUR,0.1714158934057171,Q1_LowestVuln,0
IND_05571,SAS,0.6415866818841501,Q3_MedVuln,0
IND_05572,EAS,0.47248056384956333,Q2_LowVuln,0
IND_05573,AMR,0.6894096943453949,Q3_MedVuln,0
IND_05574,EUR,0.8320583545784984,Q4_HighestVuln,1
IND_05575,AMR,0.3622064161813291,Q2_LowVuln,0
IND_05576,EAS,0.31993766036235755,Q2_LowVuln,0
IND_05577,AFR,0.4694078692548792,Q2_LowVuln,0
IND_05578,EUR,0.5263000126743965,Q3_MedVuln,0
IND_05579,SAS,0.26467977897102324,Q2_LowVuln,0
IND_05580,AFR,0.725967241392488,Q3_MedVuln,0
IND_05581,AFR,0.7390461126927586,Q3_MedVuln,0
IND_05582,AFR,0.607483021089772,Q3_MedVuln,0
IND_05583,AMR,0.5636373796016882,Q3_MedVuln,0
IND_05584,EUR,0.6984429182408713,Q3_MedVuln,0
IND_05585,EAS,0.6686134108165919,Q3_MedVuln,0
IND_05586,AMR,0.4299367895773131,Q2_LowVuln,0
IND_05587,SAS,0.6481319100725086,Q3_MedVuln,0
IND_05588,AFR,0.6432115118939754,Q3_MedVuln,0
IND_05589,AFR,0.648452861631812,Q3_MedVuln,0
IND_05590,SAS,0.39189914152588934,Q2_LowVuln,0
IND_05591,AMR,0.6360160731172028,Q3_MedVuln,0
IND_05592,AFR,0.5471930948791071,Q3_MedVuln,0
IND_05593,EAS,0.26737766875226077,Q2_LowVuln,0
IND_05594,AMR,0.8088541292249781,Q4_HighestVuln,1
IND_05595,EAS,0.6314244656078701,Q3_MedVuln,0
IND_05596,AFR,0.3554334999512275,Q2_LowVuln,0
IND_05597,AFR,0.36044243242351276,Q2_LowVuln,0
IND_05598,AFR,0.5122107203818398,Q3_MedVuln,0
IND_05599,AFR,0.24178525636001924,Q1_LowestVuln,0
IND_05600,SAS,0.1563783866928253,Q1_LowestVuln,0
IND_05601,AMR,0.39608358771639746,Q2_LowVuln,0
IND_05602,SAS,0.47804086403226403,Q2_LowVuln,0
IND_05603,EAS,0.12503900266930387,Q1_LowestVuln,0
IND_05604,AMR,0.7548089782229158,Q4_HighestVuln,1
IND_05605,AMR,0.27821288746233636,Q2_LowVuln,0
IND_05606,EAS,0.24916009175975634,Q1_LowestVuln,0
IND_05607,AFR,0.6944274686840745,Q3_MedVuln,0
IND_05608,SAS,0.3760384049760435,Q2_LowVuln,0
IND_05609,AFR,0.8871419249890945,Q4_HighestVuln,1
IND_05610,AFR,0.3809879998801579,Q2_LowVuln,0
IND_05611,AFR,0.572633906418022,Q3_MedVuln,0
IND_05612,AFR,0.7794450723436438,Q4_HighestVuln,1
IND_05613,EAS,0.8111717606376108,Q4_HighestVuln,1
IND_05614,SAS,0.6696954205708487,Q3_MedVuln,0
IND_05615,EUR,0.22767557177487402,Q1_LowestVuln,0
IND_05616,AMR,0.20132200336426415,Q1_LowestVuln,0
IND_05617,EAS,0.5707390607354405,Q3_MedVuln,0
IND_05618,EUR,0.6765476943536525,Q3_MedVuln,0
IND_05619,EAS,0.5780637770073834,Q3_MedVuln,0
IND_05620,AMR,0.20189032459455988,Q1_LowestVuln,0
IND_05621,AFR,0.8970869987400454,Q4_HighestVuln,1
IND_05622,AFR,0.6711521346770977,Q3_MedVuln,0
IND_05623,EUR,0.2503612670166835,Q2_LowVuln,0
IND_05624,AMR,0.7058797658080619,Q3_MedVuln,0
IND_05625,SAS,0.4096250821070794,Q2_LowVuln,0
IND_05626,AMR,0.6414885695212345,Q3_MedVuln,0
IND_05627,SAS,0.47513134139277,Q2_LowVuln,0
IND_05628,AMR,0.9002293820073979,Q4_HighestVuln,1
IND_05629,AFR,0.8439880015800137,Q4_HighestVuln,1
IND_05630,EUR,0.41322191728049845,Q2_LowVuln,0
IND_05631,EUR,0.43171511467546575,Q2_LowVuln,0
IND_05632,EAS,0.5928269403657267,Q3_MedVuln,0
IND_05633,AMR,0.740847188625147,Q3_MedVuln,0
IND_05634,AFR,0.8274990890120022,Q4_HighestVuln,1
IND_05635,SAS,0.38893432122531535,Q2_LowVuln,0
IND_05636,AMR,0.688727126242887,Q3_MedVuln,0
IND_05637,AFR,0.8736883503472586,Q4_HighestVuln,1
IND_05638,AMR,0.8105707065322165,Q4_HighestVuln,1
IND_05639,EUR,0.451067019797115,Q2_LowVuln,0
IND_05640,AFR,0.6182354454237311,Q3_MedVuln,0
IND_05641,AMR,0.6372343229266747,Q3_MedVuln,0
IND_05642,EAS,0.31387012973653644,Q2_LowVuln,0
IND_05643,SAS,0.5260867626823669,Q3_MedVuln,0
IND_05644,AFR,0.4517087604709829,Q2_LowVuln,0
IND_05645,SAS,0.6741209964574931,Q3_MedVuln,0
IND_05646,AFR,0.2761996635558156,Q2_LowVuln,0
IND_05647,SAS,0.4941150310197908,Q2_LowVuln,0
IND_05648,AFR,0.3276451261599327,Q2_LowVuln,0
IND_05649,AMR,0.7999221510158838,Q4_HighestVuln,1
IND_05650,AFR,0.6922906345002212,Q3_MedVuln,0
IND_05651,SAS,0.6579978544957477,Q3_MedVuln,0
IND_05652,AMR,0.8591306887919076,Q4_HighestVuln,1
IND_05653,AMR,0.6022026547504868,Q3_MedVuln,0
IND_05654,AFR,0.30648243564778593,Q2_LowVuln,0
IND_05655,AMR,0.7060177678733054,Q3_MedVuln,0
IND_05656,SAS,0.6572257231257613,Q3_MedVuln,0
IND_05657,AFR,0.25548603878591125,Q2_LowVuln,0
IND_05658,AMR,0.5787098324884725,Q3_MedVuln,0
IND_05659,AFR,0.5997028085696422,Q3_MedVuln,0
IND_05660,EAS,0.2332915418780706,Q1_LowestVuln,0
IND_05661,EAS,0.14094689747071545,Q1_LowestVuln,0
IND_05662,EAS,0.347195567820817,Q2_LowVuln,0
IND_05663,AFR,0.3750691639977885,Q2_LowVuln,0
IND_05664,AFR,0.4718405686514003,Q2_LowVuln,0
IND_05665,EUR,0.19414016759953936,Q1_LowestVuln,0
IND_05666,EAS,0.2492513922166281,Q1_LowestVuln,0
IND_05667,SAS,0.32970452144826934,Q2_LowVuln,0
IND_05668,EAS,0.4334646587954794,Q2_LowVuln,0
IND_05669,SAS,0.2909621053827766,Q2_LowVuln,0
IND_05670,EAS,0.17201332532158964,Q1_LowestVuln,0
IND_05671,EAS,0.6233543817120142,Q3_MedVuln,0
IND_05672,SAS,0.6609426078339753,Q3_MedVuln,0
IND_05673,AFR,0.43137642261190906,Q2_LowVuln,0
IND_05674,AFR,0.6593098951369873,Q3_MedVuln,0
IND_05675,SAS,0.6439840979052095,Q3_MedVuln,0
IND_05676,EAS,0.5158971592629366,Q3_MedVuln,0
IND_05677,EAS,0.1426790653115342,Q1_LowestVuln,0
IND_05678,EAS,0.4003787705278299,Q2_LowVuln,0
IND_05679,AMR,0.5026117009799791,Q3_MedVuln,0
IND_05680,AFR,0.4508853137800575,Q2_LowVuln,0
IND_05681,EAS,0.42053419193447117,Q2_LowVuln,0
IND_05682,AFR,0.12415955843870334,Q1_LowestVuln,0
IND_05683,EAS,0.18119570445043942,Q1_LowestVuln,0
IND_05684,SAS,0.7774713567137721,Q4_HighestVuln,1
IND_05685,AFR,0.4854949296377456,Q2_LowVuln,0
IND_05686,AMR,0.38180089806086676,Q2_LowVuln,0
IND_05687,AFR,0.7701423204318605,Q4_HighestVuln,1
IND_05688,AFR,0.4863600113746334,Q2_LowVuln,0
IND_05689,EAS,0.24021684531792808,Q1_LowestVuln,0
IND_05690,AFR,0.6779002609345196,Q3_MedVuln,0
IND_05691,SAS,0.5971293704816313,Q3_MedVuln,0
IND_05692,EUR,0.07925648102578313,Q1_LowestVuln,0
IND_05693,EUR,0.3617814482656865,Q2_LowVuln,0
IND_05694,EUR,0.18254322526234748,Q1_LowestVuln,0
IND_05695,AMR,0.44379346926446844,Q2_LowVuln,0
IND_05696,SAS,0.7459360405092205,Q3_MedVuln,0
IND_05697,AMR,0.4321352410706518,Q2_LowVuln,0
IND_05698,AFR,0.7406972924692591,Q3_MedVuln,0
IND_05699,AFR,0.6962558948309397,Q3_MedVuln,0
IND_05700,AMR,0.6587433146825893,Q3_MedVuln,0
IND_05701,SAS,0.08484179771036443,Q1_LowestVuln,0
IND_05702,EAS,0.5584874465986691,Q3_MedVuln,0
IND_05703,SAS,0.5304891855696033,Q3_MedVuln,0
IND_05704,AFR,0.5350511405194175,Q3_MedVuln,0
IND_05705,SAS,0.6788625318835719,Q3_MedVuln,0
IND_05706,SAS,0.2889181459293732,Q2_LowVuln,0
IND_05707,EUR,0.4939740402295241,Q2_LowVuln,0
IND_05708,EUR,0.8125266183030013,Q4_HighestVuln,1
IND_05709,AFR,0.8889635737173099,Q4_HighestVuln,1
IND_05710,EUR,0.4021550024807369,Q2_LowVuln,0
IND_05711,EAS,0.6543967205198726,Q3_MedVuln,0
IND_05712,EAS,0.14687212977274883,Q1_LowestVuln,0
IND_05713,AFR,0.32643002120545317,Q2_LowVuln,0
IND_05714,AFR,0.46597522920676165,Q2_LowVuln,0
IND_05715,EAS,0.11202022867159166,Q1_LowestVuln,0
IND_05716,EAS,0.4347313421128449,Q2_LowVuln,0
IND_05717,AMR,0.5657981574685713,Q3_MedVuln,0
IND_05718,AFR,0.8035357327391194,Q4_HighestVuln,1
IND_05719,EAS,0.2804725163465834,Q2_LowVuln,0
IND_05720,AFR,0.6026868125032516,Q3_MedVuln,0
IND_05721,AFR,0.8781983025860438,Q4_HighestVuln,1
IND_05722,SAS,0.6376764210861564,Q3_MedVuln,0
IND_05723,AMR,0.6112309876050184,Q3_MedVuln,0
IND_05724,AFR,0.43534607539142217,Q2_LowVuln,0
IND_05725,AFR,0.5375414031740892,Q3_MedVuln,0
IND_05726,SAS,0.27491269323184064,Q2_LowVuln,0
IND_05727,AFR,0.8074098006307612,Q4_HighestVuln,1
IND_05728,SAS,0.40358706175170994,Q2_LowVuln,0
IND_05729,AFR,0.8056789969318665,Q4_HighestVuln,1
IND_05730,EUR,0.48957074646371507,Q2_LowVuln,0
IND_05731,SAS,0.7350509642172012,Q3_MedVuln,0
IND_05732,AFR,0.761905758892036,Q4_HighestVuln,1
IND_05733,EAS,0.712346911554309,Q3_MedVuln,0
IND_05734,EAS,0.6322184513350289,Q3_MedVuln,0
IND_05735,AMR,0.9390096895400808,Q4_HighestVuln,1
IND_05736,EUR,0.051063780890100795,Q1_LowestVuln,0
IND_05737,AFR,0.8143963454533928,Q4_HighestVuln,1
IND_05738,AMR,0.6522935914830353,Q3_MedVuln,0
IND_05739,AFR,0.8383700261948895,Q4_HighestVuln,1
IND_05740,EAS,0.4355151187848439,Q2_LowVuln,0
IND_05741,SAS,0.21350902495393548,Q1_LowestVuln,0
IND_05742,SAS,0.6679870483941993,Q3_MedVuln,0
IND_05743,AFR,0.6394249571150525,Q3_MedVuln,0
IND_05744,EAS,0.3663320108274114,Q2_LowVuln,0
IND_05745,AMR,0.8348918685319691,Q4_HighestVuln,1
IND_05746,AFR,0.5719669675590017,Q3_MedVuln,0
IND_05747,SAS,0.3215655550928234,Q2_LowVuln,0
IND_05748,EAS,0.2373497630128439,Q1_LowestVuln,0
IND_05749,EAS,0.11108983628124951,Q1_LowestVuln,0
IND_05750,AMR,0.6418486853162738,Q3_MedVuln,0
IND_05751,EAS,0.4638722498135494,Q2_LowVuln,0
IND_05752,AMR,0.3011818579781454,Q2_LowVuln,0
IND_05753,EAS,0.36770370858787793,Q2_LowVuln,0
IND_05754,EAS,0.17172046903841037,Q1_LowestVuln,0
IND_05755,AFR,0.5543220785051651,Q3_MedVuln,0
IND_05756,SAS,0.46118248445146487,Q2_LowVuln,0
IND_05757,SAS,0.6811614880942447,Q3_MedVuln,0
IND_05758,SAS,0.680616499691989,Q3_MedVuln,0
IND_05759,EAS,0.23143956754504344,Q1_LowestVuln,0
IND_05760,AMR,0.4526666521287253,Q2_LowVuln,0
IND_05761,AMR,0.5996957573360135,Q3_MedVuln,0
IND_05762,AMR,0.29650448702354126,Q2_LowVuln,0
IND_05763,EAS,0.13854667023319148,Q1_LowestVuln,0
IND_05764,SAS,0.6274870989636814,Q3_MedVuln,0
IND_05765,AMR,0.48739999056642597,Q2_LowVuln,0
IND_05766,AFR,0.8870477631843926,Q4_HighestVuln,1
IND_05767,AMR,0.5310376844242414,Q3_MedVuln,0
IND_05768,AMR,0.6224941787358357,Q3_MedVuln,0
IND_05769,AFR,0.26986701115522377,Q2_LowVuln,0
IND_05770,AMR,0.7198701934081417,Q3_MedVuln,0
IND_05771,SAS,0.32346469067668626,Q2_LowVuln,0
IND_05772,EAS,0.16824757131237586,Q1_LowestVuln,0
IND_05773,AMR,0.6744725002276648,Q3_MedVuln,0
IND_05774,AMR,0.7248921127666198,Q3_MedVuln,0
IND_05775,EAS,0.3785593975611998,Q2_LowVuln,0
IND_05776,AMR,0.6855718174747761,Q3_MedVuln,0
IND_05777,SAS,0.3739245821190157,Q2_LowVuln,0
IND_05778,AFR,0.7031331823300293,Q3_MedVuln,0
IND_05779,AMR,0.18868935122446043,Q1_LowestVuln,0
IND_05780,AFR,0.688074324669914,Q3_MedVuln,0
IND_05781,EAS,0.3935300005869882,Q2_LowVuln,0
IND_05782,AFR,0.6115883959848436,Q3_MedVuln,0
IND_05783,SAS,0.6138492778752469,Q3_MedVuln,0
IND_05784,SAS,0.39983157374555833,Q2_LowVuln,0
IND_05785,AFR,0.7144386403835986,Q3_MedVuln,0
IND_05786,EAS,0.31678838102483625,Q2_LowVuln,0
IND_05787,AFR,0.40912931960677157,Q2_LowVuln,0
IND_05788,AFR,0.8729987629984226,Q4_HighestVuln,1
IND_05789,AFR,0.7551032023353457,Q4_HighestVuln,1
IND_05790,EAS,0.32713050084389494,Q2_LowVuln,0
IND_05791,AMR,0.47680334680372777,Q2_LowVuln,0
IND_05792,EUR,0.19014000586265392,Q1_LowestVuln,0
IND_05793,EAS,0.39061795091032697,Q2_LowVuln,0
IND_05794,AFR,0.8916518170459033,Q4_HighestVuln,1
IND_05795,EAS,0.5306112973793686,Q3_MedVuln,0
IND_05796,AFR,0.32738871034887757,Q2_LowVuln,0
IND_05797,AMR,0.45623071752240935,Q2_LowVuln,0
IND_05798,EAS,0.6628353576319154,Q3_MedVuln,0
IND_05799,SAS,0.6514276266044364,Q3_MedVuln,0
IND_05800,AFR,0.5036745927654087,Q3_MedVuln,0
IND_05801,AMR,0.6376560317026214,Q3_MedVuln,0
IND_05802,AFR,0.5787133035426127,Q3_MedVuln,0
IND_05803,AFR,0.8647776682155692,Q4_HighestVuln,1
IND_05804,SAS,0.36361617646627364,Q2_LowVuln,0
IND_05805,EUR,0.21853120172562793,Q1_LowestVuln,0
IND_05806,AFR,0.4340836211947072,Q2_LowVuln,0
IND_05807,EAS,0.3810553548261678,Q2_LowVuln,0
IND_05808,SAS,0.9236409635854469,Q4_HighestVuln,1
IND_05809,SAS,0.5140607193022193,Q3_MedVuln,0
IND_05810,AFR,0.4865080931755201,Q2_LowVuln,0
IND_05811,AMR,0.42593469082658286,Q2_LowVuln,0
IND_05812,EAS,0.8117859766699083,Q4_HighestVuln,1
IND_05813,EAS,0.6567253707244457,Q3_MedVuln,0
IND_05814,EUR,0.21054667734073496,Q1_LowestVuln,0
IND_05815,AFR,0.28800443397293335,Q2_LowVuln,0
IND_05816,EAS,0.3023704470600964,Q2_LowVuln,0
IND_05817,EUR,0.0981716812812595,Q1_LowestVuln,0
IND_05818,EAS,0.39533440299229977,Q2_LowVuln,0
IND_05819,EAS,0.5611538889339359,Q3_MedVuln,0
IND_05820,EUR,0.29537396021081463,Q2_LowVuln,0
IND_05821,EAS,0.4430785477374381,Q2_LowVuln,0
IND_05822,SAS,0.6632814534559861,Q3_MedVuln,0
IND_05823,AMR,0.21486121822549162,Q1_LowestVuln,0
IND_05824,EUR,0.7612520533151973,Q4_HighestVuln,1
IND_05825,EUR,0.5633130282085572,Q3_MedVuln,0
IND_05826,AFR,0.7310944080497106,Q3_MedVuln,0
IND_05827,AFR,0.11969945387892847,Q1_LowestVuln,0
IND_05828,AFR,0.2856521743628547,Q2_LowVuln,0
IND_05829,EAS,0.18939289918777527,Q1_LowestVuln,0
IND_05830,AFR,0.6580180785377365,Q3_MedVuln,0
IND_05831,SAS,0.5314876121230795,Q3_MedVuln,0
IND_05832,SAS,0.761483431768604,Q4_HighestVuln,1
IND_05833,EUR,0.6692004041766934,Q3_MedVuln,0
IND_05834,EUR,0.0901847714227836,Q1_LowestVuln,0
IND_05835,SAS,0.4267705078801805,Q2_LowVuln,0
IND_05836,AFR,0.44652321493413144,Q2_LowVuln,0
IND_05837,AFR,0.5969433826396503,Q3_MedVuln,0
IND_05838,AFR,0.6224625383545765,Q3_MedVuln,0
IND_05839,AMR,0.8827214444936781,Q4_HighestVuln,1
IND_05840,SAS,0.25090982197610046,Q2_LowVuln,0
IND_05841,AMR,0.6432202152430979,Q3_MedVuln,0
IND_05842,SAS,0.6402611306110011,Q3_MedVuln,0
IND_05843,EUR,0.661868928840567,Q3_MedVuln,0
IND_05844,AFR,0.6906060179635449,Q3_MedVuln,0
IND_05845,EUR,0.3829620721298226,Q2_LowVuln,0
IND_05846,EAS,0.5824743581607185,Q3_MedVuln,0
IND_05847,EUR,0.7401708591313547,Q3_MedVuln,0
IND_05848,EAS,0.31656993577624476,Q2_LowVuln,0
IND_05849,SAS,0.43138846372189293,Q2_LowVuln,0
IND_05850,EAS,0.11610502160954396,Q1_LowestVuln,0
IND_05851,AFR,0.7024809075838301,Q3_MedVuln,0
IND_05852,AMR,0.42200539173788226,Q2_LowVuln,0
IND_05853,EAS,0.18198525813770763,Q1_LowestVuln,0
IND_05854,EUR,0.3114140868645406,Q2_LowVuln,0
IND_05855,EAS,0.42598928670832453,Q2_LowVuln,0
IND_05856,SAS,0.7818818468424916,Q4_HighestVuln,1
IND_05857,AFR,0.1304985064890536,Q1_LowestVuln,0
IND_05858,AMR,0.4463127819166149,Q2_LowVuln,0
IND_05859,AMR,0.94314725278194,Q4_HighestVuln,1
IND_05860,EAS,0.7819134622631062,Q4_HighestVuln,1
IND_05861,SAS,0.7335612784359912,Q3_MedVuln,0
IND_05862,AFR,0.2570609285412177,Q2_LowVuln,0
IND_05863,SAS,0.24240924273269124,Q1_LowestVuln,0
IND_05864,AMR,0.8674979380557014,Q4_HighestVuln,1
IND_05865,EUR,0.4480021514197699,Q2_LowVuln,0
IND_05866,EAS,0.7320892383938331,Q3_MedVuln,0
IND_05867,SAS,0.4587678590346204,Q2_LowVuln,0
IND_05868,EUR,0.7105711400991817,Q3_MedVuln,0
IND_05869,EAS,0.3881503191820123,Q2_LowVuln,0
IND_05870,AMR,0.440800326745538,Q2_LowVuln,0
IND_05871,SAS,0.3283091953038181,Q2_LowVuln,0
IND_05872,EAS,0.09718535385005816,Q1_LowestVuln,0
IND_05873,EAS,0.2738037469418571,Q2_LowVuln,0
IND_05874,EAS,0.3836152789780125,Q2_LowVuln,0
IND_05875,EUR,0.603630115906893,Q3_MedVuln,0
IND_05876,AFR,0.21938205709943587,Q1_LowestVuln,0
IND_05877,AFR,0.5367478246389089,Q3_MedVuln,0
IND_05878,EAS,0.33037140926693725,Q2_LowVuln,0
IND_05879,EUR,0.4486073369223139,Q2_LowVuln,0
IND_05880,AFR,0.6591167521042568,Q3_MedVuln,0
IND_05881,EAS,0.26092578530240546,Q2_LowVuln,0
IND_05882,EUR,0.09969595015087375,Q1_LowestVuln,0
IND_05883,AMR,0.8785973888052154,Q4_HighestVuln,1
IND_05884,AFR,0.3417486059549735,Q2_LowVuln,0
IND_05885,SAS,0.5995892021811376,Q3_MedVuln,0
IND_05886,EUR,0.642248943642243,Q3_MedVuln,0
IND_05887,SAS,0.4113266384647696,Q2_LowVuln,0
IND_05888,EAS,0.14929847399623813,Q1_LowestVuln,0
IND_05889,AMR,0.2726337404736955,Q2_LowVuln,0
IND_05890,EUR,0.6467555933794168,Q3_MedVuln,0
IND_05891,AFR,0.6197159218639208,Q3_MedVuln,0
IND_05892,EAS,0.14354954231575404,Q1_LowestVuln,0
IND_05893,SAS,0.6074049270052917,Q3_MedVuln,0
IND_05894,AMR,0.915434373544231,Q4_HighestVuln,1
IND_05895,AFR,0.6317119144989672,Q3_MedVuln,0
IND_05896,EAS,0.3871199697525158,Q2_LowVuln,0
IND_05897,EUR,0.7122110172460876,Q3_MedVuln,0
IND_05898,EAS,0.20322248457261902,Q1_LowestVuln,0
IND_05899,AFR,0.5998810609773374,Q3_MedVuln,0
IND_05900,EAS,0.30445740397658494,Q2_LowVuln,0
IND_05901,AFR,0.46343932009378586,Q2_LowVuln,0
IND_05902,SAS,0.19245559738795032,Q1_LowestVuln,0
IND_05903,EAS,0.16390747233710562,Q1_LowestVuln,0
IND_05904,EUR,0.41627113636328855,Q2_LowVuln,0
IND_05905,AMR,0.4294351308214195,Q2_LowVuln,0
IND_05906,AMR,0.4575745953291224,Q2_LowVuln,0
IND_05907,AFR,0.46278201107008704,Q2_LowVuln,0
IND_05908,SAS,0.7386983886480278,Q3_MedVuln,0
IND_05909,AFR,0.6755747356891619,Q3_MedVuln,0
IND_05910,EUR,0.3793524817670795,Q2_LowVuln,0
IND_05911,EUR,0.5226815558140837,Q3_MedVuln,0
IND_05912,EUR,0.3513939922000692,Q2_LowVuln,0
IND_05913,AMR,0.7849978241331543,Q4_HighestVuln,1
IND_05914,SAS,0.3575467401764386,Q2_LowVuln,0
IND_05915,SAS,0.6879417393895821,Q3_MedVuln,0
IND_05916,EAS,0.12638543595399154,Q1_LowestVuln,0
IND_05917,AFR,0.7409557350826226,Q3_MedVuln,0
IND_05918,EAS,0.31692919890448934,Q2_LowVuln,0
IND_05919,EAS,0.21635119904878275,Q1_LowestVuln,0
IND_05920,EUR,0.48460271710180713,Q2_LowVuln,0
IND_05921,EUR,0.39883112551251015,Q2_LowVuln,0
IND_05922,EUR,0.7444427953490942,Q3_MedVuln,0
IND_05923,AMR,0.8240856564457495,Q4_HighestVuln,1
IND_05924,EUR,0.45362104143193394,Q2_LowVuln,0
IND_05925,SAS,0.4698483355744807,Q2_LowVuln,0
IND_05926,AMR,0.8596232137045573,Q4_HighestVuln,1
IND_05927,AMR,0.3755378251011447,Q2_LowVuln,0
IND_05928,AMR,0.6532670431182371,Q3_MedVuln,0
IND_05929,EUR,0.3545320355628593,Q2_LowVuln,0
IND_05930,AFR,0.4599894573992034,Q2_LowVuln,0
IND_05931,EAS,0.20014318135570633,Q1_LowestVuln,0
IND_05932,SAS,0.2335711245139683,Q1_LowestVuln,0
IND_05933,AFR,0.5004287625283762,Q3_MedVuln,0
IND_05934,EAS,0.8223192437959823,Q4_HighestVuln,1
IND_05935,SAS,0.6342119614375439,Q3_MedVuln,0
IND_05936,AFR,0.4499870118898224,Q2_LowVuln,0
IND_05937,SAS,0.6754358885879234,Q3_MedVuln,0
IND_05938,AFR,0.6508849230530425,Q3_MedVuln,0
IND_05939,AMR,0.7512128894555615,Q4_HighestVuln,1
IND_05940,EUR,0.33081914994376516,Q2_LowVuln,0
IND_05941,AFR,0.7115470913479914,Q3_MedVuln,0
IND_05942,EAS,0.38749884164961934,Q2_LowVuln,0
IND_05943,AMR,0.43767843325309275,Q2_LowVuln,0
IND_05944,AFR,0.4661881806779125,Q2_LowVuln,0
IND_05945,SAS,0.6791587310568421,Q3_MedVuln,0
IND_05946,SAS,0.5815261350091058,Q3_MedVuln,0
IND_05947,EUR,0.23167210358194298,Q1_LowestVuln,0
IND_05948,EUR,0.22639435899132407,Q1_LowestVuln,0
IND_05949,AMR,0.5255464236700726,Q3_MedVuln,0
IND_05950,AFR,0.939710827678454,Q4_HighestVuln,1
IND_05951,EAS,0.16688183059587638,Q1_LowestVuln,0
IND_05952,EUR,0.33466801604818863,Q2_LowVuln,0
IND_05953,SAS,0.4274813902912341,Q2_LowVuln,0
IND_05954,EUR,0.765653157182635,Q4_HighestVuln,1
IND_05955,SAS,0.6502236686548911,Q3_MedVuln,0
IND_05956,SAS,0.3439798407826978,Q2_LowVuln,0
IND_05957,AFR,0.9039734662183818,Q4_HighestVuln,1
IND_05958,EAS,0.39877143845227686,Q2_LowVuln,0
IND_05959,EAS,0.5936598645068639,Q3_MedVuln,0
IND_05960,AFR,0.42081955192280657,Q2_LowVuln,0
IND_05961,AMR,0.5461142384311269,Q3_MedVuln,0
IND_05962,EUR,0.5996380559790048,Q3_MedVuln,0
IND_05963,EUR,0.41596731986773344,Q2_LowVuln,0
IND_05964,AMR,0.7675954106287334,Q4_HighestVuln,1
IND_05965,EAS,0.16006746275002978,Q1_LowestVuln,0
IND_05966,EAS,0.21240882801675853,Q1_LowestVuln,0
IND_05967,AFR,0.9326828965874825,Q4_HighestVuln,1
IND_05968,AMR,0.5595696514156052,Q3_MedVuln,0
IND_05969,AFR,0.8967757853831325,Q4_HighestVuln,1
IND_05970,EAS,0.17252698405336744,Q1_LowestVuln,0
IND_05971,EUR,0.186376361192194,Q1_LowestVuln,0
IND_05972,AFR,0.8688225032854182,Q4_HighestVuln,1
IND_05973,AFR,0.7071566741504623,Q3_MedVuln,0
IND_05974,EAS,0.09605585569850301,Q1_LowestVuln,0
IND_05975,AFR,0.31061375945870145,Q2_LowVuln,0
IND_05976,EAS,0.8126612686518073,Q4_HighestVuln,1
IND_05977,EAS,0.12537751208364872,Q1_LowestVuln,0
IND_05978,AMR,0.7066210562535769,Q3_MedVuln,0
IND_05979,AFR,0.27336057901375993,Q2_LowVuln,0
IND_05980,AFR,0.27172524386122376,Q2_LowVuln,0
IND_05981,AFR,0.8052799536307489,Q4_HighestVuln,1
IND_05982,EAS,0.0325464194111274,Q1_LowestVuln,0
IND_05983,EAS,0.16913975330482664,Q1_LowestVuln,0
IND_05984,AMR,0.6050695054774036,Q3_MedVuln,0
IND_05985,EUR,0.5080609028726724,Q3_MedVuln,0
IND_05986,EAS,0.02689504878785222,Q1_LowestVuln,0
IND_05987,EAS,0.11116057008496094,Q1_LowestVuln,0
IND_05988,EAS,0.18513131116858178,Q1_LowestVuln,0
IND_05989,EUR,0.20812271320200057,Q1_LowestVuln,0
IND_05990,SAS,0.7294680196244742,Q3_MedVuln,0
IND_05991,SAS,0.286781831831286,Q2_LowVuln,0
IND_05992,AFR,0.8029564371680015,Q4_HighestVuln,1
IND_05993,SAS,0.17447849564442502,Q1_LowestVuln,0
IND_05994,AMR,0.20078256524345767,Q1_LowestVuln,0
IND_05995,EUR,0.796278972118173,Q4_HighestVuln,1
IND_05996,AMR,0.34254270241298945,Q2_LowVuln,0
IND_05997,EAS,0.4053743032148075,Q2_LowVuln,0
IND_05998,AFR,0.6153583223390412,Q3_MedVuln,0
IND_05999,AFR,0.633482599143561,Q3_MedVuln,0
IND_06000,AMR,0.9536734059827661,Q4_HighestVuln,1
IND_06001,EAS,0.461185347853924,Q2_LowVuln,0
IND_06002,AFR,0.8482901613887417,Q4_HighestVuln,1
IND_06003,SAS,0.45066261503564853,Q2_LowVuln,0
IND_06004,EUR,0.31165625226711413,Q2_LowVuln,0
IND_06005,AFR,0.592131294889584,Q3_MedVuln,0
IND_06006,SAS,0.20404688008976918,Q1_LowestVuln,0
IND_06007,AFR,0.27516097511230087,Q2_LowVuln,0
IND_06008,EAS,0.36775532692653856,Q2_LowVuln,0
IND_06009,SAS,0.6987346466632754,Q3_MedVuln,0
IND_06010,AFR,0.4799017784745992,Q2_LowVuln,0
IND_06011,EUR,0.5613653626126349,Q3_MedVuln,0
IND_06012,SAS,0.6609152002071915,Q3_MedVuln,0
IND_06013,EAS,0.1592690451736899,Q1_LowestVuln,0
IND_06014,EUR,0.7159576786802699,Q3_MedVuln,0
IND_06015,AFR,0.266419053655569,Q2_LowVuln,0
IND_06016,SAS,0.6748264116293702,Q3_MedVuln,0
IND_06017,AFR,0.9914477337844313,Q4_HighestVuln,1
IND_06018,EUR,0.33233510433091745,Q2_LowVuln,0
IND_06019,EUR,0.8741503379588446,Q4_HighestVuln,1
IND_06020,EUR,0.5450739986740194,Q3_MedVuln,0
IND_06021,SAS,0.7134437254879924,Q3_MedVuln,0
IND_06022,EAS,0.13780048241291815,Q1_LowestVuln,0
IND_06023,AFR,0.9041784081476116,Q4_HighestVuln,1
IND_06024,AFR,0.7951958335144765,Q4_HighestVuln,1
IND_06025,EUR,0.6523807227079347,Q3_MedVuln,0
IND_06026,AFR,0.8311152141965753,Q4_HighestVuln,1
IND_06027,EAS,0.21755282492861427,Q1_LowestVuln,0
IND_06028,AFR,0.8588556219757534,Q4_HighestVuln,1
IND_06029,EUR,0.12420919676504062,Q1_LowestVuln,0
IND_06030,EAS,0.20329890538296366,Q1_LowestVuln,0
IND_06031,AFR,0.5573709999468786,Q3_MedVuln,0
IND_06032,SAS,0.7832761754531161,Q4_HighestVuln,1
IND_06033,EAS,0.12865504563054386,Q1_LowestVuln,0
IND_06034,EUR,0.6170446870718972,Q3_MedVuln,0
IND_06035,SAS,0.7886105746418484,Q4_HighestVuln,1
IND_06036,SAS,0.6048829866534134,Q3_MedVuln,0
IND_06037,SAS,0.36301464652773036,Q2_LowVuln,0
IND_06038,SAS,0.3425558155702826,Q2_LowVuln,0
IND_06039,AFR,0.6705196378572985,Q3_MedVuln,0
IND_06040,EUR,0.4849772117758124,Q2_LowVuln,0
IND_06041,EAS,0.25983096737413836,Q2_LowVuln,0
IND_06042,EUR,0.46692199262152256,Q2_LowVuln,0
IND_06043,EUR,0.2169008160200309,Q1_LowestVuln,0
IND_06044,SAS,0.5520055154365603,Q3_MedVuln,0
IND_06045,AFR,0.372846306066058,Q2_LowVuln,0
IND_06046,EUR,0.3701762185905193,Q2_LowVuln,0
IND_06047,SAS,0.5561462699522338,Q3_MedVuln,0
IND_06048,EAS,0.18821817168988378,Q1_LowestVuln,0
IND_06049,EAS,0.3251865475641253,Q2_LowVuln,0
IND_06050,AMR,0.7387180513651848,Q3_MedVuln,0
IND_06051,EAS,0.14051225618440355,Q1_LowestVuln,0
IND_06052,SAS,0.29786831596917235,Q2_LowVuln,0
IND_06053,SAS,0.488885258278123,Q2_LowVuln,0
IND_06054,SAS,0.4408046132323399,Q2_LowVuln,0
IND_06055,EUR,0.5176024942236498,Q3_MedVuln,0
IND_06056,AFR,0.5653679667829519,Q3_MedVuln,0
IND_06057,SAS,0.5119329918009955,Q3_MedVuln,0
IND_06058,SAS,0.6116224318760508,Q3_MedVuln,0
IND_06059,SAS,0.3117048673795341,Q2_LowVuln,0
IND_06060,AMR,0.8730970403661813,Q4_HighestVuln,1
IND_06061,EUR,0.23562822623990753,Q1_LowestVuln,0
IND_06062,AFR,0.34412595900143395,Q2_LowVuln,0
IND_06063,AMR,0.951228198381104,Q4_HighestVuln,1
IND_06064,SAS,0.7249230647805053,Q3_MedVuln,0
IND_06065,SAS,0.748148645613683,Q3_MedVuln,0
IND_06066,SAS,0.35268375567581833,Q2_LowVuln,0
IND_06067,EAS,0.4258682476055191,Q2_LowVuln,0
IND_06068,SAS,0.8793919054878117,Q4_HighestVuln,1
IND_06069,AMR,0.8157891564399813,Q4_HighestVuln,1
IND_06070,EAS,0.17916549400198337,Q1_LowestVuln,0
IND_06071,EUR,0.11249677319974595,Q1_LowestVuln,0
IND_06072,EAS,0.420255214794826,Q2_LowVuln,0
IND_06073,AMR,0.6971001527285192,Q3_MedVuln,0
IND_06074,EAS,0.7752437372645187,Q4_HighestVuln,1
IND_06075,EAS,0.5124355238852261,Q3_MedVuln,0
IND_06076,EUR,0.8567850454400645,Q4_HighestVuln,1
IND_06077,EAS,0.7584834192070172,Q4_HighestVuln,1
IND_06078,EUR,0.0747396718453163,Q1_LowestVuln,0
IND_06079,EUR,0.5604775402805404,Q3_MedVuln,0
IND_06080,EAS,0.16527082478100205,Q1_LowestVuln,0
IND_06081,SAS,0.296589840684786,Q2_LowVuln,0
IND_06082,EAS,0.04047157318031435,Q1_LowestVuln,0
IND_06083,EAS,0.3831166760012795,Q2_LowVuln,0
IND_06084,EAS,0.5221358357224775,Q3_MedVuln,0
IND_06085,AFR,0.6113129523035609,Q3_MedVuln,0
IND_06086,AFR,0.5283287070177586,Q3_MedVuln,0
IND_06087,SAS,0.39449874507505167,Q2_LowVuln,0
IND_06088,AMR,0.44872348162166803,Q2_LowVuln,0
IND_06089,AFR,0.6437577196206017,Q3_MedVuln,0
IND_06090,AFR,0.40626133015925875,Q2_LowVuln,0
IND_06091,AMR,0.4783740122260185,Q2_LowVuln,0
IND_06092,AFR,0.8563318942396777,Q4_HighestVuln,1
IND_06093,SAS,0.4631898260238188,Q2_LowVuln,0
IND_06094,AFR,0.5032481866680166,Q3_MedVuln,0
IND_06095,AFR,0.501482252150434,Q3_MedVuln,0
IND_06096,EAS,0.7236650677145124,Q3_MedVuln,0
IND_06097,EUR,0.18090078597565254,Q1_LowestVuln,0
IND_06098,EUR,0.5225790810349932,Q3_MedVuln,0
IND_06099,AMR,0.8056579561327829,Q4_HighestVuln,1
IND_06100,EUR,0.44865574699897937,Q2_LowVuln,0
IND_06101,SAS,0.054001938574837406,Q1_LowestVuln,0
IND_06102,EAS,0.5188654828018686,Q3_MedVuln,0
IND_06103,EUR,0.13724994319739361,Q1_LowestVuln,0
IND_06104,EUR,0.5343171307565496,Q3_MedVuln,0
IND_06105,AFR,0.9027809984982978,Q4_HighestVuln,1
IND_06106,SAS,0.1574380829725127,Q1_LowestVuln,0
IND_06107,EAS,0.3995754982720657,Q2_LowVuln,0
IND_06108,SAS,0.7822648010494738,Q4_HighestVuln,1
IND_06109,AFR,0.6217442102136399,Q3_MedVuln,0
IND_06110,AFR,0.5480849055228779,Q3_MedVuln,0
IND_06111,SAS,0.8025507121657334,Q4_HighestVuln,1
IND_06112,SAS,0.2698747386640977,Q2_LowVuln,0
IND_06113,EUR,0.15317137238520864,Q1_LowestVuln,0
IND_06114,AMR,0.7161241553266336,Q3_MedVuln,0
IND_06115,SAS,0.6467063833723571,Q3_MedVuln,0
IND_06116,AFR,0.20212834212240585,Q1_LowestVuln,0
IND_06117,EAS,0.253160573126042,Q2_LowVuln,0
IND_06118,EUR,0.5257476008911937,Q3_MedVuln,0
IND_06119,SAS,0.5629599129818672,Q3_MedVuln,0
IND_06120,AMR,0.8319884293924982,Q4_HighestVuln,1
IND_06121,AFR,0.7553281599390926,Q4_HighestVuln,1
IND_06122,AFR,0.7119796585805911,Q3_MedVuln,0
IND_06123,AFR,0.28351351558447146,Q2_LowVuln,0
IND_06124,AMR,0.8456115722917151,Q4_HighestVuln,1
IND_06125,AMR,0.5815100527065998,Q3_MedVuln,0
IND_06126,AFR,0.7826152532069872,Q4_HighestVuln,1
IND_06127,EUR,0.20152246082897798,Q1_LowestVuln,0
IND_06128,EAS,0.42578983691939065,Q2_LowVuln,0
IND_06129,EUR,0.8605530799462595,Q4_HighestVuln,1
IND_06130,AMR,0.8784668841302475,Q4_HighestVuln,1
IND_06131,AFR,0.763597164742666,Q4_HighestVuln,1
IND_06132,SAS,0.7004610831994899,Q3_MedVuln,0
IND_06133,AFR,0.6783018244484241,Q3_MedVuln,0
IND_06134,AMR,0.8224133649719098,Q4_HighestVuln,1
IND_06135,AMR,0.7664207787380699,Q4_HighestVuln,1
IND_06136,SAS,0.3690642639793791,Q2_LowVuln,0
IND_06137,AFR,0.923156254171652,Q4_HighestVuln,1
IND_06138,AMR,0.7423868077352891,Q3_MedVuln,0
IND_06139,AMR,0.7044677677362842,Q3_MedVuln,0
IND_06140,AFR,0.34096666797902814,Q2_LowVuln,0
IND_06141,AFR,0.5343393144254751,Q3_MedVuln,0
IND_06142,AFR,0.8778577956527158,Q4_HighestVuln,1
IND_06143,EUR,0.2623898030102963,Q2_LowVuln,0
IND_06144,AFR,0.41262281967919107,Q2_LowVuln,0
IND_06145,AMR,0.43225826164213527,Q2_LowVuln,0
IND_06146,EAS,0.41880079648564317,Q2_LowVuln,0
IND_06147,EAS,0.40656437305585574,Q2_LowVuln,0
IND_06148,EUR,0.7930023071723802,Q4_HighestVuln,1
IND_06149,AMR,0.6930383910526723,Q3_MedVuln,0
IND_06150,AMR,0.7475925163501885,Q3_MedVuln,0
IND_06151,EAS,0.5471078917001316,Q3_MedVuln,0
IND_06152,SAS,0.7333833571365356,Q3_MedVuln,0
IND_06153,EUR,0.1564612742282113,Q1_LowestVuln,0
IND_06154,EAS,0.48188674020845035,Q2_LowVuln,0
IND_06155,EUR,0.638603228847348,Q3_MedVuln,0
IND_06156,AFR,0.6222964305008575,Q3_MedVuln,0
IND_06157,EAS,0.5117946732611814,Q3_MedVuln,0
IND_06158,AFR,0.43829768632257976,Q2_LowVuln,0
IND_06159,EUR,0.5277732463358916,Q3_MedVuln,0
IND_06160,EAS,0.24612694009007322,Q1_LowestVuln,0
IND_06161,AMR,0.6870396410264814,Q3_MedVuln,0
IND_06162,EUR,0.46296045211229053,Q2_LowVuln,0
IND_06163,EAS,0.43416881190384565,Q2_LowVuln,0
IND_06164,EUR,0.3602035688838605,Q2_LowVuln,0
IND_06165,EAS,0.3918623938260956,Q2_LowVuln,0
IND_06166,AMR,0.2866644860639973,Q2_LowVuln,0
IND_06167,EUR,0.22983141400360033,Q1_LowestVuln,0
IND_06168,AMR,0.6976864171978512,Q3_MedVuln,0
IND_06169,AFR,0.4747665345878841,Q2_LowVuln,0
IND_06170,AFR,0.5354392619334587,Q3_MedVuln,0
IND_06171,AFR,0.6269569863395104,Q3_MedVuln,0
IND_06172,SAS,0.38050182587466846,Q2_LowVuln,0
IND_06173,EAS,0.6952850809808659,Q3_MedVuln,0
IND_06174,EUR,0.18113896417927358,Q1_LowestVuln,0
IND_06175,AFR,0.7796788359629173,Q4_HighestVuln,1
IND_06176,EUR,0.66646744793761,Q3_MedVuln,0
IND_06177,EAS,0.4944379712928309,Q2_LowVuln,0
IND_06178,AFR,0.8883895144739695,Q4_HighestVuln,1
IND_06179,SAS,0.25479499548407636,Q2_LowVuln,0
IND_06180,AMR,0.24010076353390533,Q1_LowestVuln,0
IND_06181,AFR,0.6050854479738248,Q3_MedVuln,0
IND_06182,AFR,0.46322078641811276,Q2_LowVuln,0
IND_06183,AFR,0.39011662575222694,Q2_LowVuln,0
IND_06184,EAS,0.27663921110648704,Q2_LowVuln,0
IND_06185,SAS,0.30349378994007353,Q2_LowVuln,0
IND_06186,AFR,0.4426183052975162,Q2_LowVuln,0
IND_06187,EAS,0.13617739814620855,Q1_LowestVuln,0
IND_06188,AMR,0.5854845371833857,Q3_MedVuln,0
IND_06189,EAS,0.6132923390780775,Q3_MedVuln,0
IND_06190,EAS,0.5250489244614339,Q3_MedVuln,0
IND_06191,SAS,0.5380343326155792,Q3_MedVuln,0
IND_06192,EAS,0.560090744480546,Q3_MedVuln,0
IND_06193,AFR,0.9438844919273208,Q4_HighestVuln,1
IND_06194,AMR,0.5750446117276328,Q3_MedVuln,0
IND_06195,EUR,0.2140575702345095,Q1_LowestVuln,0
IND_06196,AFR,0.8118513036718655,Q4_HighestVuln,1
IND_06197,SAS,0.4016273601474148,Q2_LowVuln,0
IND_06198,AFR,0.5408265707119467,Q3_MedVuln,0
IND_06199,AMR,0.9549332777650877,Q4_HighestVuln,1
IND_06200,EUR,0.13312043492992687,Q1_LowestVuln,0
IND_06201,AMR,0.699637803100504,Q3_MedVuln,0
IND_06202,EUR,0.16488167154217198,Q1_LowestVuln,0
IND_06203,SAS,0.5172555051680563,Q3_MedVuln,0
IND_06204,EUR,0.5250993139761075,Q3_MedVuln,0
IND_06205,SAS,0.7293351277173182,Q3_MedVuln,0
IND_06206,SAS,0.6882786258216561,Q3_MedVuln,0
IND_06207,AFR,0.4464093417940725,Q2_LowVuln,0
IND_06208,EUR,0.02678922355566621,Q1_LowestVuln,0
IND_06209,AMR,0.9458689646291712,Q4_HighestVuln,1
IND_06210,AFR,0.5423735198216236,Q3_MedVuln,0
IND_06211,EUR,0.292187970941636,Q2_LowVuln,0
IND_06212,AFR,0.6738381506613952,Q3_MedVuln,0
IND_06213,SAS,0.2571342517828204,Q2_LowVuln,0
IND_06214,EAS,0.4252134644241566,Q2_LowVuln,0
IND_06215,AMR,0.42157657991180086,Q2_LowVuln,0
IND_06216,AMR,0.6751460838010868,Q3_MedVuln,0
IND_06217,EUR,0.36990316997490863,Q2_LowVuln,0
IND_06218,SAS,0.6740925893681275,Q3_MedVuln,0
IND_06219,EAS,0.26299730432104523,Q2_LowVuln,0
IND_06220,AFR,0.4046431629362317,Q2_LowVuln,0
IND_06221,EAS,0.41587640253633384,Q2_LowVuln,0
IND_06222,SAS,0.6361418581833744,Q3_MedVuln,0
IND_06223,SAS,0.545882909566919,Q3_MedVuln,0
IND_06224,AFR,0.4651015347738129,Q2_LowVuln,0
IND_06225,AFR,0.2839269878436997,Q2_LowVuln,0
IND_06226,EAS,0.5183425132047376,Q3_MedVuln,0
IND_06227,AFR,0.43820232368750994,Q2_LowVuln,0
IND_06228,AMR,0.4808074929004721,Q2_LowVuln,0
IND_06229,AMR,0.8741555694235804,Q4_HighestVuln,1
IND_06230,SAS,0.27681089474748993,Q2_LowVuln,0
IND_06231,EUR,0.18631548082312946,Q1_LowestVuln,0
IND_06232,EUR,0.25117335969912735,Q2_LowVuln,0
IND_06233,AFR,0.8080166074179006,Q4_HighestVuln,1
IND_06234,AFR,0.4445639005175466,Q2_LowVuln,0
IND_06235,EUR,0.5397715464439086,Q3_MedVuln,0
IND_06236,EUR,0.5775135488834323,Q3_MedVuln,0
IND_06237,EAS,0.2786491356053031,Q2_LowVuln,0
IND_06238,EAS,0.4838814361594621,Q2_LowVuln,0
IND_06239,SAS,0.8554114858930335,Q4_HighestVuln,1
IND_06240,AFR,0.9091089593315245,Q4_HighestVuln,1
IND_06241,SAS,0.3430526327468685,Q2_LowVuln,0
IND_06242,AFR,0.4853757999209892,Q2_LowVuln,0
IND_06243,EAS,0.42558457629335433,Q2_LowVuln,0
IND_06244,AFR,0.7967429937984162,Q4_HighestVuln,1
IND_06245,SAS,0.7924452425114423,Q4_HighestVuln,1
IND_06246,EUR,0.7853018668202228,Q4_HighestVuln,1
IND_06247,EAS,0.009876228326000885,Q1_LowestVuln,0
IND_06248,EUR,0.23951503839760063,Q1_LowestVuln,0
IND_06249,AFR,0.4225263065403739,Q2_LowVuln,0
IND_06250,AFR,0.44496541050117616,Q2_LowVuln,0
IND_06251,EAS,0.3744618929051105,Q2_LowVuln,0
IND_06252,AFR,0.44278180100877446,Q2_LowVuln,0
IND_06253,AMR,0.6724243381207947,Q3_MedVuln,0
IND_06254,SAS,0.3818767815907016,Q2_LowVuln,0
IND_06255,EAS,0.16920861539200804,Q1_LowestVuln,0
IND_06256,EUR,0.5944520162599546,Q3_MedVuln,0
IND_06257,EAS,0.47642590563418213,Q2_LowVuln,0
IND_06258,AMR,0.6733261148932237,Q3_MedVuln,0
IND_06259,AFR,0.5899935571397874,Q3_MedVuln,0
IND_06260,AFR,0.7008635809557975,Q3_MedVuln,0
IND_06261,SAS,0.5462454686840936,Q3_MedVuln,0
IND_06262,SAS,0.42434256108762025,Q2_LowVuln,0
IND_06263,SAS,0.821064834563288,Q4_HighestVuln,1
IND_06264,SAS,0.38707015323341754,Q2_LowVuln,0
IND_06265,AFR,0.6089922177250129,Q3_MedVuln,0
IND_06266,EAS,0.35781955771963636,Q2_LowVuln,0
IND_06267,EAS,0.3455783168971228,Q2_LowVuln,0
IND_06268,EAS,0.3666150104138843,Q2_LowVuln,0
IND_06269,EAS,0.6132204826802887,Q3_MedVuln,0
IND_06270,AFR,0.32645547034556766,Q2_LowVuln,0
IND_06271,SAS,0.6675955612568892,Q3_MedVuln,0
IND_06272,AFR,0.1656768847119982,Q1_LowestVuln,0
IND_06273,AFR,0.5928227000329235,Q3_MedVuln,0
IND_06274,EAS,0.4716747244770114,Q2_LowVuln,0
IND_06275,EUR,0.355677116657714,Q2_LowVuln,0
IND_06276,EAS,0.43640310392777887,Q2_LowVuln,0
IND_06277,EUR,0.21141825046149568,Q1_LowestVuln,0
IND_06278,EAS,0.547461020344274,Q3_MedVuln,0
IND_06279,EUR,0.4798222385452303,Q2_LowVuln,0
IND_06280,AMR,0.5471863504281932,Q3_MedVuln,0
IND_06281,AFR,0.5891982603397918,Q3_MedVuln,0
IND_06282,EUR,0.32259349449352615,Q2_LowVuln,0
IND_06283,AFR,0.8920453041852232,Q4_HighestVuln,1
IND_06284,EAS,0.5335377342131579,Q3_MedVuln,0
IND_06285,SAS,0.6121729695443534,Q3_MedVuln,0
IND_06286,SAS,0.6300039947614485,Q3_MedVuln,0
IND_06287,EUR,0.5259478994874294,Q3_MedVuln,0
IND_06288,AFR,0.49421564126686207,Q2_LowVuln,0
IND_06289,AFR,0.5902286747801374,Q3_MedVuln,0
IND_06290,SAS,0.8960703095366066,Q4_HighestVuln,1
IND_06291,AFR,0.6308823720257652,Q3_MedVuln,0
IND_06292,AFR,0.47762654051659065,Q2_LowVuln,0
IND_06293,EAS,0.34872700883375896,Q2_LowVuln,0
IND_06294,EAS,0.26946561371154765,Q2_LowVuln,0
IND_06295,SAS,0.2788677342405276,Q2_LowVuln,0
IND_06296,AFR,0.6267046463303507,Q3_MedVuln,0
IND_06297,EAS,0.5054935668586916,Q3_MedVuln,0
IND_06298,SAS,0.7300274217609932,Q3_MedVuln,0
IND_06299,EAS,0.3265354208159253,Q2_LowVuln,0
IND_06300,EUR,0.14012870248613266,Q1_LowestVuln,0
IND_06301,AMR,0.7877172771196955,Q4_HighestVuln,1
IND_06302,SAS,0.6736590152048222,Q3_MedVuln,0
IND_06303,EAS,0.3428507750108109,Q2_LowVuln,0
IND_06304,EUR,0.6157821218544872,Q3_MedVuln,0
IND_06305,EUR,0.043118477005270536,Q1_LowestVuln,0
IND_06306,AFR,0.23945857285957298,Q1_LowestVuln,0
IND_06307,AMR,0.9198541458213646,Q4_HighestVuln,1
IND_06308,AFR,0.36817865259221316,Q2_LowVuln,0
IND_06309,EUR,0.32196222799887,Q2_LowVuln,0
IND_06310,AMR,0.4084816952522861,Q2_LowVuln,0
IND_06311,SAS,0.8841027603223012,Q4_HighestVuln,1
IND_06312,SAS,0.4293140110907084,Q2_LowVuln,0
IND_06313,EUR,0.4721911758158937,Q2_LowVuln,0
IND_06314,EUR,0.6004671817560812,Q3_MedVuln,0
IND_06315,SAS,0.7642379577768803,Q4_HighestVuln,1
IND_06316,EUR,0.5606108936365957,Q3_MedVuln,0
IND_06317,SAS,0.42221345096056717,Q2_LowVuln,0
IND_06318,AFR,0.480944440987306,Q2_LowVuln,0
IND_06319,EUR,0.1307095813585917,Q1_LowestVuln,0
IND_06320,AFR,0.6596660637852362,Q3_MedVuln,0
IND_06321,EAS,0.6743402161310696,Q3_MedVuln,0
IND_06322,EAS,0.08073209092926262,Q1_LowestVuln,0
IND_06323,SAS,0.4020288609685792,Q2_LowVuln,0
IND_06324,EAS,0.29013014767991596,Q2_LowVuln,0
IND_06325,EAS,0.8047099048414533,Q4_HighestVuln,1
IND_06326,AFR,0.14826914251770157,Q1_LowestVuln,0
IND_06327,EUR,0.5664616178118411,Q3_MedVuln,0
IND_06328,AFR,0.5052330372570024,Q3_MedVuln,0
IND_06329,AFR,0.5707306122093474,Q3_MedVuln,0
IND_06330,SAS,0.3359345578587981,Q2_LowVuln,0
IND_06331,AMR,0.8840517756277174,Q4_HighestVuln,1
IND_06332,EAS,0.12058832777391118,Q1_LowestVuln,0
IND_06333,EAS,0.5456912197659916,Q3_MedVuln,0
IND_06334,AMR,0.7950240484840746,Q4_HighestVuln,1
IND_06335,AMR,0.9684891724246754,Q4_HighestVuln,1
IND_06336,AFR,0.5259875651386434,Q3_MedVuln,0
IND_06337,SAS,0.6817549070551079,Q3_MedVuln,0
IND_06338,EUR,0.837277242948707,Q4_HighestVuln,1
IND_06339,EUR,0.15812803008795304,Q1_LowestVuln,0
IND_06340,SAS,0.5281802410951177,Q3_MedVuln,0
IND_06341,AFR,0.47881952527022054,Q2_LowVuln,0
IND_06342,AFR,0.6873863564304126,Q3_MedVuln,0
IND_06343,AMR,0.5877093811750208,Q3_MedVuln,0
IND_06344,AFR,0.42772305952172496,Q2_LowVuln,0
IND_06345,EAS,0.5595808659345824,Q3_MedVuln,0
IND_06346,SAS,0.3400336619901328,Q2_LowVuln,0
IND_06347,EAS,0.5811642802938823,Q3_MedVuln,0
IND_06348,EAS,0.6553793676955322,Q3_MedVuln,0
IND_06349,EAS,0.06809004064892178,Q1_LowestVuln,0
IND_06350,EAS,0.2769946674308326,Q2_LowVuln,0
IND_06351,AFR,0.5413156946882263,Q3_MedVuln,0
IND_06352,EUR,0.32034885601365576,Q2_LowVuln,0
IND_06353,SAS,0.8217441177512175,Q4_HighestVuln,1
IND_06354,AFR,0.38143797585089595,Q2_LowVuln,0
IND_06355,EUR,0.416122462593885,Q2_LowVuln,0
IND_06356,AFR,0.8776696073764917,Q4_HighestVuln,1
IND_06357,EAS,0.0845606006763999,Q1_LowestVuln,0
IND_06358,AMR,0.5696414971793882,Q3_MedVuln,0
IND_06359,AFR,0.5659380623308858,Q3_MedVuln,0
IND_06360,AFR,0.4227791603641806,Q2_LowVuln,0
IND_06361,AFR,0.7389831604657204,Q3_MedVuln,0
IND_06362,EAS,0.6104542120065507,Q3_MedVuln,0
IND_06363,EUR,0.593592746901541,Q3_MedVuln,0
IND_06364,SAS,0.23109127119036882,Q1_LowestVuln,0
IND_06365,SAS,0.2380937878811277,Q1_LowestVuln,0
IND_06366,SAS,0.5983363080590446,Q3_MedVuln,0
IND_06367,AFR,0.6337381831843207,Q3_MedVuln,0
IND_06368,EUR,0.03227834120155047,Q1_LowestVuln,0
IND_06369,EUR,0.13428717185598057,Q1_LowestVuln,0
IND_06370,EUR,0.8426881130731395,Q4_HighestVuln,1
IND_06371,AFR,0.6249373150532304,Q3_MedVuln,0
IND_06372,SAS,0.5154468315011982,Q3_MedVuln,0
IND_06373,SAS,0.2809652863565011,Q2_LowVuln,0
IND_06374,AFR,0.697400523040101,Q3_MedVuln,0
IND_06375,EAS,0.5917689045214688,Q3_MedVuln,0
IND_06376,EAS,0.22605910305712681,Q1_LowestVuln,0
IND_06377,EAS,0.4082228878227131,Q2_LowVuln,0
IND_06378,AFR,0.7845884615692039,Q4_HighestVuln,1
IND_06379,AFR,0.47773977560850917,Q2_LowVuln,0
IND_06380,SAS,0.571779478131551,Q3_MedVuln,0
IND_06381,EAS,0.46880435904555656,Q2_LowVuln,0
IND_06382,AMR,0.5866725419431859,Q3_MedVuln,0
IND_06383,SAS,0.4046871644865569,Q2_LowVuln,0
IND_06384,AFR,0.9386459545719399,Q4_HighestVuln,1
IND_06385,EAS,0.2693510777881439,Q2_LowVuln,0
IND_06386,AMR,0.8239472603060822,Q4_HighestVuln,1
IND_06387,AMR,0.28582945077575506,Q2_LowVuln,0
IND_06388,AFR,0.45749673331133334,Q2_LowVuln,0
IND_06389,AMR,0.6236148161016406,Q3_MedVuln,0
IND_06390,EAS,0.5243877343616945,Q3_MedVuln,0
IND_06391,EAS,0.23600879522012705,Q1_LowestVuln,0
IND_06392,AFR,0.568099461717245,Q3_MedVuln,0
IND_06393,EAS,0.34569706183791304,Q2_LowVuln,0
IND_06394,SAS,0.3105684354850156,Q2_LowVuln,0
IND_06395,AMR,0.5052271602437646,Q3_MedVuln,0
IND_06396,SAS,0.5731350863850084,Q3_MedVuln,0
IND_06397,EAS,0.4520821316344952,Q2_LowVuln,0
IND_06398,AFR,0.32547493628126006,Q2_LowVuln,0
IND_06399,AFR,0.54691537692453,Q3_MedVuln,0
IND_06400,SAS,0.6372723699268651,Q3_MedVuln,0
IND_06401,SAS,0.5498383630373375,Q3_MedVuln,0
IND_06402,AFR,0.6366165944733104,Q3_MedVuln,0
IND_06403,AFR,0.8312348515532327,Q4_HighestVuln,1
IND_06404,EUR,0.32470679170678296,Q2_LowVuln,0
IND_06405,AFR,0.3288953882295775,Q2_LowVuln,0
IND_06406,EUR,0.7582896419756653,Q4_HighestVuln,1
IND_06407,EUR,0.360451270320113,Q2_LowVuln,0
IND_06408,AFR,0.3333095755050969,Q2_LowVuln,0
IND_06409,AMR,0.43014130515523014,Q2_LowVuln,0
IND_06410,EUR,0.6568082227481804,Q3_MedVuln,0
IND_06411,SAS,0.3713969566528048,Q2_LowVuln,0
IND_06412,AMR,0.6586195462740292,Q3_MedVuln,0
IND_06413,AFR,0.40475323959638515,Q2_LowVuln,0
IND_06414,AFR,0.6383526156200044,Q3_MedVuln,0
IND_06415,AMR,0.866588328321491,Q4_HighestVuln,1
IND_06416,EUR,0.09427434743614416,Q1_LowestVuln,0
IND_06417,EAS,0.36569243326623796,Q2_LowVuln,0
IND_06418,AMR,0.7066935660938982,Q3_MedVuln,0
IND_06419,SAS,0.2088388261236947,Q1_LowestVuln,0
IND_06420,EAS,0.4982475572491619,Q2_LowVuln,0
IND_06421,AMR,0.5745377207208872,Q3_MedVuln,0
IND_06422,EAS,0.629420663807036,Q3_MedVuln,0
IND_06423,EUR,0.4198468650488076,Q2_LowVuln,0
IND_06424,SAS,0.20451846014130412,Q1_LowestVuln,0
IND_06425,EAS,0.46524542109304007,Q2_LowVuln,0
IND_06426,AFR,0.583526872481593,Q3_MedVuln,0
IND_06427,SAS,0.8744819945177397,Q4_HighestVuln,1
IND_06428,EAS,0.6122370935729867,Q3_MedVuln,0
IND_06429,SAS,0.6494278513324495,Q3_MedVuln,0
IND_06430,AFR,0.5535551604596838,Q3_MedVuln,0
IND_06431,AMR,0.5613653065221113,Q3_MedVuln,0
IND_06432,EUR,0.5271327367712708,Q3_MedVuln,0
IND_06433,SAS,0.6594610249330809,Q3_MedVuln,0
IND_06434,AMR,0.39220870887544435,Q2_LowVuln,0
IND_06435,EAS,0.29501299441031303,Q2_LowVuln,0
IND_06436,EUR,0.6313225214624721,Q3_MedVuln,0
IND_06437,EAS,0.8103715057819089,Q4_HighestVuln,1
IND_06438,EAS,0.1776304488167139,Q1_LowestVuln,0
IND_06439,AFR,0.16813769946044974,Q1_LowestVuln,0
IND_06440,AMR,0.2873480432375112,Q2_LowVuln,0
IND_06441,EAS,0.2908238169118378,Q2_LowVuln,0
IND_06442,EAS,0.4605334775742018,Q2_LowVuln,0
IND_06443,SAS,0.5163779227827695,Q3_MedVuln,0
IND_06444,EAS,0.6019732965985926,Q3_MedVuln,0
IND_06445,AMR,0.8585701856541229,Q4_HighestVuln,1
IND_06446,AFR,0.43668241296046706,Q2_LowVuln,0
IND_06447,AFR,0.6200092965531185,Q3_MedVuln,0
IND_06448,EUR,0.6369213523776209,Q3_MedVuln,0
IND_06449,AMR,0.5376936831435623,Q3_MedVuln,0
IND_06450,SAS,0.43602983690677843,Q2_LowVuln,0
IND_06451,AMR,0.7567136348944108,Q4_HighestVuln,1
IND_06452,EAS,0.34313722374963945,Q2_LowVuln,0
IND_06453,EAS,0.39612157850908714,Q2_LowVuln,0
IND_06454,EUR,0.5208958729093717,Q3_MedVuln,0
IND_06455,AMR,0.8465322065698719,Q4_HighestVuln,1
IND_06456,AFR,0.24605752727534386,Q1_LowestVuln,0
IND_06457,AFR,0.8245704312807667,Q4_HighestVuln,1
IND_06458,SAS,0.33922138481987313,Q2_LowVuln,0
IND_06459,AMR,0.5852788606281571,Q3_MedVuln,0
IND_06460,EUR,0.3487242873708306,Q2_LowVuln,0
IND_06461,EAS,0.19506778162988014,Q1_LowestVuln,0
IND_06462,AFR,0.834676119527029,Q4_HighestVuln,1
IND_06463,EAS,0.16195688081487564,Q1_LowestVuln,0
IND_06464,AFR,0.7599162961401963,Q4_HighestVuln,1
IND_06465,AFR,0.6494889058900627,Q3_MedVuln,0
IND_06466,AFR,0.7149004938819891,Q3_MedVuln,0
IND_06467,EAS,0.4452230347061579,Q2_LowVuln,0
IND_06468,AFR,0.5456405148315554,Q3_MedVuln,0
IND_06469,AMR,0.15813240794569575,Q1_LowestVuln,0
IND_06470,EUR,0.3344724337582185,Q2_LowVuln,0
IND_06471,AFR,0.27611027147728423,Q2_LowVuln,0
IND_06472,AFR,0.9078531249328159,Q4_HighestVuln,1
IND_06473,EAS,0.6524646041253033,Q3_MedVuln,0
IND_06474,EAS,0.7395141882738684,Q3_MedVuln,0
IND_06475,AMR,0.9506670879597752,Q4_HighestVuln,1
IND_06476,AFR,0.6494189711570905,Q3_MedVuln,0
IND_06477,AMR,0.15879020500453234,Q1_LowestVuln,0
IND_06478,AFR,0.8002734435114846,Q4_HighestVuln,1
IND_06479,AFR,0.2732255388794361,Q2_LowVuln,0
IND_06480,EAS,0.6569911159960057,Q3_MedVuln,0
IND_06481,AFR,0.8039129643782447,Q4_HighestVuln,1
IND_06482,AFR,0.5564746755192368,Q3_MedVuln,0
IND_06483,EUR,0.4499915826711199,Q2_LowVuln,0
IND_06484,EUR,0.16208213422162415,Q1_LowestVuln,0
IND_06485,AMR,0.6924341503011144,Q3_MedVuln,0
IND_06486,EUR,0.08204185978437771,Q1_LowestVuln,0
IND_06487,SAS,0.39782988166778677,Q2_LowVuln,0
IND_06488,AFR,0.658645163678766,Q3_MedVuln,0
IND_06489,SAS,0.1495579604768593,Q1_LowestVuln,0
IND_06490,EAS,0.4345650282725492,Q2_LowVuln,0
IND_06491,EAS,0.5879544368456258,Q3_MedVuln,0
IND_06492,AFR,0.5809767754364494,Q3_MedVuln,0
IND_06493,SAS,0.4944600183024318,Q2_LowVuln,0
IND_06494,EAS,0.16582919055319725,Q1_LowestVuln,0
IND_06495,EAS,0.2070928344714841,Q1_LowestVuln,0
IND_06496,AFR,0.587774272552461,Q3_MedVuln,0
IND_06497,EAS,0.7486991443952977,Q3_MedVuln,0
IND_06498,AMR,0.3971906586667287,Q2_LowVuln,0
IND_06499,AFR,0.2140982005257505,Q1_LowestVuln,0
IND_06500,AMR,0.7396279192776715,Q3_MedVuln,0
IND_06501,AMR,0.449127106184807,Q2_LowVuln,0
IND_06502,AFR,0.9093265696935559,Q4_HighestVuln,1
IND_06503,AFR,0.5940176658821504,Q3_MedVuln,0
IND_06504,AFR,0.7424866709972919,Q3_MedVuln,0
IND_06505,EAS,0.5604432363043812,Q3_MedVuln,0
IND_06506,AFR,0.6507661615668018,Q3_MedVuln,0
IND_06507,EAS,0.16106668671183416,Q1_LowestVuln,0
IND_06508,AFR,0.4596479915273609,Q2_LowVuln,0
IND_06509,AFR,0.9710579919036713,Q4_HighestVuln,1
IND_06510,AFR,0.31296261635413886,Q2_LowVuln,0
IND_06511,AMR,0.822042404423957,Q4_HighestVuln,1
IND_06512,EUR,0.4985274172171809,Q2_LowVuln,0
IND_06513,AFR,0.3779407873496516,Q2_LowVuln,0
IND_06514,AMR,0.9083433953726142,Q4_HighestVuln,1
IND_06515,EAS,0.3290200164857087,Q2_LowVuln,0
IND_06516,SAS,0.5694313772542638,Q3_MedVuln,0
IND_06517,AMR,0.274868979039696,Q2_LowVuln,0
IND_06518,AMR,0.5385897615335776,Q3_MedVuln,0
IND_06519,AMR,0.7130624390289708,Q3_MedVuln,0
IND_06520,EUR,0.5541162594416834,Q3_MedVuln,0
IND_06521,EAS,0.35405400185267916,Q2_LowVuln,0
IND_06522,AMR,0.7808383629285917,Q4_HighestVuln,1
IND_06523,AMR,0.5394360380827332,Q3_MedVuln,0
IND_06524,SAS,0.11981420180120801,Q1_LowestVuln,0
IND_06525,AFR,0.8583343268576694,Q4_HighestVuln,1
IND_06526,EUR,0.253392665221461,Q2_LowVuln,0
IND_06527,AFR,0.8514428317680403,Q4_HighestVuln,1
IND_06528,SAS,0.26135788851254643,Q2_LowVuln,0
IND_06529,AFR,0.24964909921124034,Q1_LowestVuln,0
IND_06530,EAS,0.13404574815499193,Q1_LowestVuln,0
IND_06531,EUR,0.35995699096822104,Q2_LowVuln,0
IND_06532,AFR,0.655190031026719,Q3_MedVuln,0
IND_06533,AFR,0.4522094354264889,Q2_LowVuln,0
IND_06534,AFR,0.8507062843407605,Q4_HighestVuln,1
IND_06535,AFR,0.8628654151369617,Q4_HighestVuln,1
IND_06536,EUR,0.7183803965592027,Q3_MedVuln,0
IND_06537,EUR,0.1674580709268257,Q1_LowestVuln,0
IND_06538,AFR,0.4662120901491513,Q2_LowVuln,0
IND_06539,AFR,0.46676595820085925,Q2_LowVuln,0
IND_06540,EUR,0.4365248171746154,Q2_LowVuln,0
IND_06541,EAS,0.32125493141267997,Q2_LowVuln,0
IND_06542,AMR,0.6648195156155324,Q3_MedVuln,0
IND_06543,AFR,0.9186094447150969,Q4_HighestVuln,1
IND_06544,AFR,0.4591416731357264,Q2_LowVuln,0
IND_06545,SAS,0.5393194806702177,Q3_MedVuln,0
IND_06546,SAS,0.26936421818572237,Q2_LowVuln,0
IND_06547,AFR,0.4879731279088573,Q2_LowVuln,0
IND_06548,SAS,0.5124404627586251,Q3_MedVuln,0
IND_06549,EAS,0.23441977835798986,Q1_LowestVuln,0
IND_06550,AFR,0.1453334078100171,Q1_LowestVuln,0
IND_06551,EAS,0.643204336704467,Q3_MedVuln,0
IND_06552,EUR,0.19153382882254483,Q1_LowestVuln,0
IND_06553,EUR,0.48898880033700515,Q2_LowVuln,0
IND_06554,EAS,0.20493620474956206,Q1_LowestVuln,0
IND_06555,AFR,0.2383668884801838,Q1_LowestVuln,0
IND_06556,AFR,0.40174406576610444,Q2_LowVuln,0
IND_06557,AMR,0.729187479405489,Q3_MedVuln,0
IND_06558,EAS,0.38152973793112294,Q2_LowVuln,0
IND_06559,EUR,0.42656578472943896,Q2_LowVuln,0
IND_06560,EAS,0.1650689672418376,Q1_LowestVuln,0
IND_06561,AMR,0.5755521300345035,Q3_MedVuln,0
IND_06562,EUR,0.24176136344564703,Q1_LowestVuln,0
IND_06563,AFR,0.8870290990201448,Q4_HighestVuln,1
IND_06564,AMR,0.6782971797045181,Q3_MedVuln,0
IND_06565,AMR,0.6512559835241277,Q3_MedVuln,0
IND_06566,AFR,0.7087486292237868,Q3_MedVuln,0
IND_06567,EUR,0.24851125435963492,Q1_LowestVuln,0
IND_06568,AFR,0.7694892200823578,Q4_HighestVuln,1
IND_06569,AMR,0.5421214326408323,Q3_MedVuln,0
IND_06570,SAS,0.1989143185747925,Q1_LowestVuln,0
IND_06571,SAS,0.7195080396368059,Q3_MedVuln,0
IND_06572,AMR,0.5041499818743648,Q3_MedVuln,0
IND_06573,EAS,0.530506960394234,Q3_MedVuln,0
IND_06574,AFR,0.6319239112803215,Q3_MedVuln,0
IND_06575,AMR,0.9473722159342444,Q4_HighestVuln,1
IND_06576,EUR,0.7154952848229664,Q3_MedVuln,0
IND_06577,EAS,0.17807705072268343,Q1_LowestVuln,0
IND_06578,SAS,0.6306361954541985,Q3_MedVuln,0
IND_06579,EAS,0.2027959377278167,Q1_LowestVuln,0
IND_06580,AMR,0.17572304098873073,Q1_LowestVuln,0
IND_06581,AFR,0.583870393639736,Q3_MedVuln,0
IND_06582,EAS,0.4316990144393054,Q2_LowVuln,0
IND_06583,AMR,0.7793487680349962,Q4_HighestVuln,1
IND_06584,AMR,0.2884219078742254,Q2_LowVuln,0
IND_06585,EUR,0.3201816203551243,Q2_LowVuln,0
IND_06586,AMR,0.6259605438719779,Q3_MedVuln,0
IND_06587,SAS,0.47380219629030623,Q2_LowVuln,0
IND_06588,SAS,0.39327198924205986,Q2_LowVuln,0
IND_06589,AFR,0.6881641836449812,Q3_MedVuln,0
IND_06590,SAS,0.210133564715356,Q1_LowestVuln,0
IND_06591,AFR,0.5369906478981716,Q3_MedVuln,0
IND_06592,AFR,0.7565619673358129,Q4_HighestVuln,1
IND_06593,SAS,0.5876013815273355,Q3_MedVuln,0
IND_06594,SAS,0.4081166744278926,Q2_LowVuln,0
IND_06595,AFR,0.43395967271241365,Q2_LowVuln,0
IND_06596,AMR,0.6131437099031469,Q3_MedVuln,0
IND_06597,EAS,0.3280856514951726,Q2_LowVuln,0
IND_06598,SAS,0.4226016763569841,Q2_LowVuln,0
IND_06599,AFR,0.8624023583547722,Q4_HighestVuln,1
IND_06600,EAS,0.19450879878037736,Q1_LowestVuln,0
IND_06601,EUR,0.26253936959645663,Q2_LowVuln,0
IND_06602,EAS,0.33432308717563125,Q2_LowVuln,0
IND_06603,AFR,0.7956350460728021,Q4_HighestVuln,1
IND_06604,EAS,0.41154349077415087,Q2_LowVuln,0
IND_06605,AMR,0.3681865735964481,Q2_LowVuln,0
IND_06606,AMR,0.6368363803278184,Q3_MedVuln,0
IND_06607,AFR,0.6997326578827683,Q3_MedVuln,0
IND_06608,AMR,0.11868640600830802,Q1_LowestVuln,0
IND_06609,SAS,0.8642732414572852,Q4_HighestVuln,1
IND_06610,AFR,0.4469868362939205,Q2_LowVuln,0
IND_06611,SAS,0.7345151826080858,Q3_MedVuln,0
IND_06612,EAS,0.29070696127031137,Q2_LowVuln,0
IND_06613,EAS,0.3618491945185388,Q2_LowVuln,0
IND_06614,EUR,0.49538284153146184,Q2_LowVuln,0
IND_06615,AFR,0.8397039300385929,Q4_HighestVuln,1
IND_06616,AFR,0.6385311999872226,Q3_MedVuln,0
IND_06617,AFR,0.8139378551694452,Q4_HighestVuln,1
IND_06618,AMR,0.8763119398539737,Q4_HighestVuln,1
IND_06619,EUR,0.5018218383714386,Q3_MedVuln,0
IND_06620,AFR,0.8478612941160052,Q4_HighestVuln,1
IND_06621,EAS,0.1830364088371385,Q1_LowestVuln,0
IND_06622,EUR,0.18206152373944054,Q1_LowestVuln,0
IND_06623,AFR,0.424215348667023,Q2_LowVuln,0
IND_06624,SAS,0.4551105007718281,Q2_LowVuln,0
IND_06625,AMR,0.8001532753194779,Q4_HighestVuln,1
IND_06626,AFR,0.4134910824514428,Q2_LowVuln,0
IND_06627,EUR,0.47068041090343266,Q2_LowVuln,0
IND_06628,EUR,0.24902948186912996,Q1_LowestVuln,0
IND_06629,EAS,0.17626686978647554,Q1_LowestVuln,0
IND_06630,AMR,0.7123735277785065,Q3_MedVuln,0
IND_06631,SAS,0.4349415667576576,Q2_LowVuln,0
IND_06632,AMR,0.40086177578960114,Q2_LowVuln,0
IND_06633,SAS,0.6474471431306418,Q3_MedVuln,0
IND_06634,EUR,0.20020499646566803,Q1_LowestVuln,0
IND_06635,AFR,0.423512141499899,Q2_LowVuln,0
IND_06636,AFR,0.3842270837969443,Q2_LowVuln,0
IND_06637,AFR,0.6071838901174269,Q3_MedVuln,0
IND_06638,EUR,0.17475232073329033,Q1_LowestVuln,0
IND_06639,EUR,0.394184509891507,Q2_LowVuln,0
IND_06640,EAS,0.1585961184780158,Q1_LowestVuln,0
IND_06641,EAS,0.5405089421951002,Q3_MedVuln,0
IND_06642,AFR,0.6183421570645768,Q3_MedVuln,0
IND_06643,AMR,0.3231393827875474,Q2_LowVuln,0
IND_06644,AFR,0.5445611590076321,Q3_MedVuln,0
IND_06645,SAS,0.35085477059294784,Q2_LowVuln,0
IND_06646,SAS,0.6037708223184695,Q3_MedVuln,0
IND_06647,SAS,0.4732790027715292,Q2_LowVuln,0
IND_06648,EUR,0.553006921551843,Q3_MedVuln,0
IND_06649,AFR,0.3895826985286356,Q2_LowVuln,0
IND_06650,EAS,0.5218005241663153,Q3_MedVuln,0
IND_06651,SAS,0.5820091877977102,Q3_MedVuln,0
IND_06652,EUR,0.6912998150156503,Q3_MedVuln,0
IND_06653,SAS,0.6506117574333627,Q3_MedVuln,0
IND_06654,SAS,0.7049340643578275,Q3_MedVuln,0
IND_06655,SAS,0.7358759635755036,Q3_MedVuln,0
IND_06656,AFR,0.886157059969821,Q4_HighestVuln,1
IND_06657,EAS,0.43901458616289885,Q2_LowVuln,0
IND_06658,EAS,0.6114081252552118,Q3_MedVuln,0
IND_06659,AMR,0.779491610215883,Q4_HighestVuln,1
IND_06660,AFR,0.5562017479839274,Q3_MedVuln,0
IND_06661,SAS,0.3986110133096657,Q2_LowVuln,0
IND_06662,AMR,0.5890541454922702,Q3_MedVuln,0
IND_06663,SAS,0.09065603364771331,Q1_LowestVuln,0
IND_06664,AFR,0.47169784691603284,Q2_LowVuln,0
IND_06665,EAS,0.7233313072936975,Q3_MedVuln,0
IND_06666,EAS,0.03999327679055966,Q1_LowestVuln,0
IND_06667,EAS,0.3823417750273466,Q2_LowVuln,0
IND_06668,EAS,0.6540507559410134,Q3_MedVuln,0
IND_06669,AFR,0.5548942047231937,Q3_MedVuln,0
IND_06670,SAS,0.28814217403553816,Q2_LowVuln,0
IND_06671,AMR,0.1466930716769573,Q1_LowestVuln,0
IND_06672,AFR,0.5294004471019623,Q3_MedVuln,0
IND_06673,EUR,0.6019022873710105,Q3_MedVuln,0
IND_06674,EUR,0.4804474328806492,Q2_LowVuln,0
IND_06675,SAS,0.2150277809730271,Q1_LowestVuln,0
IND_06676,AFR,0.6265519281771418,Q3_MedVuln,0
IND_06677,EAS,0.4567503146935331,Q2_LowVuln,0
IND_06678,EAS,0.08769521022162317,Q1_LowestVuln,0
IND_06679,AFR,0.3015007088447698,Q2_LowVuln,0
IND_06680,EAS,0.15732818005748497,Q1_LowestVuln,0
IND_06681,EAS,0.673867311033694,Q3_MedVuln,0
IND_06682,EUR,0.23710559197238304,Q1_LowestVuln,0
IND_06683,EAS,0.45197749703778795,Q2_LowVuln,0
IND_06684,AFR,0.7782688042103468,Q4_HighestVuln,1
IND_06685,EAS,0.15725539162398797,Q1_LowestVuln,0
IND_06686,AFR,0.4457393382213501,Q2_LowVuln,0
IND_06687,SAS,0.6022492174544339,Q3_MedVuln,0
IND_06688,EUR,0.1438026544668036,Q1_LowestVuln,0
IND_06689,EAS,0.3845578607508306,Q2_LowVuln,0
IND_06690,SAS,0.4987080553144839,Q2_LowVuln,0
IND_06691,EUR,0.38059273038745867,Q2_LowVuln,0
IND_06692,EUR,0.6210871927428122,Q3_MedVuln,0
IND_06693,SAS,0.609846548190862,Q3_MedVuln,0
IND_06694,AMR,0.95176362868184,Q4_HighestVuln,1
IND_06695,AMR,0.43371920347650084,Q2_LowVuln,0
IND_06696,EAS,0.2493664588970665,Q1_LowestVuln,0
IND_06697,AMR,0.49581806236037806,Q2_LowVuln,0
IND_06698,EAS,0.5586665807604961,Q3_MedVuln,0
IND_06699,EAS,0.09179235250758784,Q1_LowestVuln,0
IND_06700,EAS,0.12236718549228237,Q1_LowestVuln,0
IND_06701,AMR,0.6534189022875891,Q3_MedVuln,0
IND_06702,AFR,0.6308007294265158,Q3_MedVuln,0
IND_06703,AMR,0.8772611926635011,Q4_HighestVuln,1
IND_06704,AFR,0.30182659954514385,Q2_LowVuln,0
IND_06705,EAS,0.4230329897462712,Q2_LowVuln,0
IND_06706,EUR,0.5492139924872045,Q3_MedVuln,0
IND_06707,AMR,0.5934766870543216,Q3_MedVuln,0
IND_06708,AFR,0.7301446466537345,Q3_MedVuln,0
IND_06709,AFR,0.5110805288961655,Q3_MedVuln,0
IND_06710,AMR,0.5671199345459649,Q3_MedVuln,0
IND_06711,AFR,0.5926473412473968,Q3_MedVuln,0
IND_06712,EUR,0.5540683432652894,Q3_MedVuln,0
IND_06713,SAS,0.5696291504434933,Q3_MedVuln,0
IND_06714,SAS,0.6931889876407252,Q3_MedVuln,0
IND_06715,EAS,0.46395903289292717,Q2_LowVuln,0
IND_06716,SAS,0.8722479848337538,Q4_HighestVuln,1
IND_06717,AFR,0.37156146691478764,Q2_LowVuln,0
IND_06718,EUR,0.1725512174263732,Q1_LowestVuln,0
IND_06719,AMR,0.3973173392857473,Q2_LowVuln,0
IND_06720,EAS,0.5425488891072249,Q3_MedVuln,0
IND_06721,AMR,0.6842251027947194,Q3_MedVuln,0
IND_06722,EAS,0.23543280475929734,Q1_LowestVuln,0
IND_06723,AMR,0.7986277176375771,Q4_HighestVuln,1
IND_06724,EUR,0.4362335294492126,Q2_LowVuln,0
IND_06725,AFR,0.3096259132342032,Q2_LowVuln,0
IND_06726,AFR,0.7192996587066014,Q3_MedVuln,0
IND_06727,EUR,0.23229388984396537,Q1_LowestVuln,0
IND_06728,EUR,0.4028173027637381,Q2_LowVuln,0
IND_06729,EUR,0.4195781913705035,Q2_LowVuln,0
IND_06730,EAS,0.40401765627963077,Q2_LowVuln,0
IND_06731,AFR,0.9571748380068794,Q4_HighestVuln,1
IND_06732,SAS,0.8078393947993879,Q4_HighestVuln,1
IND_06733,EUR,0.3720222516549892,Q2_LowVuln,0
IND_06734,SAS,0.3679148486999952,Q2_LowVuln,0
IND_06735,SAS,0.401395420527813,Q2_LowVuln,0
IND_06736,SAS,0.46679410709571173,Q2_LowVuln,0
IND_06737,EAS,0.4832465981234748,Q2_LowVuln,0
IND_06738,SAS,0.6041690301577929,Q3_MedVuln,0
IND_06739,AFR,0.7491931920146628,Q3_MedVuln,0
IND_06740,AFR,0.4946964595059814,Q2_LowVuln,0
IND_06741,EUR,0.38670445526746394,Q2_LowVuln,0
IND_06742,EAS,0.20967409664678308,Q1_LowestVuln,0
IND_06743,SAS,0.4025079707008115,Q2_LowVuln,0
IND_06744,EAS,0.27461161448126925,Q2_LowVuln,0
IND_06745,AMR,0.08373662638336096,Q1_LowestVuln,0
IND_06746,EAS,0.06135111282934752,Q1_LowestVuln,0
IND_06747,EUR,0.6121954798703261,Q3_MedVuln,0
IND_06748,EUR,0.35726820614469,Q2_LowVuln,0
IND_06749,AFR,0.8039637170486685,Q4_HighestVuln,1
IND_06750,AMR,0.49239286919182546,Q2_LowVuln,0
IND_06751,EAS,0.31096169011453867,Q2_LowVuln,0
IND_06752,AFR,0.7358889639890684,Q3_MedVuln,0
IND_06753,AFR,0.5515234315687036,Q3_MedVuln,0
IND_06754,SAS,0.06034999341930009,Q1_LowestVuln,0
IND_06755,EAS,0.517196494691956,Q3_MedVuln,0
IND_06756,AMR,0.4239451153473521,Q2_LowVuln,0
IND_06757,AMR,0.45789335790181335,Q2_LowVuln,0
IND_06758,EAS,0.27720616930371983,Q2_LowVuln,0
IND_06759,EAS,0.26298079160511206,Q2_LowVuln,0
IND_06760,AFR,0.38311562301030394,Q2_LowVuln,0
IND_06761,AFR,0.9215872955675346,Q4_HighestVuln,1
IND_06762,EAS,0.3197702137348274,Q2_LowVuln,0
IND_06763,AMR,0.9295010570219101,Q4_HighestVuln,1
IND_06764,EAS,0.6771873315209374,Q3_MedVuln,0
IND_06765,SAS,0.4383922787872483,Q2_LowVuln,0
IND_06766,EUR,0.06628346565285671,Q1_LowestVuln,0
IND_06767,AMR,0.3882785635059475,Q2_LowVuln,0
IND_06768,AFR,0.5780516214553648,Q3_MedVuln,0
IND_06769,EAS,0.1687999180081908,Q1_LowestVuln,0
IND_06770,EUR,0.5381213243950231,Q3_MedVuln,0
IND_06771,EUR,0.13113297394276272,Q1_LowestVuln,0
IND_06772,SAS,0.2410198572423079,Q1_LowestVuln,0
IND_06773,EAS,0.6488036171449248,Q3_MedVuln,0
IND_06774,EAS,0.7951517868470472,Q4_HighestVuln,1
IND_06775,SAS,0.5364443976893765,Q3_MedVuln,0
IND_06776,EAS,0.46248146206744345,Q2_LowVuln,0
IND_06777,EAS,0.28943815829699593,Q2_LowVuln,0
IND_06778,EUR,0.6115734199974356,Q3_MedVuln,0
IND_06779,AFR,0.45294891961522166,Q2_LowVuln,0
IND_06780,EUR,0.19300604023130383,Q1_LowestVuln,0
IND_06781,AFR,0.9560177640220792,Q4_HighestVuln,1
IND_06782,AFR,0.821142465870237,Q4_HighestVuln,1
IND_06783,EAS,0.3289779420854345,Q2_LowVuln,0
IND_06784,EAS,0.2712955571513322,Q2_LowVuln,0
IND_06785,AFR,0.6614001652373509,Q3_MedVuln,0
IND_06786,EAS,0.251932506256099,Q2_LowVuln,0
IND_06787,SAS,0.28052713184133754,Q2_LowVuln,0
IND_06788,EUR,0.1250676736961672,Q1_LowestVuln,0
IND_06789,EUR,0.31993355651351774,Q2_LowVuln,0
IND_06790,EAS,0.16991272008434763,Q1_LowestVuln,0
IND_06791,AFR,0.6056777500499501,Q3_MedVuln,0
IND_06792,AMR,0.6829591406940118,Q3_MedVuln,0
IND_06793,AMR,0.8735069472115186,Q4_HighestVuln,1
IND_06794,SAS,0.6514247199455727,Q3_MedVuln,0
IND_06795,SAS,0.7029413129934016,Q3_MedVuln,0
IND_06796,AFR,0.4580530034492981,Q2_LowVuln,0
IND_06797,SAS,0.3592211867164433,Q2_LowVuln,0
IND_06798,AFR,0.20920022953352982,Q1_LowestVuln,0
IND_06799,AFR,0.4280183999292869,Q2_LowVuln,0
IND_06800,AMR,0.9414121825892295,Q4_HighestVuln,1
IND_06801,SAS,0.6781531940949844,Q3_MedVuln,0
IND_06802,SAS,0.519218037319901,Q3_MedVuln,0
IND_06803,EUR,0.3425918765389867,Q2_LowVuln,0
IND_06804,SAS,0.6509708573773361,Q3_MedVuln,0
IND_06805,AFR,0.3649653532038618,Q2_LowVuln,0
IND_06806,EUR,0.504828528960427,Q3_MedVuln,0
IND_06807,AFR,0.48761724540950024,Q2_LowVuln,0
IND_06808,AFR,0.64851439241425,Q3_MedVuln,0
IND_06809,EUR,0.20095915450751953,Q1_LowestVuln,0
IND_06810,SAS,0.4103995651899359,Q2_LowVuln,0
IND_06811,EUR,0.4121807711159085,Q2_LowVuln,0
IND_06812,AMR,0.6761316860681228,Q3_MedVuln,0
IND_06813,AMR,0.6546664154505912,Q3_MedVuln,0
IND_06814,SAS,0.6592073468854939,Q3_MedVuln,0
IND_06815,AMR,0.7540057462504244,Q4_HighestVuln,1
IND_06816,SAS,0.3381540001902943,Q2_LowVuln,0
IND_06817,SAS,0.7869230885311846,Q4_HighestVuln,1
IND_06818,EUR,0.3730666087591839,Q2_LowVuln,0
IND_06819,AMR,0.6865409378308898,Q3_MedVuln,0
IND_06820,AFR,0.5866930431713869,Q3_MedVuln,0
IND_06821,AFR,0.29202441701744214,Q2_LowVuln,0
IND_06822,SAS,0.32944251077528536,Q2_LowVuln,0
IND_06823,EUR,0.4772994776384502,Q2_LowVuln,0
IND_06824,AMR,0.8477905407705656,Q4_HighestVuln,1
IND_06825,EAS,0.6034441870740866,Q3_MedVuln,0
IND_06826,AFR,0.7664267050353172,Q4_HighestVuln,1
IND_06827,EAS,0.7562120014195709,Q4_HighestVuln,1
IND_06828,AFR,0.7081717290898529,Q3_MedVuln,0
IND_06829,EUR,0.18175314932623368,Q1_LowestVuln,0
IND_06830,AFR,0.9043386566754824,Q4_HighestVuln,1
IND_06831,AFR,0.7037640415626863,Q3_MedVuln,0
IND_06832,EAS,0.49627657862249214,Q2_LowVuln,0
IND_06833,AFR,0.7731718475781388,Q4_HighestVuln,1
IND_06834,EUR,0.47267981344653964,Q2_LowVuln,0
IND_06835,SAS,0.3063774335373824,Q2_LowVuln,0
IND_06836,SAS,0.35650490505682964,Q2_LowVuln,0
IND_06837,EUR,0.4943565592851976,Q2_LowVuln,0
IND_06838,EAS,0.21567014310479998,Q1_LowestVuln,0
IND_06839,EUR,0.6184056494987075,Q3_MedVuln,0
IND_06840,AFR,0.681848531406211,Q3_MedVuln,0
IND_06841,SAS,0.4280088744810261,Q2_LowVuln,0
IND_06842,EUR,0.13100342564055056,Q1_LowestVuln,0
IND_06843,SAS,0.7868204539594618,Q4_HighestVuln,1
IND_06844,AFR,0.7128458697526996,Q3_MedVuln,0
IND_06845,AFR,0.9355168460802158,Q4_HighestVuln,1
IND_06846,EUR,0.291209038930538,Q2_LowVuln,0
IND_06847,SAS,0.4414522669015042,Q2_LowVuln,0
IND_06848,AMR,0.46332760930046724,Q2_LowVuln,0
IND_06849,AMR,0.7655071517858891,Q4_HighestVuln,1
IND_06850,SAS,0.7415645721178229,Q3_MedVuln,0
IND_06851,EAS,0.5631928916738266,Q3_MedVuln,0
IND_06852,SAS,0.4093031516103894,Q2_LowVuln,0
IND_06853,SAS,0.7294142182201363,Q3_MedVuln,0
IND_06854,AMR,0.6154857917982386,Q3_MedVuln,0
IND_06855,SAS,0.7475001857821282,Q3_MedVuln,0
IND_06856,EAS,0.23246063700675063,Q1_LowestVuln,0
IND_06857,EUR,0.09055819342183918,Q1_LowestVuln,0
IND_06858,EAS,0.4270259328417825,Q2_LowVuln,0
IND_06859,AFR,0.4662855211187452,Q2_LowVuln,0
IND_06860,EAS,0.7917814663034638,Q4_HighestVuln,1
IND_06861,EUR,0.18749064437458102,Q1_LowestVuln,0
IND_06862,AMR,0.39694382877303547,Q2_LowVuln,0
IND_06863,AFR,0.3682480988633118,Q2_LowVuln,0
IND_06864,SAS,0.5503913728385696,Q3_MedVuln,0
IND_06865,AFR,0.5730163038055781,Q3_MedVuln,0
IND_06866,EUR,0.4822224477386516,Q2_LowVuln,0
IND_06867,EUR,0.6958072315513094,Q3_MedVuln,0
IND_06868,AFR,0.20229604888270572,Q1_LowestVuln,0
IND_06869,AFR,0.8280459684794335,Q4_HighestVuln,1
IND_06870,EUR,0.6520337485181733,Q3_MedVuln,0
IND_06871,AMR,0.7057016268349942,Q3_MedVuln,0
IND_06872,EUR,0.3698530071806284,Q2_LowVuln,0
IND_06873,EUR,0.18411346292615816,Q1_LowestVuln,0
IND_06874,AFR,0.6212583720083934,Q3_MedVuln,0
IND_06875,AFR,0.6979970556830666,Q3_MedVuln,0
IND_06876,AFR,0.8162702077320063,Q4_HighestVuln,1
IND_06877,EUR,0.05273597510031754,Q1_LowestVuln,0
IND_06878,AFR,0.5977625960776782,Q3_MedVuln,0
IND_06879,AFR,0.8706648250423078,Q4_HighestVuln,1
IND_06880,EAS,0.6280774377992038,Q3_MedVuln,0
IND_06881,SAS,0.8074110243265649,Q4_HighestVuln,1
IND_06882,EUR,0.18670320816094846,Q1_LowestVuln,0
IND_06883,EUR,0.1907041010080939,Q1_LowestVuln,0
IND_06884,EUR,0.3821531828443866,Q2_LowVuln,0
IND_06885,SAS,0.25154163231873794,Q2_LowVuln,0
IND_06886,SAS,0.6058497335983982,Q3_MedVuln,0
IND_06887,EUR,0.14325941924362048,Q1_LowestVuln,0
IND_06888,SAS,0.718267060980598,Q3_MedVuln,0
IND_06889,AFR,0.6609368126652635,Q3_MedVuln,0
IND_06890,EAS,0.7109906525035975,Q3_MedVuln,0
IND_06891,AFR,0.11473310470665563,Q1_LowestVuln,0
IND_06892,AMR,0.7091602439546102,Q3_MedVuln,0
IND_06893,EUR,0.6427612930063251,Q3_MedVuln,0
IND_06894,EUR,0.4966892638209412,Q2_LowVuln,0
IND_06895,EUR,0.4344755313620093,Q2_LowVuln,0
IND_06896,EAS,0.15786514553896844,Q1_LowestVuln,0
IND_06897,EAS,0.6229641453717805,Q3_MedVuln,0
IND_06898,EAS,0.5266338802596906,Q3_MedVuln,0
IND_06899,AMR,0.7890778914054267,Q4_HighestVuln,1
IND_06900,EAS,0.11753929470770472,Q1_LowestVuln,0
IND_06901,SAS,0.1867008608640213,Q1_LowestVuln,0
IND_06902,AFR,0.3978358525432419,Q2_LowVuln,0
IND_06903,EUR,0.2567402959816976,Q2_LowVuln,0
IND_06904,EAS,0.5317275325545843,Q3_MedVuln,0
IND_06905,SAS,0.8978758448145856,Q4_HighestVuln,1
IND_06906,AMR,0.7909327990212754,Q4_HighestVuln,1
IND_06907,AMR,0.8182258148784963,Q4_HighestVuln,1
IND_06908,EUR,0.16296735393226094,Q1_LowestVuln,0
IND_06909,AFR,0.5559031708929427,Q3_MedVuln,0
IND_06910,SAS,0.6298303500136563,Q3_MedVuln,0
IND_06911,EUR,0.537826203491128,Q3_MedVuln,0
IND_06912,EAS,0.4632741023729369,Q2_LowVuln,0
IND_06913,EAS,0.2864930054293189,Q2_LowVuln,0
IND_06914,EUR,0.1023537730453918,Q1_LowestVuln,0
IND_06915,AFR,0.8920472824554925,Q4_HighestVuln,1
IND_06916,EAS,0.06958173270548076,Q1_LowestVuln,0
IND_06917,EAS,0.7409177157272346,Q3_MedVuln,0
IND_06918,EUR,0.11090776539908616,Q1_LowestVuln,0
IND_06919,EAS,0.43450556094180415,Q2_LowVuln,0
IND_06920,SAS,0.1571397939492725,Q1_LowestVuln,0
IND_06921,AFR,0.7258937556270778,Q3_MedVuln,0
IND_06922,AFR,0.3140125611427513,Q2_LowVuln,0
IND_06923,AFR,0.6303165798647746,Q3_MedVuln,0
IND_06924,AMR,0.8426737672078289,Q4_HighestVuln,1
IND_06925,EUR,0.14287332593856958,Q1_LowestVuln,0
IND_06926,SAS,0.45052158815534005,Q2_LowVuln,0
IND_06927,EAS,0.19674693437794602,Q1_LowestVuln,0
IND_06928,EAS,0.4034966622837344,Q2_LowVuln,0
IND_06929,EUR,0.6289154347530279,Q3_MedVuln,0
IND_06930,AFR,0.8061409575611395,Q4_HighestVuln,1
IND_06931,EUR,0.1273377655850112,Q1_LowestVuln,0
IND_06932,AFR,0.5957207859091348,Q3_MedVuln,0
IND_06933,EAS,0.27997925448928634,Q2_LowVuln,0
IND_06934,EAS,0.5256269914524667,Q3_MedVuln,0
IND_06935,AFR,0.592600275112108,Q3_MedVuln,0
IND_06936,AMR,0.7278759388785854,Q3_MedVuln,0
IND_06937,EUR,0.4930724045159709,Q2_LowVuln,0
IND_06938,AFR,0.6987316508255552,Q3_MedVuln,0
IND_06939,SAS,0.7568337241891723,Q4_HighestVuln,1
IND_06940,SAS,0.5853074701069946,Q3_MedVuln,0
IND_06941,AFR,0.5874599626381605,Q3_MedVuln,0
IND_06942,EUR,0.5471400907614772,Q3_MedVuln,0
IND_06943,SAS,0.3416226811186563,Q2_LowVuln,0
IND_06944,SAS,0.6964720519828377,Q3_MedVuln,0
IND_06945,AMR,0.37467938240996657,Q2_LowVuln,0
IND_06946,EUR,0.012330885726944992,Q1_LowestVuln,0
IND_06947,SAS,0.22823644806959006,Q1_LowestVuln,0
IND_06948,AMR,0.30880831741272924,Q2_LowVuln,0
IND_06949,AMR,0.7672529118007744,Q4_HighestVuln,1
IND_06950,AMR,0.147470877904208,Q1_LowestVuln,0
IND_06951,SAS,0.1993110325415298,Q1_LowestVuln,0
IND_06952,SAS,0.6339018654138135,Q3_MedVuln,0
IND_06953,SAS,0.16273772894069974,Q1_LowestVuln,0
IND_06954,AFR,0.4171319708010467,Q2_LowVuln,0
IND_06955,EAS,0.5576368386177074,Q3_MedVuln,0
IND_06956,SAS,0.6114003359783748,Q3_MedVuln,0
IND_06957,EAS,0.2754034431741163,Q2_LowVuln,0
IND_06958,EUR,0.3253448037234918,Q2_LowVuln,0
IND_06959,EUR,0.1427830489151442,Q1_LowestVuln,0
IND_06960,SAS,0.2003363486811869,Q1_LowestVuln,0
IND_06961,AFR,0.38956590146182507,Q2_LowVuln,0
IND_06962,EAS,0.5118106501654095,Q3_MedVuln,0
IND_06963,AFR,0.7299288148941833,Q3_MedVuln,0
IND_06964,SAS,0.6766728499802386,Q3_MedVuln,0
IND_06965,AFR,0.44483579509123633,Q2_LowVuln,0
IND_06966,AFR,0.81409988143962,Q4_HighestVuln,1
IND_06967,SAS,0.6195225747641386,Q3_MedVuln,0
IND_06968,EAS,0.2166877884226706,Q1_LowestVuln,0
IND_06969,AFR,0.7857281913786271,Q4_HighestVuln,1
IND_06970,EAS,0.18006046401741574,Q1_LowestVuln,0
IND_06971,AMR,0.9596117865401914,Q4_HighestVuln,1
IND_06972,EUR,0.5674776003973894,Q3_MedVuln,0
IND_06973,AFR,0.4904681803364976,Q2_LowVuln,0
IND_06974,AFR,0.7143315256127819,Q3_MedVuln,0
IND_06975,AFR,0.22055300279415305,Q1_LowestVuln,0
IND_06976,EAS,0.5242845245107007,Q3_MedVuln,0
IND_06977,AMR,0.8968165595364994,Q4_HighestVuln,1
IND_06978,EUR,0.4767389374546032,Q2_LowVuln,0
IND_06979,EUR,0.43213613809450957,Q2_LowVuln,0
IND_06980,AFR,0.2831238345179299,Q2_LowVuln,0
IND_06981,EUR,0.19182382982960317,Q1_LowestVuln,0
IND_06982,SAS,0.7357826420184319,Q3_MedVuln,0
IND_06983,EUR,0.45817623622761533,Q2_LowVuln,0
IND_06984,EUR,0.11206250223753468,Q1_LowestVuln,0
IND_06985,AFR,0.8999269166234846,Q4_HighestVuln,1
IND_06986,EUR,0.6432010586731254,Q3_MedVuln,0
IND_06987,SAS,0.4504462386847111,Q2_LowVuln,0
IND_06988,AFR,0.20145922811831812,Q1_LowestVuln,0
IND_06989,AFR,0.6765192919102594,Q3_MedVuln,0
IND_06990,SAS,0.6980908495709689,Q3_MedVuln,0
IND_06991,AFR,0.6914855439443647,Q3_MedVuln,0
IND_06992,AMR,0.4010632146012629,Q2_LowVuln,0
IND_06993,EAS,0.21535280999590256,Q1_LowestVuln,0
IND_06994,AFR,0.6342548815128051,Q3_MedVuln,0
IND_06995,SAS,0.6061941055357244,Q3_MedVuln,0
IND_06996,AFR,0.5401593610960008,Q3_MedVuln,0
IND_06997,AMR,0.5071344201151868,Q3_MedVuln,0
IND_06998,EUR,0.47531647771756486,Q2_LowVuln,0
IND_06999,AMR,0.9054884688368231,Q4_HighestVuln,1
IND_07000,SAS,0.6236908798505573,Q3_MedVuln,0
IND_07001,AFR,0.6320950972373638,Q3_MedVuln,0
IND_07002,AMR,0.8229541841157033,Q4_HighestVuln,1
IND_07003,EUR,0.8209148547229211,Q4_HighestVuln,1
IND_07004,EAS,0.30184654297624375,Q2_LowVuln,0
IND_07005,SAS,0.18339689653649885,Q1_LowestVuln,0
IND_07006,EAS,0.13667134696535643,Q1_LowestVuln,0
IND_07007,AFR,0.6635340805236344,Q3_MedVuln,0
IND_07008,SAS,0.6233279952337557,Q3_MedVuln,0
IND_07009,AMR,0.06998433224946962,Q1_LowestVuln,0
IND_07010,EAS,0.1282817597497525,Q1_LowestVuln,0
IND_07011,EUR,0.4448216809815235,Q2_LowVuln,0
IND_07012,SAS,0.5010004143008298,Q3_MedVuln,0
IND_07013,EUR,0.2922048091770691,Q2_LowVuln,0
IND_07014,EAS,0.20982906044056454,Q1_LowestVuln,0
IND_07015,EAS,0.11449572975158617,Q1_LowestVuln,0
IND_07016,EUR,0.7050437969145988,Q3_MedVuln,0
IND_07017,EAS,0.29784748642208947,Q2_LowVuln,0
IND_07018,EAS,0.41062552170834493,Q2_LowVuln,0
IND_07019,EAS,0.4690855717142568,Q2_LowVuln,0
IND_07020,AMR,0.22345959684104055,Q1_LowestVuln,0
IND_07021,AFR,0.5369651595168532,Q3_MedVuln,0
IND_07022,EUR,0.14883359949186659,Q1_LowestVuln,0
IND_07023,AFR,0.693510461450129,Q3_MedVuln,0
IND_07024,EUR,0.3166819223889311,Q2_LowVuln,0
IND_07025,SAS,0.6121474098624533,Q3_MedVuln,0
IND_07026,SAS,0.6890551166072175,Q3_MedVuln,0
IND_07027,EAS,0.1507296006507542,Q1_LowestVuln,0
IND_07028,AFR,0.7657964991185678,Q4_HighestVuln,1
IND_07029,AFR,0.17344160209716358,Q1_LowestVuln,0
IND_07030,SAS,0.7829900175957945,Q4_HighestVuln,1
IND_07031,AFR,0.5402354159041847,Q3_MedVuln,0
IND_07032,AMR,0.3481575379227275,Q2_LowVuln,0
IND_07033,AFR,0.5465050687073872,Q3_MedVuln,0
IND_07034,EAS,0.5903446547793039,Q3_MedVuln,0
IND_07035,AFR,0.5308511693881105,Q3_MedVuln,0
IND_07036,SAS,0.5700041810182244,Q3_MedVuln,0
IND_07037,AFR,0.8194995149424247,Q4_HighestVuln,1
IND_07038,AFR,0.7642155570818042,Q4_HighestVuln,1
IND_07039,SAS,0.5475093723453371,Q3_MedVuln,0
IND_07040,AFR,0.4930395754901973,Q2_LowVuln,0
IND_07041,SAS,0.5598105506874004,Q3_MedVuln,0
IND_07042,EUR,0.6797698426005789,Q3_MedVuln,0
IND_07043,AFR,0.761246736091418,Q4_HighestVuln,1
IND_07044,AFR,0.787022817514893,Q4_HighestVuln,1
IND_07045,AFR,0.6722774891599395,Q3_MedVuln,0
IND_07046,EUR,0.1341669159032281,Q1_LowestVuln,0
IND_07047,AFR,0.43141287174818904,Q2_LowVuln,0
IND_07048,AFR,0.5177854858819192,Q3_MedVuln,0
IND_07049,SAS,0.8539421824720981,Q4_HighestVuln,1
IND_07050,SAS,0.4687952023232084,Q2_LowVuln,0
IND_07051,AMR,0.4407519782948536,Q2_LowVuln,0
IND_07052,SAS,0.3324435227967034,Q2_LowVuln,0
IND_07053,AMR,0.6510762701919386,Q3_MedVuln,0
IND_07054,AMR,0.7009571289239325,Q3_MedVuln,0
IND_07055,EUR,0.061627787785057765,Q1_LowestVuln,0
IND_07056,EAS,0.6144419077304814,Q3_MedVuln,0
IND_07057,SAS,0.23585053950014767,Q1_LowestVuln,0
IND_07058,AFR,0.29352837695153555,Q2_LowVuln,0
IND_07059,AMR,0.6675376476291676,Q3_MedVuln,0
IND_07060,AFR,0.8008088047863191,Q4_HighestVuln,1
IND_07061,EUR,0.1349305595553703,Q1_LowestVuln,0
IND_07062,AFR,0.7551377276624641,Q4_HighestVuln,1
IND_07063,EUR,0.4338431781436079,Q2_LowVuln,0
IND_07064,AMR,0.47069864730969685,Q2_LowVuln,0
IND_07065,EAS,0.6397263899154313,Q3_MedVuln,0
IND_07066,AFR,0.656883273269781,Q3_MedVuln,0
IND_07067,EUR,0.5320168262825102,Q3_MedVuln,0
IND_07068,AFR,0.8368667053166244,Q4_HighestVuln,1
IND_07069,EUR,0.4700694380174129,Q2_LowVuln,0
IND_07070,EAS,0.4610199751048063,Q2_LowVuln,0
IND_07071,EAS,0.5223969797956433,Q3_MedVuln,0
IND_07072,SAS,0.49743871341782775,Q2_LowVuln,0
IND_07073,EUR,0.4436901486108344,Q2_LowVuln,0
IND_07074,EAS,0.22939456400368854,Q1_LowestVuln,0
IND_07075,EAS,0.12685341600007546,Q1_LowestVuln,0
IND_07076,AMR,0.5335160994726358,Q3_MedVuln,0
IND_07077,EAS,0.3021609333888965,Q2_LowVuln,0
IND_07078,EAS,0.5634790444856961,Q3_MedVuln,0
IND_07079,EUR,0.0614901656360858,Q1_LowestVuln,0
IND_07080,EAS,0.30462351114631075,Q2_LowVuln,0
IND_07081,SAS,0.17284391567057075,Q1_LowestVuln,0
IND_07082,EUR,0.48912504308870436,Q2_LowVuln,0
IND_07083,SAS,0.31774830160600287,Q2_LowVuln,0
IND_07084,EAS,0.4977991606534463,Q2_LowVuln,0
IND_07085,AFR,0.9107361401036159,Q4_HighestVuln,1
IND_07086,EUR,0.09013385605266364,Q1_LowestVuln,0
IND_07087,SAS,0.33941432159461843,Q2_LowVuln,0
IND_07088,EUR,0.19236899497530288,Q1_LowestVuln,0
IND_07089,SAS,0.5401234412550112,Q3_MedVuln,0
IND_07090,AFR,0.5947157413791611,Q3_MedVuln,0
IND_07091,EUR,0.49271466397461033,Q2_LowVuln,0
IND_07092,EUR,0.3328158917090203,Q2_LowVuln,0
IND_07093,AMR,0.6479231610250993,Q3_MedVuln,0
IND_07094,AMR,0.41959730634526193,Q2_LowVuln,0
IND_07095,EAS,0.3953887187131427,Q2_LowVuln,0
IND_07096,EAS,0.2538966487308379,Q2_LowVuln,0
IND_07097,EUR,0.7704338653494097,Q4_HighestVuln,1
IND_07098,EUR,0.22458065814031775,Q1_LowestVuln,0
IND_07099,EUR,0.6632633979272122,Q3_MedVuln,0
IND_07100,AFR,0.4089503673995131,Q2_LowVuln,0
IND_07101,SAS,0.30715632510024565,Q2_LowVuln,0
IND_07102,AFR,0.7465443402592832,Q3_MedVuln,0
IND_07103,AFR,0.6645711048382821,Q3_MedVuln,0
IND_07104,SAS,0.593882440563161,Q3_MedVuln,0
IND_07105,EUR,0.2712606724648101,Q2_LowVuln,0
IND_07106,EUR,0.5115740540867025,Q3_MedVuln,0
IND_07107,AFR,0.2873173264427345,Q2_LowVuln,0
IND_07108,SAS,0.668922441698496,Q3_MedVuln,0
IND_07109,AFR,0.9100889511170405,Q4_HighestVuln,1
IND_07110,EAS,0.6277215534222087,Q3_MedVuln,0
IND_07111,AFR,0.6732568269036695,Q3_MedVuln,0
IND_07112,AFR,0.3354166941425694,Q2_LowVuln,0
IND_07113,AFR,0.6071718302660661,Q3_MedVuln,0
IND_07114,AFR,0.5340788575970964,Q3_MedVuln,0
IND_07115,EAS,0.41969546546931197,Q2_LowVuln,0
IND_07116,EUR,0.5842276124781712,Q3_MedVuln,0
IND_07117,SAS,0.7905956444521857,Q4_HighestVuln,1
IND_07118,SAS,0.5838536711292304,Q3_MedVuln,0
IND_07119,EAS,0.5730079526461861,Q3_MedVuln,0
IND_07120,EUR,0.1900183305671067,Q1_LowestVuln,0
IND_07121,AFR,0.47398716087780435,Q2_LowVuln,0
IND_07122,AFR,0.5470938663908977,Q3_MedVuln,0
IND_07123,AMR,0.26794692656459657,Q2_LowVuln,0
IND_07124,AMR,0.8942068354102438,Q4_HighestVuln,1
IND_07125,EAS,0.6181585623984099,Q3_MedVuln,0
IND_07126,AFR,0.5104455676350597,Q3_MedVuln,0
IND_07127,SAS,0.5396588445955119,Q3_MedVuln,0
IND_07128,SAS,0.3604690555945545,Q2_LowVuln,0
IND_07129,AFR,0.7877817102233603,Q4_HighestVuln,1
IND_07130,SAS,0.6724865104473976,Q3_MedVuln,0
IND_07131,SAS,0.38469875559537664,Q2_LowVuln,0
IND_07132,SAS,0.21177530891218646,Q1_LowestVuln,0
IND_07133,AFR,0.6752887743212155,Q3_MedVuln,0
IND_07134,AFR,0.9840280213092867,Q4_HighestVuln,1
IND_07135,EUR,0.34456032598061637,Q2_LowVuln,0
IND_07136,SAS,0.12864216079647053,Q1_LowestVuln,0
IND_07137,AMR,0.7121013185868956,Q3_MedVuln,0
IND_07138,SAS,0.7679443834804245,Q4_HighestVuln,1
IND_07139,AMR,0.6126315696832892,Q3_MedVuln,0
IND_07140,SAS,0.802820557176646,Q4_HighestVuln,1
IND_07141,AFR,0.25124841031801987,Q2_LowVuln,0
IND_07142,EAS,0.5372277673363283,Q3_MedVuln,0
IND_07143,SAS,0.09549491325135379,Q1_LowestVuln,0
IND_07144,AMR,0.5406198738757847,Q3_MedVuln,0
IND_07145,AFR,0.7420408418616549,Q3_MedVuln,0
IND_07146,AFR,0.8020870566187424,Q4_HighestVuln,1
IND_07147,AFR,0.7398405307511859,Q3_MedVuln,0
IND_07148,AMR,0.8194973744588034,Q4_HighestVuln,1
IND_07149,EAS,0.5683436621974712,Q3_MedVuln,0
IND_07150,EAS,0.6870134716632307,Q3_MedVuln,0
IND_07151,AMR,0.5139710128568886,Q3_MedVuln,0
IND_07152,AMR,0.33791477009332166,Q2_LowVuln,0
IND_07153,EAS,0.3402350756843726,Q2_LowVuln,0
IND_07154,AMR,0.7799559595972697,Q4_HighestVuln,1
IND_07155,AFR,0.4062809607784744,Q2_LowVuln,0
IND_07156,EAS,0.4135047844956799,Q2_LowVuln,0
IND_07157,EAS,0.2921953880773865,Q2_LowVuln,0
IND_07158,AFR,0.5901495711249155,Q3_MedVuln,0
IND_07159,AFR,0.9001964574746542,Q4_HighestVuln,1
IND_07160,EAS,0.3251795614123308,Q2_LowVuln,0
IND_07161,AFR,0.810327341790193,Q4_HighestVuln,1
IND_07162,AFR,0.10428693768071212,Q1_LowestVuln,0
IND_07163,EAS,0.23199797922876425,Q1_LowestVuln,0
IND_07164,AMR,0.528574719199328,Q3_MedVuln,0
IND_07165,EAS,0.4337628844361438,Q2_LowVuln,0
IND_07166,AMR,0.60234263452449,Q3_MedVuln,0
IND_07167,AMR,0.44438356794506345,Q2_LowVuln,0
IND_07168,AMR,0.4144129968558257,Q2_LowVuln,0
IND_07169,SAS,0.4020227146256778,Q2_LowVuln,0
IND_07170,SAS,0.428248488980367,Q2_LowVuln,0
IND_07171,EUR,0.5439524004508098,Q3_MedVuln,0
IND_07172,EUR,0.18453357233164833,Q1_LowestVuln,0
IND_07173,EUR,0.21348532688156704,Q1_LowestVuln,0
IND_07174,EAS,0.22685156966026532,Q1_LowestVuln,0
IND_07175,AFR,0.95034421594168,Q4_HighestVuln,1
IND_07176,EUR,0.2765508944802706,Q2_LowVuln,0
IND_07177,SAS,0.8816318623746863,Q4_HighestVuln,1
IND_07178,AFR,0.8393149943894491,Q4_HighestVuln,1
IND_07179,AFR,0.5019902080136746,Q3_MedVuln,0
IND_07180,AMR,0.6492685573897307,Q3_MedVuln,0
IND_07181,EUR,0.19615691806690158,Q1_LowestVuln,0
IND_07182,AMR,0.5854642055674314,Q3_MedVuln,0
IND_07183,AMR,0.8182579998920381,Q4_HighestVuln,1
IND_07184,AMR,0.6746377811967127,Q3_MedVuln,0
IND_07185,EUR,0.5340891160976189,Q3_MedVuln,0
IND_07186,AFR,0.6139420352232247,Q3_MedVuln,0
IND_07187,AFR,0.5457920956612858,Q3_MedVuln,0
IND_07188,SAS,0.44410834844304675,Q2_LowVuln,0
IND_07189,AMR,0.3793479335161059,Q2_LowVuln,0
IND_07190,AFR,0.8448303132458715,Q4_HighestVuln,1
IND_07191,EUR,0.1695186181786928,Q1_LowestVuln,0
IND_07192,EUR,0.23138074235627673,Q1_LowestVuln,0
IND_07193,EUR,0.2511188828117096,Q2_LowVuln,0
IND_07194,EUR,0.6662029136186629,Q3_MedVuln,0
IND_07195,EUR,0.1245010768613928,Q1_LowestVuln,0
IND_07196,AFR,0.814753263218954,Q4_HighestVuln,1
IND_07197,EUR,0.5644359023734351,Q3_MedVuln,0
IND_07198,AMR,0.8153067483582584,Q4_HighestVuln,1
IND_07199,EUR,0.845596257619536,Q4_HighestVuln,1
IND_07200,AFR,0.2833319088911181,Q2_LowVuln,0
IND_07201,EAS,0.5000643397308892,Q3_MedVuln,0
IND_07202,AFR,0.16382821319301277,Q1_LowestVuln,0
IND_07203,SAS,0.15614980325487904,Q1_LowestVuln,0
IND_07204,AMR,0.46153225021692823,Q2_LowVuln,0
IND_07205,AFR,0.35802879288617195,Q2_LowVuln,0
IND_07206,EUR,0.4023661045208959,Q2_LowVuln,0
IND_07207,SAS,0.7007904157710778,Q3_MedVuln,0
IND_07208,SAS,0.7723927938017067,Q4_HighestVuln,1
IND_07209,SAS,0.5503367107009042,Q3_MedVuln,0
IND_07210,AFR,0.6287497494176622,Q3_MedVuln,0
IND_07211,SAS,0.27652210126416943,Q2_LowVuln,0
IND_07212,AFR,0.37404677687665894,Q2_LowVuln,0
IND_07213,AMR,0.5201940285803105,Q3_MedVuln,0
IND_07214,EUR,0.45737625926110687,Q2_LowVuln,0
IND_07215,AFR,0.7699740276172531,Q4_HighestVuln,1
IND_07216,EUR,0.23912623982141895,Q1_LowestVuln,0
IND_07217,SAS,0.3753638239573017,Q2_LowVuln,0
IND_07218,EUR,0.7666031153906825,Q4_HighestVuln,1
IND_07219,AFR,0.7996994226657018,Q4_HighestVuln,1
IND_07220,EAS,0.4610819751835477,Q2_LowVuln,0
IND_07221,EUR,0.27045854787921514,Q2_LowVuln,0
IND_07222,EUR,0.5968264630643891,Q3_MedVuln,0
IND_07223,EUR,0.1972837584131082,Q1_LowestVuln,0
IND_07224,AMR,0.6755478628653144,Q3_MedVuln,0
IND_07225,SAS,0.8983870938754933,Q4_HighestVuln,1
IND_07226,EAS,0.6712663179841257,Q3_MedVuln,0
IND_07227,AFR,0.46536178257265454,Q2_LowVuln,0
IND_07228,AFR,0.8385624066555954,Q4_HighestVuln,1
IND_07229,EUR,0.6777519071675492,Q3_MedVuln,0
IND_07230,SAS,0.32790485235966677,Q2_LowVuln,0
IND_07231,AFR,0.5836481871852421,Q3_MedVuln,0
IND_07232,EAS,0.7223174285767044,Q3_MedVuln,0
IND_07233,EUR,0.669142713908846,Q3_MedVuln,0
IND_07234,AFR,0.8500678215277436,Q4_HighestVuln,1
IND_07235,EUR,0.33992676637769337,Q2_LowVuln,0
IND_07236,AFR,0.8663511112160978,Q4_HighestVuln,1
IND_07237,AMR,0.5678975129183785,Q3_MedVuln,0
IND_07238,AFR,0.6974616373661122,Q3_MedVuln,0
IND_07239,AFR,0.6315898588859306,Q3_MedVuln,0
IND_07240,EUR,0.20277638651635133,Q1_LowestVuln,0
IND_07241,AMR,0.6352607868224278,Q3_MedVuln,0
IND_07242,EAS,0.2625726402373557,Q2_LowVuln,0
IND_07243,AMR,0.35028482727173754,Q2_LowVuln,0
IND_07244,AFR,0.13073140166943514,Q1_LowestVuln,0
IND_07245,EAS,0.2931246541169799,Q2_LowVuln,0
IND_07246,AMR,0.7119902012160992,Q3_MedVuln,0
IND_07247,SAS,0.6267857954541333,Q3_MedVuln,0
IND_07248,EUR,0.1739634701401605,Q1_LowestVuln,0
IND_07249,EUR,0.4846970526047597,Q2_LowVuln,0
IND_07250,AMR,0.3331582792158041,Q2_LowVuln,0
IND_07251,AMR,0.5717694364486696,Q3_MedVuln,0
IND_07252,AFR,0.8260779056375782,Q4_HighestVuln,1
IND_07253,AFR,0.6854770833731679,Q3_MedVuln,0
IND_07254,SAS,0.463744111062598,Q2_LowVuln,0
IND_07255,EAS,0.45337016764673593,Q2_LowVuln,0
IND_07256,EAS,0.262589167942357,Q2_LowVuln,0
IND_07257,AFR,0.70361479211253,Q3_MedVuln,0
IND_07258,AMR,0.43759867836098787,Q2_LowVuln,0
IND_07259,EAS,0.07790580791024891,Q1_LowestVuln,0
IND_07260,AMR,0.5130091062346863,Q3_MedVuln,0
IND_07261,AMR,0.8560284851316042,Q4_HighestVuln,1
IND_07262,EAS,0.7772198097339651,Q4_HighestVuln,1
IND_07263,AFR,0.7532798526813084,Q4_HighestVuln,1
IND_07264,EUR,0.1114928720641803,Q1_LowestVuln,0
IND_07265,EAS,0.275792044301391,Q2_LowVuln,0
IND_07266,AFR,0.6718471283022349,Q3_MedVuln,0
IND_07267,EUR,0.6064785161935904,Q3_MedVuln,0
IND_07268,EAS,0.4810850811253346,Q2_LowVuln,0
IND_07269,AFR,0.5291962582361563,Q3_MedVuln,0
IND_07270,AMR,0.5345245221496878,Q3_MedVuln,0
IND_07271,AFR,0.6863536312131001,Q3_MedVuln,0
IND_07272,EAS,0.43171094896340023,Q2_LowVuln,0
IND_07273,EUR,0.057715067758847334,Q1_LowestVuln,0
IND_07274,EUR,0.56024126554945,Q3_MedVuln,0
IND_07275,EAS,0.4199753217422945,Q2_LowVuln,0
IND_07276,AFR,0.5862593104609332,Q3_MedVuln,0
IND_07277,SAS,0.319883004052627,Q2_LowVuln,0
IND_07278,EUR,0.49992296621688304,Q2_LowVuln,0
IND_07279,SAS,0.35712910523999364,Q2_LowVuln,0
IND_07280,AMR,0.7623760588929757,Q4_HighestVuln,1
IND_07281,AMR,0.7350058738264527,Q3_MedVuln,0
IND_07282,EUR,0.614093209488269,Q3_MedVuln,0
IND_07283,AMR,0.2566358749632389,Q2_LowVuln,0
IND_07284,AFR,0.7861787314710007,Q4_HighestVuln,1
IND_07285,AFR,0.8906925781862781,Q4_HighestVuln,1
IND_07286,AFR,0.9614512072312049,Q4_HighestVuln,1
IND_07287,SAS,0.4130257060032202,Q2_LowVuln,0
IND_07288,AFR,0.7633549138121218,Q4_HighestVuln,1
IND_07289,EAS,0.4097551114358251,Q2_LowVuln,0
IND_07290,EUR,0.8995978785490851,Q4_HighestVuln,1
IND_07291,AFR,0.5441752048453911,Q3_MedVuln,0
IND_07292,SAS,0.5536579611203885,Q3_MedVuln,0
IND_07293,SAS,0.40151815539992597,Q2_LowVuln,0
IND_07294,AFR,0.1785568001734753,Q1_LowestVuln,0
IND_07295,AMR,0.8696441647684534,Q4_HighestVuln,1
IND_07296,EUR,0.8236296437196954,Q4_HighestVuln,1
IND_07297,EAS,0.4551341857185862,Q2_LowVuln,0
IND_07298,EAS,0.3082308053745612,Q2_LowVuln,0
IND_07299,EUR,0.6322976846247592,Q3_MedVuln,0
IND_07300,EUR,0.3367360597250948,Q2_LowVuln,0
IND_07301,AMR,0.6468331175215187,Q3_MedVuln,0
IND_07302,SAS,0.5845740248502656,Q3_MedVuln,0
IND_07303,EAS,0.445341616361045,Q2_LowVuln,0
IND_07304,EAS,0.4158510619563538,Q2_LowVuln,0
IND_07305,SAS,0.7912697074329382,Q4_HighestVuln,1
IND_07306,AMR,0.3466887365744248,Q2_LowVuln,0
IND_07307,EUR,0.4342573789746551,Q2_LowVuln,0
IND_07308,EUR,0.5491609629381449,Q3_MedVuln,0
IND_07309,SAS,0.06772759592345373,Q1_LowestVuln,0
IND_07310,AFR,0.3885376499054568,Q2_LowVuln,0
IND_07311,AFR,0.7588007691009493,Q4_HighestVuln,1
IND_07312,EUR,0.04644771269816271,Q1_LowestVuln,0
IND_07313,EUR,0.5087000575677436,Q3_MedVuln,0
IND_07314,EAS,0.45025697466422343,Q2_LowVuln,0
IND_07315,AFR,0.2711947498547718,Q2_LowVuln,0
IND_07316,EUR,0.050037781616327846,Q1_LowestVuln,0
IND_07317,EAS,0.6280319710439258,Q3_MedVuln,0
IND_07318,EUR,0.5685871654103295,Q3_MedVuln,0
IND_07319,EAS,0.5649638898608069,Q3_MedVuln,0
IND_07320,EUR,0.6289097249973419,Q3_MedVuln,0
IND_07321,AFR,0.3469919504870251,Q2_LowVuln,0
IND_07322,AFR,0.6792236094214045,Q3_MedVuln,0
IND_07323,EAS,0.08324806828109492,Q1_LowestVuln,0
IND_07324,SAS,0.6460750650859997,Q3_MedVuln,0
IND_07325,EAS,0.31999970364122227,Q2_LowVuln,0
IND_07326,SAS,0.6362251665802908,Q3_MedVuln,0
IND_07327,EAS,0.2766496920033917,Q2_LowVuln,0
IND_07328,EUR,0.5411414991262309,Q3_MedVuln,0
IND_07329,SAS,0.8336954057108029,Q4_HighestVuln,1
IND_07330,AFR,0.6132320723475136,Q3_MedVuln,0
IND_07331,EUR,0.2758415158922818,Q2_LowVuln,0
IND_07332,EUR,0.5564294153232656,Q3_MedVuln,0
IND_07333,AFR,0.8993164559327758,Q4_HighestVuln,1
IND_07334,AFR,0.6295341037188528,Q3_MedVuln,0
IND_07335,EUR,0.6971413149190773,Q3_MedVuln,0
IND_07336,AFR,0.4912566866296717,Q2_LowVuln,0
IND_07337,EAS,0.4993817086560176,Q2_LowVuln,0
IND_07338,AFR,0.868608621740509,Q4_HighestVuln,1
IND_07339,EAS,0.34757298428187855,Q2_LowVuln,0
IND_07340,EUR,0.4991512873950953,Q2_LowVuln,0
IND_07341,AFR,0.44045738734492323,Q2_LowVuln,0
IND_07342,SAS,0.24114973120388492,Q1_LowestVuln,0
IND_07343,AMR,0.461256203684586,Q2_LowVuln,0
IND_07344,SAS,0.5124829751224486,Q3_MedVuln,0
IND_07345,SAS,0.8480563716318547,Q4_HighestVuln,1
IND_07346,EUR,0.8289491009104136,Q4_HighestVuln,1
IND_07347,AFR,0.63893263920328,Q3_MedVuln,0
IND_07348,EUR,0.2888366903860931,Q2_LowVuln,0
IND_07349,AMR,0.15624521324129556,Q1_LowestVuln,0
IND_07350,AMR,0.6023274704485687,Q3_MedVuln,0
IND_07351,AMR,0.5350007608951204,Q3_MedVuln,0
IND_07352,AFR,0.40566393830894093,Q2_LowVuln,0
IND_07353,EUR,0.46309730784274233,Q2_LowVuln,0
IND_07354,EAS,0.27243089124148734,Q2_LowVuln,0
IND_07355,AMR,0.4206855354505294,Q2_LowVuln,0
IND_07356,AFR,0.43079812895037833,Q2_LowVuln,0
IND_07357,SAS,0.6051778545590254,Q3_MedVuln,0
IND_07358,AFR,0.4048259624519446,Q2_LowVuln,0
IND_07359,EUR,0.31279521219697953,Q2_LowVuln,0
IND_07360,SAS,0.4864101759716953,Q2_LowVuln,0
IND_07361,AFR,0.3375851865823847,Q2_LowVuln,0
IND_07362,EUR,0.7092161604838705,Q3_MedVuln,0
IND_07363,EUR,0.37050597027190946,Q2_LowVuln,0
IND_07364,EUR,0.6668211169541228,Q3_MedVuln,0
IND_07365,EUR,0.06494707765130864,Q1_LowestVuln,0
IND_07366,AFR,0.6345220521706882,Q3_MedVuln,0
IND_07367,EAS,0.6978406621332376,Q3_MedVuln,0
IND_07368,EAS,0.5156881208529499,Q3_MedVuln,0
IND_07369,AFR,0.7025924688092965,Q3_MedVuln,0
IND_07370,SAS,0.6947486203357611,Q3_MedVuln,0
IND_07371,AFR,0.7095034333319531,Q3_MedVuln,0
IND_07372,EAS,0.08141427479223944,Q1_LowestVuln,0
IND_07373,AFR,0.655138321874255,Q3_MedVuln,0
IND_07374,EAS,0.6575162502705186,Q3_MedVuln,0
IND_07375,AFR,0.35895085723964726,Q2_LowVuln,0
IND_07376,EUR,0.46469085981891484,Q2_LowVuln,0
IND_07377,SAS,0.37395747446436634,Q2_LowVuln,0
IND_07378,EAS,0.47479097277928595,Q2_LowVuln,0
IND_07379,EUR,0.6118679652879192,Q3_MedVuln,0
IND_07380,EUR,0.2865301807374296,Q2_LowVuln,0
IND_07381,EUR,0.12756048387810584,Q1_LowestVuln,0
IND_07382,EUR,0.10146971323920603,Q1_LowestVuln,0
IND_07383,AMR,0.8849568815270816,Q4_HighestVuln,1
IND_07384,SAS,0.7360181065007616,Q3_MedVuln,0
IND_07385,AFR,0.703656112237012,Q3_MedVuln,0
IND_07386,EAS,0.43019128644275356,Q2_LowVuln,0
IND_07387,EAS,0.06875064546721749,Q1_LowestVuln,0
IND_07388,AFR,0.8864991112083782,Q4_HighestVuln,1
IND_07389,SAS,0.3431812122054779,Q2_LowVuln,0
IND_07390,AFR,0.6608013286472197,Q3_MedVuln,0
IND_07391,EUR,0.28491059789064593,Q2_LowVuln,0
IND_07392,SAS,0.7509867795661942,Q4_HighestVuln,1
IND_07393,EUR,0.5987014673807383,Q3_MedVuln,0
IND_07394,AMR,0.3639429601714888,Q2_LowVuln,0
IND_07395,EAS,0.3048695223933281,Q2_LowVuln,0
IND_07396,EUR,0.6091516700825127,Q3_MedVuln,0
IND_07397,EAS,0.2760318258860674,Q2_LowVuln,0
IND_07398,EAS,0.4811901450048225,Q2_LowVuln,0
IND_07399,EAS,0.17766838706725646,Q1_LowestVuln,0
IND_07400,EUR,0.17731986149232332,Q1_LowestVuln,0
IND_07401,EUR,0.5295260071235769,Q3_MedVuln,0
IND_07402,AFR,0.6237187609512463,Q3_MedVuln,0
IND_07403,AFR,0.8807660061092436,Q4_HighestVuln,1
IND_07404,EUR,0.4223571571575604,Q2_LowVuln,0
IND_07405,AFR,0.5560981413064406,Q3_MedVuln,0
IND_07406,EUR,0.43180126521239903,Q2_LowVuln,0
IND_07407,EAS,0.45338880430886613,Q2_LowVuln,0
IND_07408,AMR,0.9082441451905943,Q4_HighestVuln,1
IND_07409,AFR,0.4461840960987452,Q2_LowVuln,0
IND_07410,EAS,0.07659101412366541,Q1_LowestVuln,0
IND_07411,AFR,0.4220132641590026,Q2_LowVuln,0
IND_07412,EUR,0.4241674175282127,Q2_LowVuln,0
IND_07413,EUR,0.37289690848292484,Q2_LowVuln,0
IND_07414,EAS,0.11723365217182218,Q1_LowestVuln,0
IND_07415,EUR,0.2852065732988371,Q2_LowVuln,0
IND_07416,SAS,0.8659740798622455,Q4_HighestVuln,1
IND_07417,EAS,0.6928091341982355,Q3_MedVuln,0
IND_07418,EAS,0.4689807300803328,Q2_LowVuln,0
IND_07419,AFR,0.9033351465919901,Q4_HighestVuln,1
IND_07420,AFR,0.35172041026400674,Q2_LowVuln,0
IND_07421,EUR,0.4535450392330907,Q2_LowVuln,0
IND_07422,AMR,0.6737213733379143,Q3_MedVuln,0
IND_07423,SAS,0.7089239806444938,Q3_MedVuln,0
IND_07424,SAS,0.2649727526169931,Q2_LowVuln,0
IND_07425,EAS,0.753302893097229,Q4_HighestVuln,1
IND_07426,AFR,0.7182653018247771,Q3_MedVuln,0
IND_07427,AMR,0.853866803916306,Q4_HighestVuln,1
IND_07428,SAS,0.7575483137185737,Q4_HighestVuln,1
IND_07429,AFR,0.5704118297781283,Q3_MedVuln,0
IND_07430,AMR,0.645913748811674,Q3_MedVuln,0
IND_07431,EUR,0.45856182795483375,Q2_LowVuln,0
IND_07432,AFR,0.9287464490208687,Q4_HighestVuln,1
IND_07433,AFR,0.6988195025454003,Q3_MedVuln,0
IND_07434,AFR,0.8472740234337914,Q4_HighestVuln,1
IND_07435,AMR,0.7825555461501349,Q4_HighestVuln,1
IND_07436,EUR,0.0807700100872064,Q1_LowestVuln,0
IND_07437,AMR,0.6121736569695857,Q3_MedVuln,0
IND_07438,EUR,0.1943220255631127,Q1_LowestVuln,0
IND_07439,AMR,0.4677863128672634,Q2_LowVuln,0
IND_07440,AFR,0.6299398389515196,Q3_MedVuln,0
IND_07441,EAS,0.2064218564038341,Q1_LowestVuln,0
IND_07442,EAS,0.45925248369920285,Q2_LowVuln,0
IND_07443,EUR,0.8320274858959551,Q4_HighestVuln,1
IND_07444,EUR,0.29574360422176876,Q2_LowVuln,0
IND_07445,SAS,0.6398363858008328,Q3_MedVuln,0
IND_07446,SAS,0.43181076850936395,Q2_LowVuln,0
IND_07447,AFR,0.6184062967999744,Q3_MedVuln,0
IND_07448,EUR,0.3600957810307785,Q2_LowVuln,0
IND_07449,SAS,0.6230509201783466,Q3_MedVuln,0
IND_07450,AFR,0.30086346397313546,Q2_LowVuln,0
IND_07451,EUR,0.6043370024283878,Q3_MedVuln,0
IND_07452,SAS,0.7656371515760969,Q4_HighestVuln,1
IND_07453,EAS,0.31082433159281003,Q2_LowVuln,0
IND_07454,EAS,0.5690303096636201,Q3_MedVuln,0
IND_07455,EUR,0.3602298738966938,Q2_LowVuln,0
IND_07456,EUR,0.301961635279367,Q2_LowVuln,0
IND_07457,SAS,0.8396223674541696,Q4_HighestVuln,1
IND_07458,AMR,0.8474371546309816,Q4_HighestVuln,1
IND_07459,AMR,0.3160286029595305,Q2_LowVuln,0
IND_07460,AFR,0.6212256259865834,Q3_MedVuln,0
IND_07461,AMR,0.38041797096591273,Q2_LowVuln,0
IND_07462,EAS,0.05633292460803156,Q1_LowestVuln,0
IND_07463,SAS,0.5573828089925309,Q3_MedVuln,0
IND_07464,EAS,0.875934666333469,Q4_HighestVuln,1
IND_07465,EUR,0.45878260559463224,Q2_LowVuln,0
IND_07466,EAS,0.38393703855060357,Q2_LowVuln,0
IND_07467,AFR,0.3735695051634379,Q2_LowVuln,0
IND_07468,AMR,0.4230136636977541,Q2_LowVuln,0
IND_07469,AFR,0.6302515056036447,Q3_MedVuln,0
IND_07470,SAS,0.6512739361582001,Q3_MedVuln,0
IND_07471,AFR,0.5139097018344628,Q3_MedVuln,0
IND_07472,SAS,0.5939551508102427,Q3_MedVuln,0
IND_07473,SAS,0.1531271795184846,Q1_LowestVuln,0
IND_07474,EAS,0.3459148035272894,Q2_LowVuln,0
IND_07475,AFR,0.5197325856858377,Q3_MedVuln,0
IND_07476,SAS,0.47343223288190994,Q2_LowVuln,0
IND_07477,EAS,0.2553862070221015,Q2_LowVuln,0
IND_07478,AFR,0.8878369589821392,Q4_HighestVuln,1
IND_07479,EUR,0.39682595272480453,Q2_LowVuln,0
IND_07480,AFR,0.8575764463106277,Q4_HighestVuln,1
IND_07481,AFR,0.8377546483348671,Q4_HighestVuln,1
IND_07482,AFR,0.7208881881539895,Q3_MedVuln,0
IND_07483,AMR,0.8415219869887197,Q4_HighestVuln,1
IND_07484,AFR,0.5122853281679697,Q3_MedVuln,0
IND_07485,AMR,0.1265097978265902,Q1_LowestVuln,0
IND_07486,EAS,0.20964034253380195,Q1_LowestVuln,0
IND_07487,AFR,0.8715656011028023,Q4_HighestVuln,1
IND_07488,AFR,0.2746480694996769,Q2_LowVuln,0
IND_07489,AFR,0.6994823739203934,Q3_MedVuln,0
IND_07490,EUR,0.39950572687442537,Q2_LowVuln,0
IND_07491,SAS,0.7518259311066712,Q4_HighestVuln,1
IND_07492,SAS,0.5426287077129844,Q3_MedVuln,0
IND_07493,AFR,0.8256446929396661,Q4_HighestVuln,1
IND_07494,AFR,0.8797357910601089,Q4_HighestVuln,1
IND_07495,SAS,0.6019351903316748,Q3_MedVuln,0
IND_07496,AFR,0.3740498126376295,Q2_LowVuln,0
IND_07497,SAS,0.4612929095198395,Q2_LowVuln,0
IND_07498,EUR,0.5297266503715031,Q3_MedVuln,0
IND_07499,AFR,0.9183965116994358,Q4_HighestVuln,1
IND_07500,EUR,0.1647608422856866,Q1_LowestVuln,0
IND_07501,AFR,0.5815995130192742,Q3_MedVuln,0
IND_07502,EUR,0.2828083437493386,Q2_LowVuln,0
IND_07503,EUR,0.33774191187398644,Q2_LowVuln,0
IND_07504,EUR,0.34145257005399415,Q2_LowVuln,0
IND_07505,AFR,0.4693616577383662,Q2_LowVuln,0
IND_07506,SAS,0.212190122163905,Q1_LowestVuln,0
IND_07507,AFR,0.4911280663021556,Q2_LowVuln,0
IND_07508,SAS,0.4510750129985187,Q2_LowVuln,0
IND_07509,AMR,0.2811720460015854,Q2_LowVuln,0
IND_07510,AFR,0.8884318332210897,Q4_HighestVuln,1
IND_07511,EAS,0.2003490645455266,Q1_LowestVuln,0
IND_07512,EAS,0.26809886445926495,Q2_LowVuln,0
IND_07513,SAS,0.5350793757067539,Q3_MedVuln,0
IND_07514,AMR,0.5009914900334509,Q3_MedVuln,0
IND_07515,EAS,0.126233897179839,Q1_LowestVuln,0
IND_07516,SAS,0.6945833962058376,Q3_MedVuln,0
IND_07517,SAS,0.20277172093325238,Q1_LowestVuln,0
IND_07518,SAS,0.20807430639562277,Q1_LowestVuln,0
IND_07519,EAS,0.4435047794238712,Q2_LowVuln,0
IND_07520,SAS,0.6179933870286437,Q3_MedVuln,0
IND_07521,AFR,0.4909134446129573,Q2_LowVuln,0
IND_07522,AMR,0.5574076858361139,Q3_MedVuln,0
IND_07523,AFR,0.469895811121817,Q2_LowVuln,0
IND_07524,SAS,0.34634461697578744,Q2_LowVuln,0
IND_07525,SAS,0.5909064710869528,Q3_MedVuln,0
IND_07526,SAS,0.227644164463786,Q1_LowestVuln,0
IND_07527,AFR,0.4005702001906137,Q2_LowVuln,0
IND_07528,SAS,0.6764974355329323,Q3_MedVuln,0
IND_07529,EUR,0.11351603914176396,Q1_LowestVuln,0
IND_07530,SAS,0.273263772033312,Q2_LowVuln,0
IND_07531,EUR,0.25138374668797225,Q2_LowVuln,0
IND_07532,EAS,0.10530315849249941,Q1_LowestVuln,0
IND_07533,AFR,0.4460690506674428,Q2_LowVuln,0
IND_07534,EUR,0.6106420503482614,Q3_MedVuln,0
IND_07535,AFR,0.42604204106531457,Q2_LowVuln,0
IND_07536,AMR,0.7325233692933196,Q3_MedVuln,0
IND_07537,AMR,0.8915327455040408,Q4_HighestVuln,1
IND_07538,EUR,0.20835142636315557,Q1_LowestVuln,0
IND_07539,EUR,0.5905286165496912,Q3_MedVuln,0
IND_07540,AMR,0.7646867642912772,Q4_HighestVuln,1
IND_07541,AFR,0.21512400932798859,Q1_LowestVuln,0
IND_07542,EUR,0.26483282925807705,Q2_LowVuln,0
IND_07543,EAS,0.2947526705867013,Q2_LowVuln,0
IND_07544,EUR,0.40871788774760853,Q2_LowVuln,0
IND_07545,SAS,0.7435409949763662,Q3_MedVuln,0
IND_07546,EAS,0.41177032542826436,Q2_LowVuln,0
IND_07547,EUR,0.2623572948078967,Q2_LowVuln,0
IND_07548,AFR,0.4809051080276416,Q2_LowVuln,0
IND_07549,SAS,0.49338901716347683,Q2_LowVuln,0
IND_07550,AFR,0.6429885481460343,Q3_MedVuln,0
IND_07551,SAS,0.7856271154085087,Q4_HighestVuln,1
IND_07552,AFR,0.714444659968771,Q3_MedVuln,0
IND_07553,AFR,0.643807965752175,Q3_MedVuln,0
IND_07554,AMR,0.7754241503422443,Q4_HighestVuln,1
IND_07555,AFR,0.3397997945621473,Q2_LowVuln,0
IND_07556,EAS,0.31461566596814755,Q2_LowVuln,0
IND_07557,EAS,0.2662577316435413,Q2_LowVuln,0
IND_07558,AFR,0.8692425763453002,Q4_HighestVuln,1
IND_07559,AFR,0.40638009620654597,Q2_LowVuln,0
IND_07560,SAS,0.5365127022408815,Q3_MedVuln,0
IND_07561,EUR,0.6089295358654984,Q3_MedVuln,0
IND_07562,EUR,0.3567566755441885,Q2_LowVuln,0
IND_07563,AFR,0.14380738746195265,Q1_LowestVuln,0
IND_07564,AFR,0.5668235772486258,Q3_MedVuln,0
IND_07565,AMR,0.7653900084613406,Q4_HighestVuln,1
IND_07566,EAS,0.3592599100605499,Q2_LowVuln,0
IND_07567,AFR,0.5905791254512118,Q3_MedVuln,0
IND_07568,EAS,0.44825092243210024,Q2_LowVuln,0
IND_07569,EAS,0.47707913303569616,Q2_LowVuln,0
IND_07570,SAS,0.4812906449721557,Q2_LowVuln,0
IND_07571,AFR,0.35607995427424083,Q2_LowVuln,0
IND_07572,AFR,0.5439576547681637,Q3_MedVuln,0
IND_07573,SAS,0.35510627306771897,Q2_LowVuln,0
IND_07574,EUR,0.6847383134416956,Q3_MedVuln,0
IND_07575,EUR,0.33115796728587427,Q2_LowVuln,0
IND_07576,SAS,0.7008441652541465,Q3_MedVuln,0
IND_07577,AMR,0.6019963067833533,Q3_MedVuln,0
IND_07578,SAS,0.3862269055303415,Q2_LowVuln,0
IND_07579,EAS,0.18194706967791624,Q1_LowestVuln,0
IND_07580,SAS,0.3256297149938075,Q2_LowVuln,0
IND_07581,EUR,0.30597374676394307,Q2_LowVuln,0
IND_07582,EAS,0.03144343874423289,Q1_LowestVuln,0
IND_07583,SAS,0.5487584397113401,Q3_MedVuln,0
IND_07584,SAS,0.5255831257959614,Q3_MedVuln,0
IND_07585,AMR,0.6155207228570201,Q3_MedVuln,0
IND_07586,EUR,0.6706559680867448,Q3_MedVuln,0
IND_07587,EAS,0.5584062755340412,Q3_MedVuln,0
IND_07588,EAS,0.1158883011955115,Q1_LowestVuln,0
IND_07589,SAS,0.4978202594667502,Q2_LowVuln,0
IND_07590,AFR,0.7056468732064594,Q3_MedVuln,0
IND_07591,AFR,0.6158053393684524,Q3_MedVuln,0
IND_07592,AFR,0.8410896822518518,Q4_HighestVuln,1
IND_07593,SAS,0.7050966145422616,Q3_MedVuln,0
IND_07594,EAS,0.49394495726540477,Q2_LowVuln,0
IND_07595,AMR,0.47018238405727814,Q2_LowVuln,0
IND_07596,AFR,0.6159337766431054,Q3_MedVuln,0
IND_07597,EUR,0.17801814187747547,Q1_LowestVuln,0
IND_07598,AFR,0.24258241675645054,Q1_LowestVuln,0
IND_07599,EAS,0.2661395858535253,Q2_LowVuln,0
IND_07600,AFR,0.588840128809331,Q3_MedVuln,0
IND_07601,AFR,0.6645675847727741,Q3_MedVuln,0
IND_07602,EAS,0.36029920825384953,Q2_LowVuln,0
IND_07603,AFR,0.6599111898662575,Q3_MedVuln,0
IND_07604,AFR,0.2485839521915794,Q1_LowestVuln,0
IND_07605,EAS,0.7964052608020716,Q4_HighestVuln,1
IND_07606,EUR,0.2638366361527778,Q2_LowVuln,0
IND_07607,EAS,0.5286957975958488,Q3_MedVuln,0
IND_07608,AMR,0.43209184692350416,Q2_LowVuln,0
IND_07609,SAS,0.6382933161868043,Q3_MedVuln,0
IND_07610,SAS,0.1776164931417191,Q1_LowestVuln,0
IND_07611,EAS,0.48037837978278364,Q2_LowVuln,0
IND_07612,EAS,0.5375506130299129,Q3_MedVuln,0
IND_07613,SAS,0.840521051942796,Q4_HighestVuln,1
IND_07614,EUR,0.44644700884160743,Q2_LowVuln,0
IND_07615,EUR,0.45741690197318063,Q2_LowVuln,0
IND_07616,EAS,0.21555713819140923,Q1_LowestVuln,0
IND_07617,AFR,0.893188972050158,Q4_HighestVuln,1
IND_07618,EAS,0.5859575213294789,Q3_MedVuln,0
IND_07619,AMR,0.7943659921413172,Q4_HighestVuln,1
IND_07620,SAS,0.07499106456225055,Q1_LowestVuln,0
IND_07621,SAS,0.2708899947121617,Q2_LowVuln,0
IND_07622,EAS,0.28677359148878845,Q2_LowVuln,0
IND_07623,SAS,0.7020294980272389,Q3_MedVuln,0
IND_07624,EUR,0.696297804626693,Q3_MedVuln,0
IND_07625,EAS,0.20189193928479618,Q1_LowestVuln,0
IND_07626,EUR,0.33198473043686766,Q2_LowVuln,0
IND_07627,SAS,0.7625018187921209,Q4_HighestVuln,1
IND_07628,AMR,0.8286919945223813,Q4_HighestVuln,1
IND_07629,SAS,0.13954814480152145,Q1_LowestVuln,0
IND_07630,AMR,0.26367898601324546,Q2_LowVuln,0
IND_07631,AFR,0.5590439488333256,Q3_MedVuln,0
IND_07632,AFR,0.850186099807286,Q4_HighestVuln,1
IND_07633,EAS,0.7539078075917164,Q4_HighestVuln,1
IND_07634,AFR,0.8267301107737536,Q4_HighestVuln,1
IND_07635,SAS,0.7237173733166496,Q3_MedVuln,0
IND_07636,EAS,0.2494669141050776,Q1_LowestVuln,0
IND_07637,EUR,0.7984483887263977,Q4_HighestVuln,1
IND_07638,EUR,0.19518728606301,Q1_LowestVuln,0
IND_07639,SAS,0.3432153279531962,Q2_LowVuln,0
IND_07640,EAS,0.0596776844762153,Q1_LowestVuln,0
IND_07641,AMR,0.3012940895685695,Q2_LowVuln,0
IND_07642,EUR,0.3650670828229304,Q2_LowVuln,0
IND_07643,AFR,0.6294359919501921,Q3_MedVuln,0
IND_07644,EUR,0.13608657895736556,Q1_LowestVuln,0
IND_07645,AFR,0.307341625324095,Q2_LowVuln,0
IND_07646,AFR,0.8442750092928768,Q4_HighestVuln,1
IND_07647,AFR,0.8618797686966375,Q4_HighestVuln,1
IND_07648,EUR,0.16038783100553256,Q1_LowestVuln,0
IND_07649,EUR,0.04535366867538967,Q1_LowestVuln,0
IND_07650,EUR,0.31854221978106034,Q2_LowVuln,0
IND_07651,AFR,0.5016397594030979,Q3_MedVuln,0
IND_07652,EUR,0.285340886816225,Q2_LowVuln,0
IND_07653,EAS,0.3574709966898829,Q2_LowVuln,0
IND_07654,EUR,0.307595351734684,Q2_LowVuln,0
IND_07655,EAS,0.1640761948280958,Q1_LowestVuln,0
IND_07656,SAS,0.10777150606291981,Q1_LowestVuln,0
IND_07657,AMR,0.27998461861495755,Q2_LowVuln,0
IND_07658,AFR,0.44892062096054247,Q2_LowVuln,0
IND_07659,EUR,0.2649949846043005,Q2_LowVuln,0
IND_07660,AFR,0.6594324251747399,Q3_MedVuln,0
IND_07661,EUR,0.646680192191555,Q3_MedVuln,0
IND_07662,AFR,0.5826452336514679,Q3_MedVuln,0
IND_07663,AFR,0.5882789830350202,Q3_MedVuln,0
IND_07664,EAS,0.3543297282722343,Q2_LowVuln,0
IND_07665,AFR,0.367043596717794,Q2_LowVuln,0
IND_07666,EUR,0.07180442971128093,Q1_LowestVuln,0
IND_07667,AMR,0.41917904625453195,Q2_LowVuln,0
IND_07668,EAS,0.19910042132956432,Q1_LowestVuln,0
IND_07669,SAS,0.37260956604957796,Q2_LowVuln,0
IND_07670,AMR,0.7130270071146958,Q3_MedVuln,0
IND_07671,AFR,0.8108259874658403,Q4_HighestVuln,1
IND_07672,AMR,0.8695535498473603,Q4_HighestVuln,1
IND_07673,EAS,0.5799680859399861,Q3_MedVuln,0
IND_07674,EUR,0.5225343981395477,Q3_MedVuln,0
IND_07675,EUR,0.7750478011454647,Q4_HighestVuln,1
IND_07676,AMR,0.3010861954591482,Q2_LowVuln,0
IND_07677,EUR,0.5279917551094464,Q3_MedVuln,0
IND_07678,SAS,0.4815905356700799,Q2_LowVuln,0
IND_07679,EUR,0.33686058712627975,Q2_LowVuln,0
IND_07680,AFR,0.5009596062157975,Q3_MedVuln,0
IND_07681,AFR,0.47283157478361415,Q2_LowVuln,0
IND_07682,AFR,0.6864390060935843,Q3_MedVuln,0
IND_07683,AFR,0.6827055852965557,Q3_MedVuln,0
IND_07684,EAS,0.4043809354135744,Q2_LowVuln,0
IND_07685,AMR,0.891999546469491,Q4_HighestVuln,1
IND_07686,EUR,0.4177700012834126,Q2_LowVuln,0
IND_07687,EAS,0.40875105918667715,Q2_LowVuln,0
IND_07688,EAS,0.4231488764873957,Q2_LowVuln,0
IND_07689,SAS,0.13121232986961495,Q1_LowestVuln,0
IND_07690,AMR,0.22638920057290365,Q1_LowestVuln,0
IND_07691,AMR,0.738608882497869,Q3_MedVuln,0
IND_07692,AMR,0.7932315970160506,Q4_HighestVuln,1
IND_07693,EUR,0.29408875862866496,Q2_LowVuln,0
IND_07694,EUR,0.7454437004977709,Q3_MedVuln,0
IND_07695,EAS,0.3814586675747738,Q2_LowVuln,0
IND_07696,AMR,0.8142075110951673,Q4_HighestVuln,1
IND_07697,AFR,0.38650294359175175,Q2_LowVuln,0
IND_07698,EAS,0.2655109678612318,Q2_LowVuln,0
IND_07699,AFR,0.7693965966839439,Q4_HighestVuln,1
IND_07700,SAS,0.6256112197405111,Q3_MedVuln,0
IND_07701,AFR,0.4898681466703134,Q2_LowVuln,0
IND_07702,AMR,0.9055965000558194,Q4_HighestVuln,1
IND_07703,AFR,0.7762850536162644,Q4_HighestVuln,1
IND_07704,AFR,0.43893599279666445,Q2_LowVuln,0
IND_07705,SAS,0.5180741942443693,Q3_MedVuln,0
IND_07706,EAS,0.36787754966011854,Q2_LowVuln,0
IND_07707,EUR,0.026852998622964176,Q1_LowestVuln,0
IND_07708,SAS,0.5830804211761973,Q3_MedVuln,0
IND_07709,EAS,0.28720135540110353,Q2_LowVuln,0
IND_07710,AFR,0.34365489089337126,Q2_LowVuln,0
IND_07711,EAS,0.3844237589554308,Q2_LowVuln,0
IND_07712,AFR,0.15416300898448543,Q1_LowestVuln,0
IND_07713,EUR,0.5986047994601936,Q3_MedVuln,0
IND_07714,EAS,0.2552133303000396,Q2_LowVuln,0
IND_07715,SAS,0.027959686489056782,Q1_LowestVuln,0
IND_07716,AFR,0.6171752514249946,Q3_MedVuln,0
IND_07717,EUR,0.4373890936320045,Q2_LowVuln,0
IND_07718,EUR,0.40537211447959814,Q2_LowVuln,0
IND_07719,EUR,0.30894772003072213,Q2_LowVuln,0
IND_07720,EAS,0.3080403134704807,Q2_LowVuln,0
IND_07721,SAS,0.5271915438161452,Q3_MedVuln,0
IND_07722,SAS,0.6925398609985053,Q3_MedVuln,0
IND_07723,SAS,0.22813005271472087,Q1_LowestVuln,0
IND_07724,AFR,0.2609506476432177,Q2_LowVuln,0
IND_07725,AMR,0.2632125971196899,Q2_LowVuln,0
IND_07726,EAS,0.0997296545229551,Q1_LowestVuln,0
IND_07727,AFR,0.613484180459315,Q3_MedVuln,0
IND_07728,AMR,0.7670746901553177,Q4_HighestVuln,1
IND_07729,AFR,0.5456687760505962,Q3_MedVuln,0
IND_07730,EUR,0.5771305853383167,Q3_MedVuln,0
IND_07731,EUR,0.45164156272192835,Q2_LowVuln,0
IND_07732,AFR,0.6790482994246809,Q3_MedVuln,0
IND_07733,EUR,0.514868694459964,Q3_MedVuln,0
IND_07734,AFR,0.748862787215616,Q3_MedVuln,0
IND_07735,SAS,0.34164481267843083,Q2_LowVuln,0
IND_07736,AMR,0.5103867187377271,Q3_MedVuln,0
IND_07737,SAS,0.8301185229591095,Q4_HighestVuln,1
IND_07738,AFR,0.22003622223802455,Q1_LowestVuln,0
IND_07739,AFR,0.6386363701689558,Q3_MedVuln,0
IND_07740,AFR,0.4104277930476342,Q2_LowVuln,0
IND_07741,AFR,0.35087052709091326,Q2_LowVuln,0
IND_07742,SAS,0.3396115483669745,Q2_LowVuln,0
IND_07743,SAS,0.18686994504991064,Q1_LowestVuln,0
IND_07744,SAS,0.41778046253265577,Q2_LowVuln,0
IND_07745,EUR,0.5279149968723591,Q3_MedVuln,0
IND_07746,AFR,0.7472257337448706,Q3_MedVuln,0
IND_07747,AFR,0.5185258531037946,Q3_MedVuln,0
IND_07748,SAS,0.15240808376894277,Q1_LowestVuln,0
IND_07749,EUR,0.4862153607510302,Q2_LowVuln,0
IND_07750,SAS,0.37726308027155525,Q2_LowVuln,0
IND_07751,EAS,0.7461705579386438,Q3_MedVuln,0
IND_07752,EUR,0.34539725645671693,Q2_LowVuln,0
IND_07753,AFR,0.47205074011203463,Q2_LowVuln,0
IND_07754,AFR,0.7014418841110629,Q3_MedVuln,0
IND_07755,SAS,0.3286584961752906,Q2_LowVuln,0
IND_07756,AFR,0.6141579450058006,Q3_MedVuln,0
IND_07757,EUR,0.5455606088871405,Q3_MedVuln,0
IND_07758,EUR,0.0948879185677886,Q1_LowestVuln,0
IND_07759,SAS,0.6190237170681488,Q3_MedVuln,0
IND_07760,SAS,0.6797250371857002,Q3_MedVuln,0
IND_07761,AMR,0.7724855462100103,Q4_HighestVuln,1
IND_07762,EUR,0.5759267993734027,Q3_MedVuln,0
IND_07763,EAS,0.13338691378720044,Q1_LowestVuln,0
IND_07764,AMR,0.39628357013901044,Q2_LowVuln,0
IND_07765,AFR,0.9501855470406367,Q4_HighestVuln,1
IND_07766,SAS,0.13229599677593792,Q1_LowestVuln,0
IND_07767,SAS,0.17531055087686748,Q1_LowestVuln,0
IND_07768,SAS,0.650682459686055,Q3_MedVuln,0
IND_07769,AMR,0.422886393119857,Q2_LowVuln,0
IND_07770,AFR,0.8272530160752817,Q4_HighestVuln,1
IND_07771,EAS,0.19073852247836334,Q1_LowestVuln,0
IND_07772,EAS,0.271650689889404,Q2_LowVuln,0
IND_07773,AFR,0.30805525334603845,Q2_LowVuln,0
IND_07774,SAS,0.415626557718635,Q2_LowVuln,0
IND_07775,EAS,0.1588646172474859,Q1_LowestVuln,0
IND_07776,EAS,0.3240098592596545,Q2_LowVuln,0
IND_07777,AMR,0.7246136822564175,Q3_MedVuln,0
IND_07778,SAS,0.35048503505221723,Q2_LowVuln,0
IND_07779,EUR,0.2951585001415283,Q2_LowVuln,0
IND_07780,AMR,0.420833080985509,Q2_LowVuln,0
IND_07781,AMR,0.6357790979677682,Q3_MedVuln,0
IND_07782,EAS,0.6998731655422125,Q3_MedVuln,0
IND_07783,SAS,0.3477385814061947,Q2_LowVuln,0
IND_07784,EAS,0.17923948619827182,Q1_LowestVuln,0
IND_07785,EUR,0.07714321041224997,Q1_LowestVuln,0
IND_07786,SAS,0.17323532438573827,Q1_LowestVuln,0
IND_07787,SAS,0.6897201393320007,Q3_MedVuln,0
IND_07788,EAS,0.824424113604522,Q4_HighestVuln,1
IND_07789,AFR,0.9017953582726692,Q4_HighestVuln,1
IND_07790,EAS,0.3120580349973206,Q2_LowVuln,0
IND_07791,AFR,0.8132930746854922,Q4_HighestVuln,1
IND_07792,EUR,0.23969233241842455,Q1_LowestVuln,0
IND_07793,EAS,0.8664095564250112,Q4_HighestVuln,1
IND_07794,AMR,0.6253269564802492,Q3_MedVuln,0
IND_07795,EUR,0.5427287291231028,Q3_MedVuln,0
IND_07796,EUR,0.371135701640304,Q2_LowVuln,0
IND_07797,EUR,0.5524920811609904,Q3_MedVuln,0
IND_07798,AFR,0.5617890028206782,Q3_MedVuln,0
IND_07799,AFR,0.5606326119027931,Q3_MedVuln,0
IND_07800,AFR,0.5554662589085146,Q3_MedVuln,0
IND_07801,AFR,0.5265770210375589,Q3_MedVuln,0
IND_07802,AFR,0.7415115664340038,Q3_MedVuln,0
IND_07803,AFR,0.6060738095447328,Q3_MedVuln,0
IND_07804,EUR,0.3294159917032874,Q2_LowVuln,0
IND_07805,SAS,0.19373326321288425,Q1_LowestVuln,0
IND_07806,AMR,0.3760576462287234,Q2_LowVuln,0
IND_07807,EAS,0.2640304560395877,Q2_LowVuln,0
IND_07808,EUR,0.18594720840176013,Q1_LowestVuln,0
IND_07809,EAS,0.4037103882650161,Q2_LowVuln,0
IND_07810,SAS,0.40181916104293514,Q2_LowVuln,0
IND_07811,SAS,0.8103626477157557,Q4_HighestVuln,1
IND_07812,EAS,0.5288693374831596,Q3_MedVuln,0
IND_07813,AFR,0.8843238416302523,Q4_HighestVuln,1
IND_07814,AFR,0.7206465517974097,Q3_MedVuln,0
IND_07815,SAS,0.9735681122159571,Q4_HighestVuln,1
IND_07816,AFR,0.20307749582493753,Q1_LowestVuln,0
IND_07817,AMR,0.7179665607449033,Q3_MedVuln,0
IND_07818,AMR,0.8894557844659432,Q4_HighestVuln,1
IND_07819,EAS,0.8278768094827693,Q4_HighestVuln,1
IND_07820,SAS,0.16855089771420287,Q1_LowestVuln,0
IND_07821,SAS,0.568702072220277,Q3_MedVuln,0
IND_07822,EUR,0.35914083255561774,Q2_LowVuln,0
IND_07823,EAS,0.1935821307133052,Q1_LowestVuln,0
IND_07824,EUR,0.18265454147614293,Q1_LowestVuln,0
IND_07825,AMR,0.9133826471949261,Q4_HighestVuln,1
IND_07826,EUR,0.35504316576342276,Q2_LowVuln,0
IND_07827,AFR,0.676585636101148,Q3_MedVuln,0
IND_07828,EUR,0.5873332868355159,Q3_MedVuln,0
IND_07829,AMR,0.44391328485272424,Q2_LowVuln,0
IND_07830,SAS,0.33810737035222654,Q2_LowVuln,0
IND_07831,EUR,0.15686305764722297,Q1_LowestVuln,0
IND_07832,EUR,0.4692032855913674,Q2_LowVuln,0
IND_07833,AMR,0.3864805591503874,Q2_LowVuln,0
IND_07834,AFR,0.37764566508255376,Q2_LowVuln,0
IND_07835,EUR,0.4413182667963687,Q2_LowVuln,0
IND_07836,EAS,0.18930983932069786,Q1_LowestVuln,0
IND_07837,AFR,0.6173412514734692,Q3_MedVuln,0
IND_07838,EAS,0.4264009591931362,Q2_LowVuln,0
IND_07839,EUR,0.7929412297863174,Q4_HighestVuln,1
IND_07840,EAS,0.024730382402839944,Q1_LowestVuln,0
IND_07841,EAS,0.6367636103240512,Q3_MedVuln,0
IND_07842,AFR,0.2843898366728447,Q2_LowVuln,0
IND_07843,AFR,0.3890642913453309,Q2_LowVuln,0
IND_07844,EAS,0.361341222147329,Q2_LowVuln,0
IND_07845,EAS,0.4110114626078821,Q2_LowVuln,0
IND_07846,SAS,0.4158794379544807,Q2_LowVuln,0
IND_07847,SAS,0.7239565672647478,Q3_MedVuln,0
IND_07848,EUR,0.15346334179631305,Q1_LowestVuln,0
IND_07849,EAS,0.5128793639288698,Q3_MedVuln,0
IND_07850,SAS,0.3867601409997368,Q2_LowVuln,0
IND_07851,EUR,0.7734208633370661,Q4_HighestVuln,1
IND_07852,EAS,0.8416804938847703,Q4_HighestVuln,1
IND_07853,AFR,0.8822973948284358,Q4_HighestVuln,1
IND_07854,EUR,0.3293383114014973,Q2_LowVuln,0
IND_07855,EAS,0.5956788468759577,Q3_MedVuln,0
IND_07856,AMR,0.6201865432844367,Q3_MedVuln,0
IND_07857,AFR,0.6494322539498478,Q3_MedVuln,0
IND_07858,AFR,0.4591901910434256,Q2_LowVuln,0
IND_07859,EAS,0.7874390200062258,Q4_HighestVuln,1
IND_07860,AFR,0.21756902321645094,Q1_LowestVuln,0
IND_07861,AFR,0.5247624886875936,Q3_MedVuln,0
IND_07862,EUR,0.2086105469272674,Q1_LowestVuln,0
IND_07863,AFR,0.7441802298273776,Q3_MedVuln,0
IND_07864,EUR,0.28140029684281254,Q2_LowVuln,0
IND_07865,AMR,0.54492960512035,Q3_MedVuln,0
IND_07866,AMR,0.8275062167024236,Q4_HighestVuln,1
IND_07867,EUR,0.42801591875581463,Q2_LowVuln,0
IND_07868,AFR,0.6345279116271987,Q3_MedVuln,0
IND_07869,EAS,0.08856218457818664,Q1_LowestVuln,0
IND_07870,EUR,0.5953111722435225,Q3_MedVuln,0
IND_07871,EUR,0.3219794892492222,Q2_LowVuln,0
IND_07872,AFR,0.6971224800828439,Q3_MedVuln,0
IND_07873,SAS,0.6898872492816223,Q3_MedVuln,0
IND_07874,AFR,0.221934992826086,Q1_LowestVuln,0
IND_07875,EUR,0.031693068614753,Q1_LowestVuln,0
IND_07876,SAS,0.44556893943395015,Q2_LowVuln,0
IND_07877,SAS,0.1974402044504344,Q1_LowestVuln,0
IND_07878,SAS,0.3973070139850723,Q2_LowVuln,0
IND_07879,EUR,0.16746147376992193,Q1_LowestVuln,0
IND_07880,EAS,0.30134461713613553,Q2_LowVuln,0
IND_07881,EUR,0.016671488048078713,Q1_LowestVuln,0
IND_07882,EUR,0.27778513098699353,Q2_LowVuln,0
IND_07883,AFR,0.7622455191038191,Q4_HighestVuln,1
IND_07884,AFR,0.749479825954177,Q3_MedVuln,0
IND_07885,AFR,0.5378408871383403,Q3_MedVuln,0
IND_07886,AFR,0.433256957554454,Q2_LowVuln,0
IND_07887,EAS,0.42803664729957497,Q2_LowVuln,0
IND_07888,SAS,0.43150608457915474,Q2_LowVuln,0
IND_07889,EAS,0.8235745372180426,Q4_HighestVuln,1
IND_07890,AMR,0.24288890154542428,Q1_LowestVuln,0
IND_07891,AFR,0.3457893204155898,Q2_LowVuln,0
IND_07892,SAS,0.6148043877931944,Q3_MedVuln,0
IND_07893,EUR,0.8285128111697525,Q4_HighestVuln,1
IND_07894,EUR,0.48391943960094,Q2_LowVuln,0
IND_07895,AFR,0.9354194919350438,Q4_HighestVuln,1
IND_07896,AMR,0.52172272145671,Q3_MedVuln,0
IND_07897,EUR,0.24624354256225922,Q1_LowestVuln,0
IND_07898,EAS,0.6401203524120669,Q3_MedVuln,0
IND_07899,SAS,0.25429490571823576,Q2_LowVuln,0
IND_07900,AFR,0.7688454719410454,Q4_HighestVuln,1
IND_07901,AFR,0.870702165455579,Q4_HighestVuln,1
IND_07902,AFR,0.47686410487625164,Q2_LowVuln,0
IND_07903,AMR,0.8199365623141622,Q4_HighestVuln,1
IND_07904,EUR,0.08504360219172365,Q1_LowestVuln,0
IND_07905,EUR,0.1472095103078181,Q1_LowestVuln,0
IND_07906,SAS,0.878043919616847,Q4_HighestVuln,1
IND_07907,EAS,0.4801340333146769,Q2_LowVuln,0
IND_07908,AFR,0.26117691963729994,Q2_LowVuln,0
IND_07909,EUR,0.2800465721764011,Q2_LowVuln,0
IND_07910,EAS,0.6754703803903185,Q3_MedVuln,0
IND_07911,SAS,0.327100150415671,Q2_LowVuln,0
IND_07912,AMR,0.7090473983698655,Q3_MedVuln,0
IND_07913,AFR,0.3943402509066122,Q2_LowVuln,0
IND_07914,AMR,0.8441897703532651,Q4_HighestVuln,1
IND_07915,EUR,0.4580912748424221,Q2_LowVuln,0
IND_07916,AFR,0.6958627489011643,Q3_MedVuln,0
IND_07917,AFR,0.6187036899413489,Q3_MedVuln,0
IND_07918,AFR,0.868678182901119,Q4_HighestVuln,1
IND_07919,SAS,0.6427502425836955,Q3_MedVuln,0
IND_07920,EAS,0.179833203928738,Q1_LowestVuln,0
IND_07921,AFR,0.649503625399936,Q3_MedVuln,0
IND_07922,AFR,0.6615055112245669,Q3_MedVuln,0
IND_07923,EAS,0.3664396524209271,Q2_LowVuln,0
IND_07924,AFR,0.8023555705372727,Q4_HighestVuln,1
IND_07925,EUR,0.31592185414303914,Q2_LowVuln,0
IND_07926,AFR,0.7966371966930947,Q4_HighestVuln,1
IND_07927,EAS,0.3379804959919732,Q2_LowVuln,0
IND_07928,AFR,0.6831159199590366,Q3_MedVuln,0
IND_07929,SAS,0.20457221428968803,Q1_LowestVuln,0
IND_07930,EUR,0.28815524086698646,Q2_LowVuln,0
IND_07931,EUR,0.5467776293998565,Q3_MedVuln,0
IND_07932,AFR,0.4535688689512922,Q2_LowVuln,0
IND_07933,AFR,0.8099836022593031,Q4_HighestVuln,1
IND_07934,EAS,0.36677056737883584,Q2_LowVuln,0
IND_07935,AFR,0.8708014071542239,Q4_HighestVuln,1
IND_07936,EAS,0.30101713225475646,Q2_LowVuln,0
IND_07937,EUR,0.21588789236472938,Q1_LowestVuln,0
IND_07938,AFR,0.6193467319654616,Q3_MedVuln,0
IND_07939,AMR,0.7561283317800188,Q4_HighestVuln,1
IND_07940,EUR,0.2161161956512009,Q1_LowestVuln,0
IND_07941,EUR,0.3886502967545882,Q2_LowVuln,0
IND_07942,AFR,0.8663167079825492,Q4_HighestVuln,1
IND_07943,EAS,0.15651161860490112,Q1_LowestVuln,0
IND_07944,AMR,0.8733493336681741,Q4_HighestVuln,1
IND_07945,AMR,0.8103020412655749,Q4_HighestVuln,1
IND_07946,SAS,0.33318596500280157,Q2_LowVuln,0
IND_07947,AMR,0.343001027300379,Q2_LowVuln,0
IND_07948,EAS,0.3825570022896159,Q2_LowVuln,0
IND_07949,EUR,0.15007783213061934,Q1_LowestVuln,0
IND_07950,SAS,0.44577219646821087,Q2_LowVuln,0
IND_07951,AMR,0.8556614558823687,Q4_HighestVuln,1
IND_07952,EUR,0.5938852266153299,Q3_MedVuln,0
IND_07953,AFR,0.7239423790632842,Q3_MedVuln,0
IND_07954,EUR,0.30069091503647777,Q2_LowVuln,0
IND_07955,EUR,0.5712772422888748,Q3_MedVuln,0
IND_07956,EAS,0.3926546326047005,Q2_LowVuln,0
IND_07957,SAS,0.36226898275451574,Q2_LowVuln,0
IND_07958,AFR,0.9187750186736967,Q4_HighestVuln,1
IND_07959,SAS,0.8583239177613063,Q4_HighestVuln,1
IND_07960,EUR,0.8567827101214422,Q4_HighestVuln,1
IND_07961,EUR,0.27667786233060926,Q2_LowVuln,0
IND_07962,AFR,0.3967021116818122,Q2_LowVuln,0
IND_07963,AFR,0.6209144254103548,Q3_MedVuln,0
IND_07964,AFR,0.6014080906995941,Q3_MedVuln,0
IND_07965,EUR,0.46582182978588665,Q2_LowVuln,0
IND_07966,EAS,0.14892053321011617,Q1_LowestVuln,0
IND_07967,EUR,0.4638242721963966,Q2_LowVuln,0
IND_07968,AMR,0.5807847490297129,Q3_MedVuln,0
IND_07969,SAS,0.23894931834070388,Q1_LowestVuln,0
IND_07970,AMR,0.8551660767894341,Q4_HighestVuln,1
IND_07971,AMR,0.8139180708464122,Q4_HighestVuln,1
IND_07972,EAS,0.4937731689706742,Q2_LowVuln,0
IND_07973,EUR,0.33498710148098465,Q2_LowVuln,0
IND_07974,SAS,0.630509380116878,Q3_MedVuln,0
IND_07975,AFR,0.32428009526481055,Q2_LowVuln,0
IND_07976,AFR,0.5313504490642043,Q3_MedVuln,0
IND_07977,EUR,0.1973889730905346,Q1_LowestVuln,0
IND_07978,EUR,0.22145031079757824,Q1_LowestVuln,0
IND_07979,EAS,0.6712243788758743,Q3_MedVuln,0
IND_07980,AFR,0.7816194991757373,Q4_HighestVuln,1
IND_07981,EUR,0.2973580785872709,Q2_LowVuln,0
IND_07982,SAS,0.40463311799167123,Q2_LowVuln,0
IND_07983,EUR,0.0830644060661988,Q1_LowestVuln,0
IND_07984,EUR,0.2432917026776938,Q1_LowestVuln,0
IND_07985,AFR,0.38377993021306167,Q2_LowVuln,0
IND_07986,EUR,0.36463248783066604,Q2_LowVuln,0
IND_07987,AMR,0.9007119576341898,Q4_HighestVuln,1
IND_07988,AFR,0.8934481773313976,Q4_HighestVuln,1
IND_07989,AFR,0.2432426218696718,Q1_LowestVuln,0
IND_07990,SAS,0.24846981317352332,Q1_LowestVuln,0
IND_07991,AFR,0.43948509946456543,Q2_LowVuln,0
IND_07992,EUR,0.491003809667888,Q2_LowVuln,0
IND_07993,EAS,0.49281814561527176,Q2_LowVuln,0
IND_07994,SAS,0.9431311984220461,Q4_HighestVuln,1
IND_07995,EUR,0.26521499584993596,Q2_LowVuln,0
IND_07996,AMR,0.46861223940880137,Q2_LowVuln,0
IND_07997,AFR,0.3105824908606118,Q2_LowVuln,0
IND_07998,EUR,0.3713428292112112,Q2_LowVuln,0
IND_07999,AFR,0.4274195796591559,Q2_LowVuln,0
IND_08000,SAS,0.4195746252305508,Q2_LowVuln,0
IND_08001,EUR,0.20294025741658747,Q1_LowestVuln,0
IND_08002,AFR,0.8686094625995286,Q4_HighestVuln,1
IND_08003,AMR,0.5067069024312423,Q3_MedVuln,0
IND_08004,AMR,0.7311713214190526,Q3_MedVuln,0
IND_08005,EUR,0.2004482719923317,Q1_LowestVuln,0
IND_08006,SAS,0.7376637279310727,Q3_MedVuln,0
IND_08007,AMR,0.6829881118613126,Q3_MedVuln,0
IND_08008,EUR,0.539547058336831,Q3_MedVuln,0
IND_08009,AFR,0.8858834945269836,Q4_HighestVuln,1
IND_08010,EAS,0.5432017433478918,Q3_MedVuln,0
IND_08011,AFR,0.5043273829551942,Q3_MedVuln,0
IND_08012,EAS,0.7502391560989758,Q4_HighestVuln,1
IND_08013,EAS,0.29424052160333986,Q2_LowVuln,0
IND_08014,EAS,0.5978827421101498,Q3_MedVuln,0
IND_08015,AFR,0.5629620447011986,Q3_MedVuln,0
IND_08016,EUR,0.20743564634716766,Q1_LowestVuln,0
IND_08017,EAS,0.3685672383854285,Q2_LowVuln,0
IND_08018,EUR,0.5254192389724809,Q3_MedVuln,0
IND_08019,AFR,0.42007626845609136,Q2_LowVuln,0
IND_08020,AMR,0.6209460234101303,Q3_MedVuln,0
IND_08021,AFR,0.6312482364032047,Q3_MedVuln,0
IND_08022,SAS,0.5186714156021217,Q3_MedVuln,0
IND_08023,EUR,0.20512475248190537,Q1_LowestVuln,0
IND_08024,AFR,0.42261617101923155,Q2_LowVuln,0
IND_08025,AMR,0.6008643286710095,Q3_MedVuln,0
IND_08026,EAS,0.26998699848846786,Q2_LowVuln,0
IND_08027,SAS,0.42337270461524634,Q2_LowVuln,0
IND_08028,EAS,0.12287812793162983,Q1_LowestVuln,0
IND_08029,AMR,0.7048593562123839,Q3_MedVuln,0
IND_08030,EAS,0.5957607965109805,Q3_MedVuln,0
IND_08031,AFR,0.8413092236023412,Q4_HighestVuln,1
IND_08032,AMR,0.7239316946278527,Q3_MedVuln,0
IND_08033,EUR,0.33384290660470023,Q2_LowVuln,0
IND_08034,EUR,0.36620628031552377,Q2_LowVuln,0
IND_08035,SAS,0.6879340609003958,Q3_MedVuln,0
IND_08036,SAS,0.658115418232082,Q3_MedVuln,0
IND_08037,AFR,0.5673448264800999,Q3_MedVuln,0
IND_08038,AMR,0.991405780792921,Q4_HighestVuln,1
IND_08039,EUR,0.2615748859946148,Q2_LowVuln,0
IND_08040,EAS,0.6166358808471688,Q3_MedVuln,0
IND_08041,EUR,0.6561330675722195,Q3_MedVuln,0
IND_08042,SAS,0.5187360919526787,Q3_MedVuln,0
IND_08043,EUR,0.2024837112009124,Q1_LowestVuln,0
IND_08044,AMR,0.8977611477874743,Q4_HighestVuln,1
IND_08045,AFR,0.5265024079572252,Q3_MedVuln,0
IND_08046,AFR,0.3902340444719329,Q2_LowVuln,0
IND_08047,SAS,0.159501159924636,Q1_LowestVuln,0
IND_08048,AMR,0.8078664639416865,Q4_HighestVuln,1
IND_08049,AMR,0.9265462603214413,Q4_HighestVuln,1
IND_08050,AFR,0.46530400508107356,Q2_LowVuln,0
IND_08051,AFR,0.8178181419502921,Q4_HighestVuln,1
IND_08052,AFR,0.9487830616798543,Q4_HighestVuln,1
IND_08053,EUR,0.266348189564486,Q2_LowVuln,0
IND_08054,SAS,0.805682196661822,Q4_HighestVuln,1
IND_08055,SAS,0.7958291155472885,Q4_HighestVuln,1
IND_08056,SAS,0.614909315291158,Q3_MedVuln,0
IND_08057,AMR,0.760700727716485,Q4_HighestVuln,1
IND_08058,EUR,0.5236195600011991,Q3_MedVuln,0
IND_08059,AFR,0.11337430940066155,Q1_LowestVuln,0
IND_08060,EAS,0.2838195176748978,Q2_LowVuln,0
IND_08061,EAS,0.29618212694863183,Q2_LowVuln,0
IND_08062,AMR,0.9016332813321801,Q4_HighestVuln,1
IND_08063,EUR,0.7906971073680662,Q4_HighestVuln,1
IND_08064,EAS,0.374050333169791,Q2_LowVuln,0
IND_08065,AMR,0.5527216959087362,Q3_MedVuln,0
IND_08066,EUR,0.12050485877903853,Q1_LowestVuln,0
IND_08067,AFR,0.9523874809243205,Q4_HighestVuln,1
IND_08068,EUR,0.3782043409279472,Q2_LowVuln,0
IND_08069,AFR,0.48243475570017713,Q2_LowVuln,0
IND_08070,SAS,0.3890629910266128,Q2_LowVuln,0
IND_08071,AFR,0.6743397540935397,Q3_MedVuln,0
IND_08072,AFR,0.909760871907566,Q4_HighestVuln,1
IND_08073,SAS,0.6166616435693596,Q3_MedVuln,0
IND_08074,EUR,0.5798097519496191,Q3_MedVuln,0
IND_08075,AFR,0.5342085957293707,Q3_MedVuln,0
IND_08076,SAS,0.20678743148179038,Q1_LowestVuln,0
IND_08077,EAS,0.5819671477216661,Q3_MedVuln,0
IND_08078,EUR,0.2682901988428433,Q2_LowVuln,0
IND_08079,SAS,0.7907483408805577,Q4_HighestVuln,1
IND_08080,EUR,0.3333625889850963,Q2_LowVuln,0
IND_08081,AFR,0.8148629205140318,Q4_HighestVuln,1
IND_08082,EUR,0.4197628725816929,Q2_LowVuln,0
IND_08083,AMR,0.8224668346726174,Q4_HighestVuln,1
IND_08084,EUR,0.331695483355489,Q2_LowVuln,0
IND_08085,EAS,0.5707901955965211,Q3_MedVuln,0
IND_08086,AFR,0.5861643350743407,Q3_MedVuln,0
IND_08087,EUR,0.16318790648347203,Q1_LowestVuln,0
IND_08088,AFR,0.37944834351458356,Q2_LowVuln,0
IND_08089,AMR,0.9250374438373545,Q4_HighestVuln,1
IND_08090,AFR,0.9581783029165882,Q4_HighestVuln,1
IND_08091,SAS,0.5329263718267175,Q3_MedVuln,0
IND_08092,EAS,0.49252020131115404,Q2_LowVuln,0
IND_08093,SAS,0.5288133641509106,Q3_MedVuln,0
IND_08094,AFR,0.44004220241372144,Q2_LowVuln,0
IND_08095,AFR,0.6170605218680563,Q3_MedVuln,0
IND_08096,AFR,0.7738668366922675,Q4_HighestVuln,1
IND_08097,EAS,0.5734033015907606,Q3_MedVuln,0
IND_08098,EUR,0.36570079516194015,Q2_LowVuln,0
IND_08099,AFR,0.8453689771542557,Q4_HighestVuln,1
IND_08100,SAS,0.5706687825899017,Q3_MedVuln,0
IND_08101,AFR,0.7588513799814102,Q4_HighestVuln,1
IND_08102,AFR,0.49490696553170693,Q2_LowVuln,0
IND_08103,SAS,0.475924605481264,Q2_LowVuln,0
IND_08104,EAS,0.42433532248707995,Q2_LowVuln,0
IND_08105,AFR,0.540375604444429,Q3_MedVuln,0
IND_08106,AFR,0.934315057137711,Q4_HighestVuln,1
IND_08107,AMR,0.6118809145202145,Q3_MedVuln,0
IND_08108,EUR,0.39260246802232207,Q2_LowVuln,0
IND_08109,EAS,0.1536211877423241,Q1_LowestVuln,0
IND_08110,EUR,0.6391834848856864,Q3_MedVuln,0
IND_08111,AFR,0.521702607553616,Q3_MedVuln,0
IND_08112,SAS,0.46931531815281585,Q2_LowVuln,0
IND_08113,AFR,0.1899803878091129,Q1_LowestVuln,0
IND_08114,EUR,0.318215461269618,Q2_LowVuln,0
IND_08115,EUR,0.28816721664678163,Q2_LowVuln,0
IND_08116,AFR,0.5773034376652423,Q3_MedVuln,0
IND_08117,SAS,0.5368081997422235,Q3_MedVuln,0
IND_08118,AFR,0.8842047927225787,Q4_HighestVuln,1
IND_08119,SAS,0.45381261027375897,Q2_LowVuln,0
IND_08120,SAS,0.5052883888281505,Q3_MedVuln,0
IND_08121,EAS,0.645640894289129,Q3_MedVuln,0
IND_08122,AFR,0.5554195707897897,Q3_MedVuln,0
IND_08123,AFR,0.7412520229661259,Q3_MedVuln,0
IND_08124,EAS,0.6625680774956831,Q3_MedVuln,0
IND_08125,EUR,0.27780121138345654,Q2_LowVuln,0
IND_08126,EUR,0.42466000854240693,Q2_LowVuln,0
IND_08127,EAS,0.6320662217368024,Q3_MedVuln,0
IND_08128,AMR,0.7797687291300963,Q4_HighestVuln,1
IND_08129,AFR,0.25516936684741603,Q2_LowVuln,0
IND_08130,AMR,0.4101768058364452,Q2_LowVuln,0
IND_08131,AFR,0.5957373767064142,Q3_MedVuln,0
IND_08132,AFR,0.9792918115070421,Q4_HighestVuln,1
IND_08133,AFR,0.7273048939087545,Q3_MedVuln,0
IND_08134,EAS,0.37863160365055804,Q2_LowVuln,0
IND_08135,EAS,0.04783088359354022,Q1_LowestVuln,0
IND_08136,SAS,0.6203717481441079,Q3_MedVuln,0
IND_08137,EUR,0.46021756094256006,Q2_LowVuln,0
IND_08138,EUR,0.7047912605811855,Q3_MedVuln,0
IND_08139,EUR,0.1817139628427326,Q1_LowestVuln,0
IND_08140,EAS,0.43616422940928895,Q2_LowVuln,0
IND_08141,EAS,0.7126990713285363,Q3_MedVuln,0
IND_08142,EAS,0.3251604146498704,Q2_LowVuln,0
IND_08143,EUR,0.5757981185987557,Q3_MedVuln,0
IND_08144,EUR,0.18414239922347755,Q1_LowestVuln,0
IND_08145,SAS,0.46879148279714744,Q2_LowVuln,0
IND_08146,AFR,0.37467253944306966,Q2_LowVuln,0
IND_08147,AFR,0.4990365002931121,Q2_LowVuln,0
IND_08148,EAS,0.23340004392526253,Q1_LowestVuln,0
IND_08149,SAS,0.410473999661006,Q2_LowVuln,0
IND_08150,EUR,0.4173175727457272,Q2_LowVuln,0
IND_08151,AMR,0.315815731059454,Q2_LowVuln,0
IND_08152,AFR,0.7345838930134457,Q3_MedVuln,0
IND_08153,AMR,0.2376943384312255,Q1_LowestVuln,0
IND_08154,EUR,0.4399355814492457,Q2_LowVuln,0
IND_08155,EUR,0.4617662140888436,Q2_LowVuln,0
IND_08156,SAS,0.654664156609832,Q3_MedVuln,0
IND_08157,AFR,0.5424415939790661,Q3_MedVuln,0
IND_08158,EUR,0.1659503907061083,Q1_LowestVuln,0
IND_08159,EUR,0.16057556417090876,Q1_LowestVuln,0
IND_08160,AFR,0.9568349759626416,Q4_HighestVuln,1
IND_08161,SAS,0.8896895550861467,Q4_HighestVuln,1
IND_08162,SAS,0.2669144289631251,Q2_LowVuln,0
IND_08163,EUR,0.42795610147262503,Q2_LowVuln,0
IND_08164,SAS,0.7429023407001691,Q3_MedVuln,0
IND_08165,AMR,0.8931239922496893,Q4_HighestVuln,1
IND_08166,EUR,0.06198850880910451,Q1_LowestVuln,0
IND_08167,EUR,0.7315098991591356,Q3_MedVuln,0
IND_08168,SAS,0.25667297487599666,Q2_LowVuln,0
IND_08169,AFR,0.7173975512541454,Q3_MedVuln,0
IND_08170,AFR,0.8207398372362765,Q4_HighestVuln,1
IND_08171,AFR,0.5136826527074239,Q3_MedVuln,0
IND_08172,SAS,0.39379839473746764,Q2_LowVuln,0
IND_08173,EUR,0.505534878652932,Q3_MedVuln,0
IND_08174,EAS,0.5627459218352064,Q3_MedVuln,0
IND_08175,AFR,0.9577878638728964,Q4_HighestVuln,1
IND_08176,EUR,0.46381100994290547,Q2_LowVuln,0
IND_08177,AFR,0.3682985479884534,Q2_LowVuln,0
IND_08178,SAS,0.6705702585546242,Q3_MedVuln,0
IND_08179,SAS,0.6817071478390636,Q3_MedVuln,0
IND_08180,SAS,0.8516925666804832,Q4_HighestVuln,1
IND_08181,AFR,0.2994389003047449,Q2_LowVuln,0
IND_08182,AFR,0.3779512846115547,Q2_LowVuln,0
IND_08183,AFR,0.4470603954500738,Q2_LowVuln,0
IND_08184,AMR,0.5063908639643844,Q3_MedVuln,0
IND_08185,AFR,0.5545803564774515,Q3_MedVuln,0
IND_08186,AFR,0.3750753727964186,Q2_LowVuln,0
IND_08187,AMR,0.7414189375727922,Q3_MedVuln,0
IND_08188,EAS,0.018339401286005773,Q1_LowestVuln,0
IND_08189,AFR,0.4463880889210062,Q2_LowVuln,0
IND_08190,EUR,0.345656940479106,Q2_LowVuln,0
IND_08191,AMR,0.4143431545305485,Q2_LowVuln,0
IND_08192,EAS,0.6838908240980058,Q3_MedVuln,0
IND_08193,AFR,0.9265458435920906,Q4_HighestVuln,1
IND_08194,AFR,0.6429708372352261,Q3_MedVuln,0
IND_08195,EAS,0.48519948712822597,Q2_LowVuln,0
IND_08196,AMR,0.802778853072387,Q4_HighestVuln,1
IND_08197,EUR,0.33240210130651243,Q2_LowVuln,0
IND_08198,EAS,0.5708210471963906,Q3_MedVuln,0
IND_08199,EAS,0.3722767849113293,Q2_LowVuln,0
IND_08200,EUR,0.3482258429136296,Q2_LowVuln,0
IND_08201,EUR,0.11052952794722119,Q1_LowestVuln,0
IND_08202,EUR,0.627469190773558,Q3_MedVuln,0
IND_08203,SAS,0.3353470130034969,Q2_LowVuln,0
IND_08204,AFR,0.24798418690383886,Q1_LowestVuln,0
IND_08205,SAS,0.3760798700887996,Q2_LowVuln,0
IND_08206,AMR,0.8690247570456769,Q4_HighestVuln,1
IND_08207,SAS,0.35758314099249244,Q2_LowVuln,0
IND_08208,SAS,0.3234046660892562,Q2_LowVuln,0
IND_08209,AMR,0.7857873718363519,Q4_HighestVuln,1
IND_08210,AMR,0.6777348871216794,Q3_MedVuln,0
IND_08211,EAS,0.17733456945763335,Q1_LowestVuln,0
IND_08212,SAS,0.8224578601325223,Q4_HighestVuln,1
IND_08213,SAS,0.846949250807131,Q4_HighestVuln,1
IND_08214,SAS,0.4324413529317744,Q2_LowVuln,0
IND_08215,EAS,0.7170846387376563,Q3_MedVuln,0
IND_08216,SAS,0.43379841105267847,Q2_LowVuln,0
IND_08217,EUR,0.28103668971662416,Q2_LowVuln,0
IND_08218,SAS,0.8550221021265905,Q4_HighestVuln,1
IND_08219,EUR,0.628636422648898,Q3_MedVuln,0
IND_08220,EUR,0.2360717754245904,Q1_LowestVuln,0
IND_08221,EUR,0.5873660684256745,Q3_MedVuln,0
IND_08222,EAS,0.8193647902362683,Q4_HighestVuln,1
IND_08223,AFR,0.5859234510635768,Q3_MedVuln,0
IND_08224,EAS,0.6559472112397795,Q3_MedVuln,0
IND_08225,EUR,0.3159148983123694,Q2_LowVuln,0
IND_08226,EUR,0.3881308038957712,Q2_LowVuln,0
IND_08227,EAS,0.7048396992414079,Q3_MedVuln,0
IND_08228,EAS,0.48127875960440464,Q2_LowVuln,0
IND_08229,AMR,0.28366407936968946,Q2_LowVuln,0
IND_08230,EAS,0.3188113170467418,Q2_LowVuln,0
IND_08231,SAS,0.42874414316307324,Q2_LowVuln,0
IND_08232,EUR,0.2665773727924981,Q2_LowVuln,0
IND_08233,EAS,0.549662995096822,Q3_MedVuln,0
IND_08234,SAS,0.43982094574200314,Q2_LowVuln,0
IND_08235,AFR,0.4848956792553415,Q2_LowVuln,0
IND_08236,EAS,0.34337212958103697,Q2_LowVuln,0
IND_08237,EAS,0.5642635889735945,Q3_MedVuln,0
IND_08238,EAS,0.5578760870064982,Q3_MedVuln,0
IND_08239,EAS,0.1337848821490712,Q1_LowestVuln,0
IND_08240,AFR,0.5689666912680336,Q3_MedVuln,0
IND_08241,AMR,0.7167956661107504,Q3_MedVuln,0
IND_08242,EUR,0.06730807315115246,Q1_LowestVuln,0
IND_08243,SAS,0.5101937587540375,Q3_MedVuln,0
IND_08244,EAS,0.4519564794820832,Q2_LowVuln,0
IND_08245,SAS,0.658931126258434,Q3_MedVuln,0
IND_08246,EAS,0.7249045381029843,Q3_MedVuln,0
IND_08247,AMR,0.4421464952031931,Q2_LowVuln,0
IND_08248,AFR,0.5071988435518627,Q3_MedVuln,0
IND_08249,EUR,0.23344902634393497,Q1_LowestVuln,0
IND_08250,AFR,0.4020900473792106,Q2_LowVuln,0
IND_08251,EUR,0.6561858094523996,Q3_MedVuln,0
IND_08252,AMR,0.360110902647189,Q2_LowVuln,0
IND_08253,SAS,0.6640503249842202,Q3_MedVuln,0
IND_08254,AFR,0.48971466190047774,Q2_LowVuln,0
IND_08255,EAS,0.4954338225919204,Q2_LowVuln,0
IND_08256,SAS,0.43987649932975886,Q2_LowVuln,0
IND_08257,AMR,0.830827488552698,Q4_HighestVuln,1
IND_08258,EUR,0.5203558172452661,Q3_MedVuln,0
IND_08259,EUR,0.7171653636519724,Q3_MedVuln,0
IND_08260,AFR,0.6666339154583347,Q3_MedVuln,0
IND_08261,SAS,0.7621492024821198,Q4_HighestVuln,1
IND_08262,EAS,0.575705159608452,Q3_MedVuln,0
IND_08263,AFR,0.31226217590249944,Q2_LowVuln,0
IND_08264,EUR,0.16799303731366713,Q1_LowestVuln,0
IND_08265,EUR,0.4612696871382405,Q2_LowVuln,0
IND_08266,AFR,0.5661996598965537,Q3_MedVuln,0
IND_08267,AMR,0.10586865136522197,Q1_LowestVuln,0
IND_08268,EAS,0.6007324095296998,Q3_MedVuln,0
IND_08269,EAS,0.3937070824822214,Q2_LowVuln,0
IND_08270,AMR,0.5776734310665721,Q3_MedVuln,0
IND_08271,EUR,0.17424696935253883,Q1_LowestVuln,0
IND_08272,AFR,0.8394196065636979,Q4_HighestVuln,1
IND_08273,EUR,0.15818221992995382,Q1_LowestVuln,0
IND_08274,EAS,0.18649776916251556,Q1_LowestVuln,0
IND_08275,EUR,0.3642575354733049,Q2_LowVuln,0
IND_08276,AMR,0.3474157153379732,Q2_LowVuln,0
IND_08277,AFR,0.34654897083357966,Q2_LowVuln,0
IND_08278,EUR,0.22379038893734213,Q1_LowestVuln,0
IND_08279,EUR,0.3191900356637403,Q2_LowVuln,0
IND_08280,AFR,0.6467236400730862,Q3_MedVuln,0
IND_08281,EUR,0.3903517981074419,Q2_LowVuln,0
IND_08282,SAS,0.18832574575806993,Q1_LowestVuln,0
IND_08283,SAS,0.5186975912478641,Q3_MedVuln,0
IND_08284,EAS,0.2856677491838398,Q2_LowVuln,0
IND_08285,EUR,0.20020761106820845,Q1_LowestVuln,0
IND_08286,EUR,0.08824314075298705,Q1_LowestVuln,0
IND_08287,EAS,0.2819889030921718,Q2_LowVuln,0
IND_08288,SAS,0.3778233433124507,Q2_LowVuln,0
IND_08289,EAS,0.2278836316965179,Q1_LowestVuln,0
IND_08290,SAS,0.538849740631337,Q3_MedVuln,0
IND_08291,EAS,0.07918044230541,Q1_LowestVuln,0
IND_08292,AFR,0.6134241404125982,Q3_MedVuln,0
IND_08293,EAS,0.37642830229227214,Q2_LowVuln,0
IND_08294,AFR,0.8676316939404922,Q4_HighestVuln,1
IND_08295,EUR,0.6105995858672802,Q3_MedVuln,0
IND_08296,AFR,0.5494911653269702,Q3_MedVuln,0
IND_08297,AFR,0.927877803243148,Q4_HighestVuln,1
IND_08298,AFR,0.5519858590488187,Q3_MedVuln,0
IND_08299,SAS,0.9087376772149159,Q4_HighestVuln,1
IND_08300,EUR,0.234205292533369,Q1_LowestVuln,0
IND_08301,AFR,0.7428832330153196,Q3_MedVuln,0
IND_08302,SAS,0.6264987216854189,Q3_MedVuln,0
IND_08303,SAS,0.1799888426943299,Q1_LowestVuln,0
IND_08304,AMR,0.4108969657649421,Q2_LowVuln,0
IND_08305,AMR,0.4547151144138697,Q2_LowVuln,0
IND_08306,AFR,0.6015851787110514,Q3_MedVuln,0
IND_08307,SAS,0.5625742544963556,Q3_MedVuln,0
IND_08308,AFR,0.6473853410903692,Q3_MedVuln,0
IND_08309,EUR,0.5740515390531534,Q3_MedVuln,0
IND_08310,SAS,0.6807675226442748,Q3_MedVuln,0
IND_08311,SAS,0.27472261044483465,Q2_LowVuln,0
IND_08312,EUR,0.38894053605429296,Q2_LowVuln,0
IND_08313,AFR,0.2909302963542292,Q2_LowVuln,0
IND_08314,AFR,0.6580658687170865,Q3_MedVuln,0
IND_08315,EUR,0.43144494364712066,Q2_LowVuln,0
IND_08316,EAS,0.27352384939223423,Q2_LowVuln,0
IND_08317,AFR,0.5011427670633869,Q3_MedVuln,0
IND_08318,EUR,0.3623631791725023,Q2_LowVuln,0
IND_08319,EUR,0.1863443334760543,Q1_LowestVuln,0
IND_08320,SAS,0.5125243740103939,Q3_MedVuln,0
IND_08321,EUR,0.4468423707914156,Q2_LowVuln,0
IND_08322,SAS,0.5660917190468948,Q3_MedVuln,0
IND_08323,AMR,0.688872880669632,Q3_MedVuln,0
IND_08324,EAS,0.12459593404930401,Q1_LowestVuln,0
IND_08325,AFR,0.9589548414036346,Q4_HighestVuln,1
IND_08326,EAS,0.7902698853288405,Q4_HighestVuln,1
IND_08327,SAS,0.7487276131055275,Q3_MedVuln,0
IND_08328,AMR,0.7807916988053881,Q4_HighestVuln,1
IND_08329,SAS,0.3549700498088951,Q2_LowVuln,0
IND_08330,EUR,0.8358354474356747,Q4_HighestVuln,1
IND_08331,EAS,0.36377557298139435,Q2_LowVuln,0
IND_08332,EAS,0.16475400750296945,Q1_LowestVuln,0
IND_08333,EUR,0.41176833846265914,Q2_LowVuln,0
IND_08334,AMR,0.6003000023914895,Q3_MedVuln,0
IND_08335,EUR,0.6973657101707169,Q3_MedVuln,0
IND_08336,SAS,0.6245520133235695,Q3_MedVuln,0
IND_08337,EUR,0.3478948932044946,Q2_LowVuln,0
IND_08338,AFR,0.6211045716118107,Q3_MedVuln,0
IND_08339,EUR,0.4579101449878231,Q2_LowVuln,0
IND_08340,EAS,0.28022629350532274,Q2_LowVuln,0
IND_08341,EAS,0.37021497117934427,Q2_LowVuln,0
IND_08342,EUR,0.21055210312311406,Q1_LowestVuln,0
IND_08343,AFR,0.3799945947002017,Q2_LowVuln,0
IND_08344,AMR,0.8198926951796454,Q4_HighestVuln,1
IND_08345,SAS,0.8348138688630775,Q4_HighestVuln,1
IND_08346,AFR,0.48071156539924487,Q2_LowVuln,0
IND_08347,AFR,0.8602865377858309,Q4_HighestVuln,1
IND_08348,EAS,0.586084962115296,Q3_MedVuln,0
IND_08349,EAS,0.35966387462452476,Q2_LowVuln,0
IND_08350,SAS,0.36158386293082906,Q2_LowVuln,0
IND_08351,EUR,0.2576432749212068,Q2_LowVuln,0
IND_08352,EUR,0.5326913740266878,Q3_MedVuln,0
IND_08353,SAS,0.35880854938321327,Q2_LowVuln,0
IND_08354,EUR,0.7477242727633809,Q3_MedVuln,0
IND_08355,AMR,0.22554194562648175,Q1_LowestVuln,0
IND_08356,AFR,0.4192622647793411,Q2_LowVuln,0
IND_08357,EAS,0.6207010096732207,Q3_MedVuln,0
IND_08358,SAS,0.22709814135537457,Q1_LowestVuln,0
IND_08359,EAS,0.6167587262897442,Q3_MedVuln,0
IND_08360,SAS,0.22866701197435105,Q1_LowestVuln,0
IND_08361,EUR,0.3385485710608145,Q2_LowVuln,0
IND_08362,SAS,0.7138347733212907,Q3_MedVuln,0
IND_08363,SAS,0.8819414809557635,Q4_HighestVuln,1
IND_08364,EAS,0.37063422390950723,Q2_LowVuln,0
IND_08365,EAS,0.41447262362907666,Q2_LowVuln,0
IND_08366,AFR,0.5600421983397156,Q3_MedVuln,0
IND_08367,AFR,0.6773385074008975,Q3_MedVuln,0
IND_08368,EUR,0.026063637895419572,Q1_LowestVuln,0
IND_08369,SAS,0.8041416886113176,Q4_HighestVuln,1
IND_08370,EUR,0.18749283842473524,Q1_LowestVuln,0
IND_08371,EUR,0.4122703842481665,Q2_LowVuln,0
IND_08372,AMR,0.5407475152120813,Q3_MedVuln,0
IND_08373,EUR,0.5640183678482257,Q3_MedVuln,0
IND_08374,AFR,0.6170374061795657,Q3_MedVuln,0
IND_08375,SAS,0.6784986570072491,Q3_MedVuln,0
IND_08376,SAS,0.7823816355531178,Q4_HighestVuln,1
IND_08377,EAS,0.08044546192325254,Q1_LowestVuln,0
IND_08378,EAS,0.6586427189327134,Q3_MedVuln,0
IND_08379,EUR,0.19469323810073785,Q1_LowestVuln,0
IND_08380,SAS,0.8825551981842674,Q4_HighestVuln,1
IND_08381,EUR,0.2518968324485451,Q2_LowVuln,0
IND_08382,SAS,0.5956013963326148,Q3_MedVuln,0
IND_08383,AFR,0.19878151991873097,Q1_LowestVuln,0
IND_08384,AFR,0.5645816380797913,Q3_MedVuln,0
IND_08385,SAS,0.43549459646046007,Q2_LowVuln,0
IND_08386,SAS,0.6811735629962594,Q3_MedVuln,0
IND_08387,EUR,0.8263507277350358,Q4_HighestVuln,1
IND_08388,SAS,0.13632534478473912,Q1_LowestVuln,0
IND_08389,SAS,0.5329829384096826,Q3_MedVuln,0
IND_08390,AFR,0.7131375179039725,Q3_MedVuln,0
IND_08391,AMR,0.16866923556444016,Q1_LowestVuln,0
IND_08392,SAS,0.4139796767015879,Q2_LowVuln,0
IND_08393,AFR,0.5206474235447641,Q3_MedVuln,0
IND_08394,SAS,0.45316012703631836,Q2_LowVuln,0
IND_08395,AFR,0.4504136180712461,Q2_LowVuln,0
IND_08396,EAS,0.5521982090197928,Q3_MedVuln,0
IND_08397,EUR,0.38235445506839205,Q2_LowVuln,0
IND_08398,SAS,0.36749069255413075,Q2_LowVuln,0
IND_08399,EUR,0.6760513556170717,Q3_MedVuln,0
IND_08400,AMR,0.7898530717903985,Q4_HighestVuln,1
IND_08401,SAS,0.6660504478170467,Q3_MedVuln,0
IND_08402,EUR,0.2879693816712188,Q2_LowVuln,0
IND_08403,EUR,0.17845009000536532,Q1_LowestVuln,0
IND_08404,EAS,0.31402342071269246,Q2_LowVuln,0
IND_08405,SAS,0.5339737381616807,Q3_MedVuln,0
IND_08406,EUR,0.5494460133647453,Q3_MedVuln,0
IND_08407,AFR,0.42786452075856946,Q2_LowVuln,0
IND_08408,EUR,0.5589214093356187,Q3_MedVuln,0
IND_08409,AMR,0.6588425881612545,Q3_MedVuln,0
IND_08410,AFR,0.8176397480220962,Q4_HighestVuln,1
IND_08411,AMR,0.7372312237398702,Q3_MedVuln,0
IND_08412,EAS,0.580717353121475,Q3_MedVuln,0
IND_08413,SAS,0.4956372871869045,Q2_LowVuln,0
IND_08414,EUR,0.554098784823499,Q3_MedVuln,0
IND_08415,AMR,0.7347161650929316,Q3_MedVuln,0
IND_08416,AFR,0.7428394941389895,Q3_MedVuln,0
IND_08417,AMR,0.4672315846565675,Q2_LowVuln,0
IND_08418,AFR,0.28698345007802095,Q2_LowVuln,0
IND_08419,EAS,0.3510011595831758,Q2_LowVuln,0
IND_08420,AFR,0.8870684323697691,Q4_HighestVuln,1
IND_08421,EUR,0.17287366828412173,Q1_LowestVuln,0
IND_08422,EAS,0.11970357850329841,Q1_LowestVuln,0
IND_08423,AFR,0.7074447566019697,Q3_MedVuln,0
IND_08424,SAS,0.7633608085551175,Q4_HighestVuln,1
IND_08425,SAS,0.6863627211070523,Q3_MedVuln,0
IND_08426,AFR,0.2780969852377565,Q2_LowVuln,0
IND_08427,AFR,0.6080497902072707,Q3_MedVuln,0
IND_08428,AMR,0.7250741605750851,Q3_MedVuln,0
IND_08429,AFR,0.16249002046121608,Q1_LowestVuln,0
IND_08430,EUR,0.17098632523690332,Q1_LowestVuln,0
IND_08431,EAS,0.24723097129590232,Q1_LowestVuln,0
IND_08432,EAS,0.496416393656855,Q2_LowVuln,0
IND_08433,AMR,0.6018882080751755,Q3_MedVuln,0
IND_08434,EAS,0.11624404690679307,Q1_LowestVuln,0
IND_08435,AFR,0.4044812874338268,Q2_LowVuln,0
IND_08436,AFR,0.517364708130717,Q3_MedVuln,0
IND_08437,EAS,0.09758865017289638,Q1_LowestVuln,0
IND_08438,EUR,0.2663625608731842,Q2_LowVuln,0
IND_08439,AMR,0.8499298308499397,Q4_HighestVuln,1
IND_08440,AFR,0.8798729167132414,Q4_HighestVuln,1
IND_08441,AFR,0.827571428847271,Q4_HighestVuln,1
IND_08442,AFR,0.5899544300854943,Q3_MedVuln,0
IND_08443,SAS,0.6044793537435611,Q3_MedVuln,0
IND_08444,AFR,0.3836233708326129,Q2_LowVuln,0
IND_08445,AFR,0.4798799829002246,Q2_LowVuln,0
IND_08446,AMR,0.4558748977514205,Q2_LowVuln,0
IND_08447,AMR,0.6571597131221872,Q3_MedVuln,0
IND_08448,AFR,0.9534209691723732,Q4_HighestVuln,1
IND_08449,AMR,0.7896482767863927,Q4_HighestVuln,1
IND_08450,EAS,0.1486484328314277,Q1_LowestVuln,0
IND_08451,AFR,0.4531430012723714,Q2_LowVuln,0
IND_08452,EAS,0.6738188208183331,Q3_MedVuln,0
IND_08453,AMR,0.739879221482389,Q3_MedVuln,0
IND_08454,SAS,0.5760853764890358,Q3_MedVuln,0
IND_08455,AMR,0.7826458099428537,Q4_HighestVuln,1
IND_08456,AFR,0.8394153177165976,Q4_HighestVuln,1
IND_08457,AFR,0.7950237502232265,Q4_HighestVuln,1
IND_08458,AFR,0.4326152954857353,Q2_LowVuln,0
IND_08459,SAS,0.5886948355856546,Q3_MedVuln,0
IND_08460,AMR,0.5052442635961897,Q3_MedVuln,0
IND_08461,EUR,0.3238715420854344,Q2_LowVuln,0
IND_08462,AMR,0.585156174723787,Q3_MedVuln,0
IND_08463,EAS,0.35955551452718026,Q2_LowVuln,0
IND_08464,EUR,0.7391224529216079,Q3_MedVuln,0
IND_08465,AFR,0.5534861921283917,Q3_MedVuln,0
IND_08466,EUR,0.28434107723172397,Q2_LowVuln,0
IND_08467,SAS,0.5160428559218548,Q3_MedVuln,0
IND_08468,EAS,0.42226557350517174,Q2_LowVuln,0
IND_08469,SAS,0.4534593520911488,Q2_LowVuln,0
IND_08470,AFR,0.5437752446083,Q3_MedVuln,0
IND_08471,AMR,0.6024818817761146,Q3_MedVuln,0
IND_08472,AFR,0.23533010112808372,Q1_LowestVuln,0
IND_08473,AMR,0.4253090904914135,Q2_LowVuln,0
IND_08474,EUR,0.5524187707429049,Q3_MedVuln,0
IND_08475,AFR,0.38190477572841725,Q2_LowVuln,0
IND_08476,EUR,0.4303482984642028,Q2_LowVuln,0
IND_08477,AFR,0.5489524375239176,Q3_MedVuln,0
IND_08478,EUR,0.18586383226307562,Q1_LowestVuln,0
IND_08479,SAS,0.6167544780635581,Q3_MedVuln,0
IND_08480,SAS,0.36190260148476844,Q2_LowVuln,0
IND_08481,AMR,0.23801487111776087,Q1_LowestVuln,0
IND_08482,AMR,0.5994380014279999,Q3_MedVuln,0
IND_08483,EUR,0.47482892643691255,Q2_LowVuln,0
IND_08484,EUR,0.30701684846993627,Q2_LowVuln,0
IND_08485,EAS,0.2566099100326084,Q2_LowVuln,0
IND_08486,EUR,0.06345630379922765,Q1_LowestVuln,0
IND_08487,AMR,0.7299997232355935,Q3_MedVuln,0
IND_08488,EUR,0.5259197266924165,Q3_MedVuln,0
IND_08489,SAS,0.14184613028784002,Q1_LowestVuln,0
IND_08490,EAS,0.19135223167893545,Q1_LowestVuln,0
IND_08491,SAS,0.6079158786816725,Q3_MedVuln,0
IND_08492,SAS,0.5360160800098742,Q3_MedVuln,0
IND_08493,SAS,0.24248039844006014,Q1_LowestVuln,0
IND_08494,SAS,0.45817876555580744,Q2_LowVuln,0
IND_08495,AFR,0.3559502323913808,Q2_LowVuln,0
IND_08496,SAS,0.20601539174459446,Q1_LowestVuln,0
IND_08497,AMR,0.5922928304389943,Q3_MedVuln,0
IND_08498,EAS,0.5337021885258518,Q3_MedVuln,0
IND_08499,AFR,0.7229506090089499,Q3_MedVuln,0
IND_08500,AMR,0.5746410179974003,Q3_MedVuln,0
IND_08501,SAS,0.7679963174084938,Q4_HighestVuln,1
IND_08502,EAS,0.36027669709402244,Q2_LowVuln,0
IND_08503,AMR,0.6834784186900065,Q3_MedVuln,0
IND_08504,AMR,0.8391422725444199,Q4_HighestVuln,1
IND_08505,AFR,0.8545205990701484,Q4_HighestVuln,1
IND_08506,EAS,0.1905163155686135,Q1_LowestVuln,0
IND_08507,AFR,0.43964060208692096,Q2_LowVuln,0
IND_08508,EAS,0.19275183986136676,Q1_LowestVuln,0
IND_08509,EUR,0.38664753206607655,Q2_LowVuln,0
IND_08510,AFR,0.7588678072488804,Q4_HighestVuln,1
IND_08511,AFR,0.37344103025246317,Q2_LowVuln,0
IND_08512,SAS,0.4841324545806967,Q2_LowVuln,0
IND_08513,EUR,0.5647614352367456,Q3_MedVuln,0
IND_08514,AFR,0.26783689241282904,Q2_LowVuln,0
IND_08515,EUR,0.7295932026571208,Q3_MedVuln,0
IND_08516,AFR,0.5351808936348398,Q3_MedVuln,0
IND_08517,EAS,0.30898968641574986,Q2_LowVuln,0
IND_08518,EUR,0.3158750901360114,Q2_LowVuln,0
IND_08519,AFR,0.7059505476808046,Q3_MedVuln,0
IND_08520,AFR,0.5262999516382191,Q3_MedVuln,0
IND_08521,EAS,0.7322844079512166,Q3_MedVuln,0
IND_08522,AFR,0.6949264166593533,Q3_MedVuln,0
IND_08523,AMR,0.25328198637509614,Q2_LowVuln,0
IND_08524,EAS,0.33787781570093983,Q2_LowVuln,0
IND_08525,AFR,0.24754239132573197,Q1_LowestVuln,0
IND_08526,AFR,0.5267156749185467,Q3_MedVuln,0
IND_08527,AMR,0.853423148879289,Q4_HighestVuln,1
IND_08528,EUR,0.27512473970326917,Q2_LowVuln,0
IND_08529,EUR,0.16119310989495864,Q1_LowestVuln,0
IND_08530,EAS,0.4589431523903547,Q2_LowVuln,0
IND_08531,AFR,0.46550558153907723,Q2_LowVuln,0
IND_08532,EUR,0.11320804798503237,Q1_LowestVuln,0
IND_08533,SAS,0.5412285026009803,Q3_MedVuln,0
IND_08534,AFR,0.6618069072371232,Q3_MedVuln,0
IND_08535,SAS,0.5355170461339932,Q3_MedVuln,0
IND_08536,AFR,0.5593671674140409,Q3_MedVuln,0
IND_08537,SAS,0.5695652514988799,Q3_MedVuln,0
IND_08538,EUR,0.5260196322154548,Q3_MedVuln,0
IND_08539,AFR,0.2739464851129579,Q2_LowVuln,0
IND_08540,AFR,0.5521994876886948,Q3_MedVuln,0
IND_08541,AMR,0.5522640997825032,Q3_MedVuln,0
IND_08542,EUR,0.5934193187529626,Q3_MedVuln,0
IND_08543,AFR,0.28616306240706363,Q2_LowVuln,0
IND_08544,AFR,0.8678064486569751,Q4_HighestVuln,1
IND_08545,AMR,0.21170734839749103,Q1_LowestVuln,0
IND_08546,AFR,0.627544698644001,Q3_MedVuln,0
IND_08547,EAS,0.16949019516610672,Q1_LowestVuln,0
IND_08548,AFR,0.37744349619783185,Q2_LowVuln,0
IND_08549,EAS,0.2897702252494856,Q2_LowVuln,0
IND_08550,AMR,0.40312325761263285,Q2_LowVuln,0
IND_08551,EAS,0.5859468547966518,Q3_MedVuln,0
IND_08552,SAS,0.5113097720712949,Q3_MedVuln,0
IND_08553,AFR,0.826601469217241,Q4_HighestVuln,1
IND_08554,EUR,0.4242840702390667,Q2_LowVuln,0
IND_08555,EUR,0.45195850460875564,Q2_LowVuln,0
IND_08556,AFR,0.889035232231339,Q4_HighestVuln,1
IND_08557,EUR,0.2593256143908222,Q2_LowVuln,0
IND_08558,SAS,0.6980124951632535,Q3_MedVuln,0
IND_08559,AFR,0.8485049548017314,Q4_HighestVuln,1
IND_08560,AFR,0.7044486072605399,Q3_MedVuln,0
IND_08561,AFR,0.6586372526272615,Q3_MedVuln,0
IND_08562,AFR,0.6833944938100709,Q3_MedVuln,0
IND_08563,AFR,0.7575420331014683,Q4_HighestVuln,1
IND_08564,EAS,0.31249471367473747,Q2_LowVuln,0
IND_08565,SAS,0.6064236775835798,Q3_MedVuln,0
IND_08566,EUR,0.3107318229143851,Q2_LowVuln,0
IND_08567,SAS,0.4161167425579695,Q2_LowVuln,0
IND_08568,AFR,0.3730026363292602,Q2_LowVuln,0
IND_08569,EAS,0.7133916633660774,Q3_MedVuln,0
IND_08570,AFR,0.2895228934790326,Q2_LowVuln,0
IND_08571,SAS,0.5421703819713364,Q3_MedVuln,0
IND_08572,EUR,0.35710566989495723,Q2_LowVuln,0
IND_08573,EUR,0.12907482993115635,Q1_LowestVuln,0
IND_08574,AMR,0.7902160344253557,Q4_HighestVuln,1
IND_08575,AFR,0.6159414143164262,Q3_MedVuln,0
IND_08576,SAS,0.3774502618280541,Q2_LowVuln,0
IND_08577,SAS,0.39743730300858454,Q2_LowVuln,0
IND_08578,AMR,0.49975565827999024,Q2_LowVuln,0
IND_08579,AFR,0.8632595195004781,Q4_HighestVuln,1
IND_08580,EAS,0.7468766966632092,Q3_MedVuln,0
IND_08581,EUR,0.7142936945673646,Q3_MedVuln,0
IND_08582,SAS,0.8342468193239496,Q4_HighestVuln,1
IND_08583,EUR,0.6486340877686121,Q3_MedVuln,0
IND_08584,EAS,0.5203449283579533,Q3_MedVuln,0
IND_08585,EUR,0.22339454537128914,Q1_LowestVuln,0
IND_08586,EUR,0.8196720471430956,Q4_HighestVuln,1
IND_08587,AFR,0.6629814048790582,Q3_MedVuln,0
IND_08588,EUR,0.15679101811247118,Q1_LowestVuln,0
IND_08589,AFR,0.6624521854663923,Q3_MedVuln,0
IND_08590,EUR,0.42803657331258166,Q2_LowVuln,0
IND_08591,EAS,0.5675859777764477,Q3_MedVuln,0
IND_08592,EAS,0.6785185006744696,Q3_MedVuln,0
IND_08593,EAS,0.6431141653525111,Q3_MedVuln,0
IND_08594,EUR,0.1657685449003008,Q1_LowestVuln,0
IND_08595,AFR,0.825345786335414,Q4_HighestVuln,1
IND_08596,AFR,0.676120662362864,Q3_MedVuln,0
IND_08597,AMR,0.8278535750356991,Q4_HighestVuln,1
IND_08598,EAS,0.38631973106864065,Q2_LowVuln,0
IND_08599,EUR,0.5893820400785217,Q3_MedVuln,0
IND_08600,AMR,0.6096776527935093,Q3_MedVuln,0
IND_08601,EUR,0.17263813566805258,Q1_LowestVuln,0
IND_08602,EAS,0.23343381700739463,Q1_LowestVuln,0
IND_08603,EUR,0.6097451856819825,Q3_MedVuln,0
IND_08604,EUR,0.2712625094020083,Q2_LowVuln,0
IND_08605,AMR,0.5783409379563901,Q3_MedVuln,0
IND_08606,EUR,0.5219240357247622,Q3_MedVuln,0
IND_08607,AFR,0.5642362388464617,Q3_MedVuln,0
IND_08608,AMR,0.5976030765970487,Q3_MedVuln,0
IND_08609,EAS,0.3888062032734261,Q2_LowVuln,0
IND_08610,EUR,0.5856997859854634,Q3_MedVuln,0
IND_08611,SAS,0.4307547303668955,Q2_LowVuln,0
IND_08612,SAS,0.5899606238137132,Q3_MedVuln,0
IND_08613,AMR,0.5087262619133345,Q3_MedVuln,0
IND_08614,EAS,0.8131268899764307,Q4_HighestVuln,1
IND_08615,EUR,0.34302582470291726,Q2_LowVuln,0
IND_08616,SAS,0.273708958432536,Q2_LowVuln,0
IND_08617,EUR,0.6932953597624646,Q3_MedVuln,0
IND_08618,AFR,0.6839208722447425,Q3_MedVuln,0
IND_08619,EAS,0.6308954876841719,Q3_MedVuln,0
IND_08620,EUR,0.647180833145702,Q3_MedVuln,0
IND_08621,EAS,0.5951979354456622,Q3_MedVuln,0
IND_08622,AFR,0.949755440527398,Q4_HighestVuln,1
IND_08623,SAS,0.6111550050174459,Q3_MedVuln,0
IND_08624,AFR,0.6610819305760834,Q3_MedVuln,0
IND_08625,AFR,0.46329538454469954,Q2_LowVuln,0
IND_08626,EUR,0.4059749244834263,Q2_LowVuln,0
IND_08627,EUR,0.2350068367486813,Q1_LowestVuln,0
IND_08628,EAS,0.3528859209050118,Q2_LowVuln,0
IND_08629,EUR,0.30244863314323506,Q2_LowVuln,0
IND_08630,SAS,0.5789428447421454,Q3_MedVuln,0
IND_08631,EAS,0.49028333555246356,Q2_LowVuln,0
IND_08632,AFR,0.6872176925064706,Q3_MedVuln,0
IND_08633,SAS,0.7729069794215846,Q4_HighestVuln,1
IND_08634,AFR,0.6895163641604877,Q3_MedVuln,0
IND_08635,AFR,0.6180552731817972,Q3_MedVuln,0
IND_08636,SAS,0.33593680725588126,Q2_LowVuln,0
IND_08637,EAS,0.39321804013500833,Q2_LowVuln,0
IND_08638,AFR,0.5618776262377793,Q3_MedVuln,0
IND_08639,SAS,0.6949428154826964,Q3_MedVuln,0
IND_08640,AMR,0.8054464274026853,Q4_HighestVuln,1
IND_08641,SAS,0.429400272913147,Q2_LowVuln,0
IND_08642,EUR,0.2219808518038786,Q1_LowestVuln,0
IND_08643,EUR,0.12234899678341066,Q1_LowestVuln,0
IND_08644,AMR,0.6034766156959678,Q3_MedVuln,0
IND_08645,SAS,0.5041304099767504,Q3_MedVuln,0
IND_08646,AFR,0.618072296677664,Q3_MedVuln,0
IND_08647,AFR,0.7844464713143209,Q4_HighestVuln,1
IND_08648,AMR,0.39587219513303085,Q2_LowVuln,0
IND_08649,AMR,0.596251026687875,Q3_MedVuln,0
IND_08650,AFR,0.8426688470089316,Q4_HighestVuln,1
IND_08651,SAS,0.34430501884830367,Q2_LowVuln,0
IND_08652,EAS,0.473560602104556,Q2_LowVuln,0
IND_08653,AFR,0.42918067929962345,Q2_LowVuln,0
IND_08654,SAS,0.6160119568980424,Q3_MedVuln,0
IND_08655,AFR,0.5075599074850871,Q3_MedVuln,0
IND_08656,AMR,0.6452677993698843,Q3_MedVuln,0
IND_08657,EAS,0.08025460345970914,Q1_LowestVuln,0
IND_08658,AFR,0.6525138610810827,Q3_MedVuln,0
IND_08659,AFR,0.32707470555569196,Q2_LowVuln,0
IND_08660,EUR,0.1090995325957691,Q1_LowestVuln,0
IND_08661,AMR,0.4766370048184223,Q2_LowVuln,0
IND_08662,AFR,0.7522571047534884,Q4_HighestVuln,1
IND_08663,SAS,0.35902318176227793,Q2_LowVuln,0
IND_08664,AFR,0.6465385038099655,Q3_MedVuln,0
IND_08665,EUR,0.1655110343953201,Q1_LowestVuln,0
IND_08666,EAS,0.5936912724013705,Q3_MedVuln,0
IND_08667,SAS,0.4494575781074281,Q2_LowVuln,0
IND_08668,AMR,0.7472567805490948,Q3_MedVuln,0
IND_08669,EAS,0.1884385351120427,Q1_LowestVuln,0
IND_08670,SAS,0.5551739248685317,Q3_MedVuln,0
IND_08671,AFR,0.4687640373869471,Q2_LowVuln,0
IND_08672,AMR,0.48281175577040825,Q2_LowVuln,0
IND_08673,EAS,0.18130664409150574,Q1_LowestVuln,0
IND_08674,EUR,0.5938065257270008,Q3_MedVuln,0
IND_08675,AMR,0.43467338274744216,Q2_LowVuln,0
IND_08676,EAS,0.40051494142734845,Q2_LowVuln,0
IND_08677,SAS,0.7559454801131178,Q4_HighestVuln,1
IND_08678,EUR,0.397928348124544,Q2_LowVuln,0
IND_08679,EAS,0.612094099567019,Q3_MedVuln,0
IND_08680,AFR,0.5654573767662515,Q3_MedVuln,0
IND_08681,EUR,0.19523816668196003,Q1_LowestVuln,0
IND_08682,EUR,0.047877942104179165,Q1_LowestVuln,0
IND_08683,EUR,0.5985370005288266,Q3_MedVuln,0
IND_08684,AFR,0.6588074439146527,Q3_MedVuln,0
IND_08685,AFR,0.29387827365600133,Q2_LowVuln,0
IND_08686,EAS,0.30290087235878327,Q2_LowVuln,0
IND_08687,AFR,0.9421349134711036,Q4_HighestVuln,1
IND_08688,AMR,0.9570053517822315,Q4_HighestVuln,1
IND_08689,AFR,0.4789328526792721,Q2_LowVuln,0
IND_08690,AFR,0.8122241057977032,Q4_HighestVuln,1
IND_08691,EUR,0.7388738234764172,Q3_MedVuln,0
IND_08692,SAS,0.5536298983759663,Q3_MedVuln,0
IND_08693,EAS,0.39207343138080913,Q2_LowVuln,0
IND_08694,EAS,0.1877863167908801,Q1_LowestVuln,0
IND_08695,AFR,0.23005112346403986,Q1_LowestVuln,0
IND_08696,EAS,0.33421861040781065,Q2_LowVuln,0
IND_08697,AFR,0.289617140365316,Q2_LowVuln,0
IND_08698,AFR,0.3152993229120462,Q2_LowVuln,0
IND_08699,EAS,0.5817551007185461,Q3_MedVuln,0
IND_08700,EUR,0.4177035087695446,Q2_LowVuln,0
IND_08701,EUR,0.3447933245166524,Q2_LowVuln,0
IND_08702,EAS,0.04869122071544218,Q1_LowestVuln,0
IND_08703,AFR,0.9151121692044698,Q4_HighestVuln,1
IND_08704,SAS,0.5291648451645969,Q3_MedVuln,0
IND_08705,SAS,0.7721597382537805,Q4_HighestVuln,1
IND_08706,SAS,0.3607868848400677,Q2_LowVuln,0
IND_08707,AMR,0.35584791462955934,Q2_LowVuln,0
IND_08708,AMR,0.5679336912810583,Q3_MedVuln,0
IND_08709,AFR,0.5830301757160848,Q3_MedVuln,0
IND_08710,SAS,0.3261542382448407,Q2_LowVuln,0
IND_08711,AFR,0.6379436234347425,Q3_MedVuln,0
IND_08712,SAS,0.48530762804372735,Q2_LowVuln,0
IND_08713,AFR,0.5543107495574989,Q3_MedVuln,0
IND_08714,EAS,0.7197376801755,Q3_MedVuln,0
IND_08715,AFR,0.8016637543456805,Q4_HighestVuln,1
IND_08716,EUR,0.20728638270851915,Q1_LowestVuln,0
IND_08717,AFR,0.7904911084421536,Q4_HighestVuln,1
IND_08718,EAS,0.2788962215259006,Q2_LowVuln,0
IND_08719,EUR,0.37025263937882846,Q2_LowVuln,0
IND_08720,EAS,0.45600997155558004,Q2_LowVuln,0
IND_08721,EUR,0.7454485112812953,Q3_MedVuln,0
IND_08722,EUR,0.28223102295756786,Q2_LowVuln,0
IND_08723,EUR,0.6754331649319454,Q3_MedVuln,0
IND_08724,AFR,0.5901831609442063,Q3_MedVuln,0
IND_08725,EAS,0.6615156720335696,Q3_MedVuln,0
IND_08726,EAS,0.2668547242481128,Q2_LowVuln,0
IND_08727,AFR,0.45150714187917995,Q2_LowVuln,0
IND_08728,EUR,0.3666902103615768,Q2_LowVuln,0
IND_08729,AMR,0.2806452541793488,Q2_LowVuln,0
IND_08730,AMR,0.686274438395328,Q3_MedVuln,0
IND_08731,EAS,0.6144034466796658,Q3_MedVuln,0
IND_08732,AFR,0.5261138801909485,Q3_MedVuln,0
IND_08733,AMR,0.4133869811842071,Q2_LowVuln,0
IND_08734,EUR,0.36013809794859136,Q2_LowVuln,0
IND_08735,AMR,0.6078727236161184,Q3_MedVuln,0
IND_08736,SAS,0.8573954121937778,Q4_HighestVuln,1
IND_08737,AMR,0.6762197641604483,Q3_MedVuln,0
IND_08738,SAS,0.5726415291472515,Q3_MedVuln,0
IND_08739,AFR,0.5372294469023071,Q3_MedVuln,0
IND_08740,EAS,0.5115879799900006,Q3_MedVuln,0
IND_08741,AFR,0.8765420298898773,Q4_HighestVuln,1
IND_08742,EAS,0.38178991332236145,Q2_LowVuln,0
IND_08743,AFR,0.12760170445144048,Q1_LowestVuln,0
IND_08744,AMR,0.8132613335225526,Q4_HighestVuln,1
IND_08745,EUR,0.46831181414814843,Q2_LowVuln,0
IND_08746,SAS,0.1603759493907888,Q1_LowestVuln,0
IND_08747,SAS,0.3551098126830803,Q2_LowVuln,0
IND_08748,EAS,0.834490572811987,Q4_HighestVuln,1
IND_08749,SAS,0.37915420811253403,Q2_LowVuln,0
IND_08750,AMR,0.6719642734513308,Q3_MedVuln,0
IND_08751,AFR,0.7593933230070001,Q4_HighestVuln,1
IND_08752,EAS,0.5870745484835174,Q3_MedVuln,0
IND_08753,SAS,0.22784383317057147,Q1_LowestVuln,0
IND_08754,EUR,0.7054876104734952,Q3_MedVuln,0
IND_08755,AMR,0.2564515475986322,Q2_LowVuln,0
IND_08756,EUR,0.6621771100280476,Q3_MedVuln,0
IND_08757,SAS,0.49206243461723614,Q2_LowVuln,0
IND_08758,EUR,0.3953568442203416,Q2_LowVuln,0
IND_08759,SAS,0.3077430929193334,Q2_LowVuln,0
IND_08760,EUR,0.7506816615468794,Q4_HighestVuln,1
IND_08761,AFR,0.9214389313225222,Q4_HighestVuln,1
IND_08762,AFR,0.6165524981650087,Q3_MedVuln,0
IND_08763,EAS,0.4895540337415283,Q2_LowVuln,0
IND_08764,SAS,0.2166394417670381,Q1_LowestVuln,0
IND_08765,AFR,0.8318356768550026,Q4_HighestVuln,1
IND_08766,AFR,0.5636214710506938,Q3_MedVuln,0
IND_08767,EUR,0.14960551593787966,Q1_LowestVuln,0
IND_08768,EAS,0.4482402594682178,Q2_LowVuln,0
IND_08769,EAS,0.6648053381532391,Q3_MedVuln,0
IND_08770,AMR,0.5342115468756851,Q3_MedVuln,0
IND_08771,SAS,0.7531766316295445,Q4_HighestVuln,1
IND_08772,AMR,0.8287169193471519,Q4_HighestVuln,1
IND_08773,EAS,0.7760999647328571,Q4_HighestVuln,1
IND_08774,EAS,0.27852664623550183,Q2_LowVuln,0
IND_08775,EAS,0.14940663200799056,Q1_LowestVuln,0
IND_08776,EUR,0.4631729762163608,Q2_LowVuln,0
IND_08777,AFR,0.1550855029322815,Q1_LowestVuln,0
IND_08778,AFR,0.3652941222544197,Q2_LowVuln,0
IND_08779,EAS,0.3778681813326251,Q2_LowVuln,0
IND_08780,SAS,0.7943798263149187,Q4_HighestVuln,1
IND_08781,AFR,0.36784309873950827,Q2_LowVuln,0
IND_08782,EUR,0.4715658416120624,Q2_LowVuln,0
IND_08783,EAS,0.1316302948563239,Q1_LowestVuln,0
IND_08784,EAS,0.684639169833063,Q3_MedVuln,0
IND_08785,EAS,0.09029188509581906,Q1_LowestVuln,0
IND_08786,EUR,0.4862716736829851,Q2_LowVuln,0
IND_08787,EAS,0.4915868143435665,Q2_LowVuln,0
IND_08788,SAS,0.610142516534275,Q3_MedVuln,0
IND_08789,EAS,0.5842211197301879,Q3_MedVuln,0
IND_08790,AMR,0.5764350700007987,Q3_MedVuln,0
IND_08791,AMR,0.620306684468798,Q3_MedVuln,0
IND_08792,SAS,0.4465542812809709,Q2_LowVuln,0
IND_08793,SAS,0.33521398847249634,Q2_LowVuln,0
IND_08794,EAS,0.16923096560076353,Q1_LowestVuln,0
IND_08795,EUR,0.5474665814540446,Q3_MedVuln,0
IND_08796,SAS,0.7545423551799665,Q4_HighestVuln,1
IND_08797,AMR,0.2593762440821884,Q2_LowVuln,0
IND_08798,EAS,0.5321028127223526,Q3_MedVuln,0
IND_08799,EUR,0.16023370234431478,Q1_LowestVuln,0
IND_08800,SAS,0.7735121260027339,Q4_HighestVuln,1
IND_08801,EAS,0.4585304323729728,Q2_LowVuln,0
IND_08802,EAS,0.2421303106526238,Q1_LowestVuln,0
IND_08803,EUR,0.42747059151642985,Q2_LowVuln,0
IND_08804,EAS,0.5626811037192784,Q3_MedVuln,0
IND_08805,EAS,0.4073384478480597,Q2_LowVuln,0
IND_08806,AFR,0.7892284092817108,Q4_HighestVuln,1
IND_08807,EUR,0.19987681332645596,Q1_LowestVuln,0
IND_08808,EUR,0.4446396966278234,Q2_LowVuln,0
IND_08809,EUR,0.6764073646776706,Q3_MedVuln,0
IND_08810,AFR,0.47829008821189833,Q2_LowVuln,0
IND_08811,EAS,0.4816323409891728,Q2_LowVuln,0
IND_08812,AFR,0.7649812467684405,Q4_HighestVuln,1
IND_08813,EAS,0.059782566534453484,Q1_LowestVuln,0
IND_08814,SAS,0.5402855227297655,Q3_MedVuln,0
IND_08815,SAS,0.522191823136732,Q3_MedVuln,0
IND_08816,AFR,0.5473144493495038,Q3_MedVuln,0
IND_08817,AFR,0.5148476337071095,Q3_MedVuln,0
IND_08818,AFR,0.696485842442998,Q3_MedVuln,0
IND_08819,EUR,0.5995003520837863,Q3_MedVuln,0
IND_08820,SAS,0.5285767659221381,Q3_MedVuln,0
IND_08821,EUR,0.6253305900304358,Q3_MedVuln,0
IND_08822,EAS,0.11310025589576676,Q1_LowestVuln,0
IND_08823,SAS,0.7196173368375468,Q3_MedVuln,0
IND_08824,AMR,0.3885447691305477,Q2_LowVuln,0
IND_08825,EUR,0.5962155410688097,Q3_MedVuln,0
IND_08826,AFR,0.7512364174633834,Q4_HighestVuln,1
IND_08827,EAS,0.45651289694709624,Q2_LowVuln,0
IND_08828,EUR,0.2067566004602774,Q1_LowestVuln,0
IND_08829,EUR,0.15846082379190154,Q1_LowestVuln,0
IND_08830,AFR,0.7724035518131416,Q4_HighestVuln,1
IND_08831,AFR,0.8392523631036181,Q4_HighestVuln,1
IND_08832,EAS,0.14086510720924128,Q1_LowestVuln,0
IND_08833,AFR,0.8760101244157649,Q4_HighestVuln,1
IND_08834,AFR,0.8305534310542458,Q4_HighestVuln,1
IND_08835,SAS,0.9037129666031855,Q4_HighestVuln,1
IND_08836,SAS,0.32273167981533124,Q2_LowVuln,0
IND_08837,EUR,0.17096169027347338,Q1_LowestVuln,0
IND_08838,AMR,0.7068436167059303,Q3_MedVuln,0
IND_08839,SAS,0.7720269335000076,Q4_HighestVuln,1
IND_08840,AFR,0.8808330601381116,Q4_HighestVuln,1
IND_08841,EUR,0.21975094627473932,Q1_LowestVuln,0
IND_08842,EUR,0.7221944001215886,Q3_MedVuln,0
IND_08843,AMR,0.6690285204381196,Q3_MedVuln,0
IND_08844,EAS,0.09193191859597595,Q1_LowestVuln,0
IND_08845,AFR,0.9552102285755163,Q4_HighestVuln,1
IND_08846,EAS,0.34848337652894656,Q2_LowVuln,0
IND_08847,AMR,0.7253185624875483,Q3_MedVuln,0
IND_08848,AMR,0.6026750676446234,Q3_MedVuln,0
IND_08849,EAS,0.894821389919797,Q4_HighestVuln,1
IND_08850,EUR,0.22468196357644465,Q1_LowestVuln,0
IND_08851,SAS,0.3459979070787503,Q2_LowVuln,0
IND_08852,AMR,0.5129644104975968,Q3_MedVuln,0
IND_08853,AFR,0.332060572980434,Q2_LowVuln,0
IND_08854,AFR,0.2782582459124124,Q2_LowVuln,0
IND_08855,AFR,0.9384156765079993,Q4_HighestVuln,1
IND_08856,EAS,0.4269290374965112,Q2_LowVuln,0
IND_08857,AFR,0.4767738200207398,Q2_LowVuln,0
IND_08858,SAS,0.26802655781175444,Q2_LowVuln,0
IND_08859,AFR,0.6569841181258328,Q3_MedVuln,0
IND_08860,EAS,0.4381744215757604,Q2_LowVuln,0
IND_08861,AFR,0.9282377860847537,Q4_HighestVuln,1
IND_08862,EUR,0.4880065632105411,Q2_LowVuln,0
IND_08863,EAS,0.5654983212964365,Q3_MedVuln,0
IND_08864,EAS,0.7279162354527409,Q3_MedVuln,0
IND_08865,SAS,0.5971490728139098,Q3_MedVuln,0
IND_08866,EUR,0.3945495148773746,Q2_LowVuln,0
IND_08867,EUR,0.1366181765332117,Q1_LowestVuln,0
IND_08868,EAS,0.4834490216415179,Q2_LowVuln,0
IND_08869,AMR,0.6668185341979923,Q3_MedVuln,0
IND_08870,SAS,0.745093850411617,Q3_MedVuln,0
IND_08871,EAS,0.7504918859136706,Q4_HighestVuln,1
IND_08872,EUR,0.4451307489800914,Q2_LowVuln,0
IND_08873,EUR,0.18802629542305715,Q1_LowestVuln,0
IND_08874,EUR,0.22772764493228786,Q1_LowestVuln,0
IND_08875,EAS,0.2894523221073204,Q2_LowVuln,0
IND_08876,EAS,0.39767166737400894,Q2_LowVuln,0
IND_08877,AFR,0.6743838476856748,Q3_MedVuln,0
IND_08878,EUR,0.21342497458893805,Q1_LowestVuln,0
IND_08879,EAS,0.12301715891248483,Q1_LowestVuln,0
IND_08880,AFR,0.5695715007566903,Q3_MedVuln,0
IND_08881,EUR,0.4918989476705653,Q2_LowVuln,0
IND_08882,EUR,0.27489682919087116,Q2_LowVuln,0
IND_08883,EAS,0.36309621494472416,Q2_LowVuln,0
IND_08884,AFR,0.6947883825958978,Q3_MedVuln,0
IND_08885,EAS,0.18860687430977888,Q1_LowestVuln,0
IND_08886,EUR,0.0984018133736129,Q1_LowestVuln,0
IND_08887,AFR,0.3739231483055948,Q2_LowVuln,0
IND_08888,EAS,0.6265171406359495,Q3_MedVuln,0
IND_08889,AFR,0.18468320112816172,Q1_LowestVuln,0
IND_08890,EUR,0.3693571053958953,Q2_LowVuln,0
IND_08891,EUR,0.30448938889323424,Q2_LowVuln,0
IND_08892,SAS,0.6748668317904899,Q3_MedVuln,0
IND_08893,EUR,0.19602605522641728,Q1_LowestVuln,0
IND_08894,EUR,0.3378244061280496,Q2_LowVuln,0
IND_08895,AFR,0.175340314768577,Q1_LowestVuln,0
IND_08896,SAS,0.8534757855971952,Q4_HighestVuln,1
IND_08897,SAS,0.23471639673080316,Q1_LowestVuln,0
IND_08898,SAS,0.6113926252023013,Q3_MedVuln,0
IND_08899,EUR,0.22522287984086992,Q1_LowestVuln,0
IND_08900,AFR,0.6359617985467173,Q3_MedVuln,0
IND_08901,AMR,0.45881282950886443,Q2_LowVuln,0
IND_08902,AMR,0.3939424750256523,Q2_LowVuln,0
IND_08903,AMR,0.7846342922877141,Q4_HighestVuln,1
IND_08904,AMR,0.5121421495540145,Q3_MedVuln,0
IND_08905,AFR,0.3824700533226718,Q2_LowVuln,0
IND_08906,AMR,0.48440807854531853,Q2_LowVuln,0
IND_08907,EAS,0.15483100491251972,Q1_LowestVuln,0
IND_08908,AMR,0.10772650499822846,Q1_LowestVuln,0
IND_08909,EAS,0.6817333013911201,Q3_MedVuln,0
IND_08910,EUR,0.4451851941382708,Q2_LowVuln,0
IND_08911,AMR,0.6731016238966153,Q3_MedVuln,0
IND_08912,EAS,0.35509021943470426,Q2_LowVuln,0
IND_08913,SAS,0.1142157019751934,Q1_LowestVuln,0
IND_08914,EUR,0.7086897845957397,Q3_MedVuln,0
IND_08915,AFR,0.9147828484085473,Q4_HighestVuln,1
IND_08916,AFR,0.2978527268103665,Q2_LowVuln,0
IND_08917,AMR,0.5912880293134873,Q3_MedVuln,0
IND_08918,AMR,0.43395146709116167,Q2_LowVuln,0
IND_08919,EAS,0.7162814793540011,Q3_MedVuln,0
IND_08920,EAS,0.29581671399207055,Q2_LowVuln,0
IND_08921,AFR,0.621178186585183,Q3_MedVuln,0
IND_08922,EUR,0.45096590484759946,Q2_LowVuln,0
IND_08923,SAS,0.8268010719428518,Q4_HighestVuln,1
IND_08924,EUR,0.38729251024097605,Q2_LowVuln,0
IND_08925,SAS,0.8139266318187236,Q4_HighestVuln,1
IND_08926,AFR,0.7309931120175677,Q3_MedVuln,0
IND_08927,AFR,0.5191711198890363,Q3_MedVuln,0
IND_08928,AFR,0.3804674269798984,Q2_LowVuln,0
IND_08929,AFR,0.40589333959404084,Q2_LowVuln,0
IND_08930,AFR,0.7447232962593103,Q3_MedVuln,0
IND_08931,AFR,0.7538921340661288,Q4_HighestVuln,1
IND_08932,AMR,0.6913659327496307,Q3_MedVuln,0
IND_08933,SAS,0.5470227203367805,Q3_MedVuln,0
IND_08934,SAS,0.8340969942272071,Q4_HighestVuln,1
IND_08935,AMR,0.7498465722169269,Q3_MedVuln,0
IND_08936,EAS,0.20206762054370817,Q1_LowestVuln,0
IND_08937,SAS,0.35336140331704324,Q2_LowVuln,0
IND_08938,AFR,0.6115353786330917,Q3_MedVuln,0
IND_08939,EAS,0.6061533925995432,Q3_MedVuln,0
IND_08940,AMR,0.9689498579818098,Q4_HighestVuln,1
IND_08941,AMR,0.6143660119901458,Q3_MedVuln,0
IND_08942,SAS,0.6142636581869186,Q3_MedVuln,0
IND_08943,AFR,0.6146307736613268,Q3_MedVuln,0
IND_08944,SAS,0.8029741700935453,Q4_HighestVuln,1
IND_08945,SAS,0.3909104019876871,Q2_LowVuln,0
IND_08946,AFR,0.5463014941357759,Q3_MedVuln,0
IND_08947,AFR,0.44760121060426045,Q2_LowVuln,0
IND_08948,EUR,0.4616412703129406,Q2_LowVuln,0
IND_08949,AFR,0.4238979003349265,Q2_LowVuln,0
IND_08950,AMR,0.5019674143419658,Q3_MedVuln,0
IND_08951,SAS,0.580557193160398,Q3_MedVuln,0
IND_08952,AFR,0.777472889606121,Q4_HighestVuln,1
IND_08953,AFR,0.972404605713227,Q4_HighestVuln,1
IND_08954,SAS,0.7739423396612104,Q4_HighestVuln,1
IND_08955,EUR,0.25011155479508074,Q2_LowVuln,0
IND_08956,AFR,0.29477545082353607,Q2_LowVuln,0
IND_08957,AFR,0.5451035184025448,Q3_MedVuln,0
IND_08958,AFR,0.6910145242668105,Q3_MedVuln,0
IND_08959,AFR,0.5711442929100519,Q3_MedVuln,0
IND_08960,EUR,0.19139550795662552,Q1_LowestVuln,0
IND_08961,EAS,0.3262808411710802,Q2_LowVuln,0
IND_08962,EUR,0.9168875211620885,Q4_HighestVuln,1
IND_08963,EAS,0.1344658391186668,Q1_LowestVuln,0
IND_08964,EAS,0.32546071836257046,Q2_LowVuln,0
IND_08965,AMR,0.8133474037985754,Q4_HighestVuln,1
IND_08966,AMR,0.419619072323866,Q2_LowVuln,0
IND_08967,EAS,0.7711913041707836,Q4_HighestVuln,1
IND_08968,AFR,0.19744991863316805,Q1_LowestVuln,0
IND_08969,AFR,0.7537761491231932,Q4_HighestVuln,1
IND_08970,EAS,0.42539839623209735,Q2_LowVuln,0
IND_08971,SAS,0.6155625378392127,Q3_MedVuln,0
IND_08972,AMR,0.5150589383893788,Q3_MedVuln,0
IND_08973,EAS,0.8114720433809804,Q4_HighestVuln,1
IND_08974,AFR,0.8494306010520738,Q4_HighestVuln,1
IND_08975,EAS,0.23973553549746224,Q1_LowestVuln,0
IND_08976,EUR,0.6906494398564639,Q3_MedVuln,0
IND_08977,AFR,0.7089384138113559,Q3_MedVuln,0
IND_08978,SAS,0.37416404650153773,Q2_LowVuln,0
IND_08979,EAS,0.127151595193332,Q1_LowestVuln,0
IND_08980,AMR,0.49987966301860676,Q2_LowVuln,0
IND_08981,EUR,0.25760095892282087,Q2_LowVuln,0
IND_08982,AMR,0.5992845197242402,Q3_MedVuln,0
IND_08983,EAS,0.47133564400342426,Q2_LowVuln,0
IND_08984,AFR,0.6511579809354435,Q3_MedVuln,0
IND_08985,SAS,0.43571946190869126,Q2_LowVuln,0
IND_08986,EAS,0.5083278561751088,Q3_MedVuln,0
IND_08987,SAS,0.33890166111176606,Q2_LowVuln,0
IND_08988,AFR,0.6308371454917564,Q3_MedVuln,0
IND_08989,AFR,0.9018502850672943,Q4_HighestVuln,1
IND_08990,AMR,0.6014126366001966,Q3_MedVuln,0
IND_08991,AMR,0.2791969929279539,Q2_LowVuln,0
IND_08992,EAS,0.6222644659752011,Q3_MedVuln,0
IND_08993,AFR,0.759269713246477,Q4_HighestVuln,1
IND_08994,EAS,0.6663221332856358,Q3_MedVuln,0
IND_08995,SAS,0.5641993609024751,Q3_MedVuln,0
IND_08996,EUR,0.5092973109655355,Q3_MedVuln,0
IND_08997,EAS,0.08374360460452489,Q1_LowestVuln,0
IND_08998,EUR,0.10267927614444697,Q1_LowestVuln,0
IND_08999,EAS,0.488688272941273,Q2_LowVuln,0
IND_09000,AFR,0.5972839630710134,Q3_MedVuln,0
IND_09001,AFR,0.6327058906430983,Q3_MedVuln,0
IND_09002,AMR,0.7300950942148621,Q3_MedVuln,0
IND_09003,SAS,0.34875599550692626,Q2_LowVuln,0
IND_09004,SAS,0.913008820903485,Q4_HighestVuln,1
IND_09005,EUR,0.2380523872326082,Q1_LowestVuln,0
IND_09006,SAS,0.5813738225178703,Q3_MedVuln,0
IND_09007,SAS,0.4978282222286608,Q2_LowVuln,0
IND_09008,EAS,0.20084081848433563,Q1_LowestVuln,0
IND_09009,SAS,0.13570794377444936,Q1_LowestVuln,0
IND_09010,EUR,0.17516866167594836,Q1_LowestVuln,0
IND_09011,AMR,0.3431430299873888,Q2_LowVuln,0
IND_09012,AFR,0.28810574101515973,Q2_LowVuln,0
IND_09013,EAS,0.4317913905788054,Q2_LowVuln,0
IND_09014,EAS,0.3817317721515658,Q2_LowVuln,0
IND_09015,EUR,0.5802924140551686,Q3_MedVuln,0
IND_09016,AFR,0.4656361758994168,Q2_LowVuln,0
IND_09017,AFR,0.39405668608006594,Q2_LowVuln,0
IND_09018,AMR,0.44142777465303523,Q2_LowVuln,0
IND_09019,AFR,0.5889183944260636,Q3_MedVuln,0
IND_09020,AMR,0.7344688121395883,Q3_MedVuln,0
IND_09021,EAS,0.39251373004499734,Q2_LowVuln,0
IND_09022,AMR,0.6497103342025948,Q3_MedVuln,0
IND_09023,SAS,0.9309540989815781,Q4_HighestVuln,1
IND_09024,AFR,0.18623617881054644,Q1_LowestVuln,0
IND_09025,SAS,0.6521691612396229,Q3_MedVuln,0
IND_09026,EAS,0.750008011649925,Q4_HighestVuln,1
IND_09027,SAS,0.2055709787301988,Q1_LowestVuln,0
IND_09028,AFR,0.43308083609870207,Q2_LowVuln,0
IND_09029,EAS,0.29899094181556907,Q2_LowVuln,0
IND_09030,AFR,0.775940145769557,Q4_HighestVuln,1
IND_09031,AFR,0.5791502681128956,Q3_MedVuln,0
IND_09032,AFR,0.27827400298783606,Q2_LowVuln,0
IND_09033,SAS,0.3748286172140229,Q2_LowVuln,0
IND_09034,AFR,0.6332743308791381,Q3_MedVuln,0
IND_09035,EUR,0.21512623207341106,Q1_LowestVuln,0
IND_09036,EAS,0.2685092019377202,Q2_LowVuln,0
IND_09037,AMR,0.8245238304682572,Q4_HighestVuln,1
IND_09038,EUR,0.29535462224098774,Q2_LowVuln,0
IND_09039,EAS,0.31531197182855547,Q2_LowVuln,0
IND_09040,EAS,0.5361631622569001,Q3_MedVuln,0
IND_09041,EAS,0.4020620822295923,Q2_LowVuln,0
IND_09042,EUR,0.5434158604957448,Q3_MedVuln,0
IND_09043,AFR,0.909038614516631,Q4_HighestVuln,1
IND_09044,AFR,0.7774292692697929,Q4_HighestVuln,1
IND_09045,AFR,0.8919376346805148,Q4_HighestVuln,1
IND_09046,SAS,0.15838347756805982,Q1_LowestVuln,0
IND_09047,EAS,0.4095322284684194,Q2_LowVuln,0
IND_09048,SAS,0.4856033129019656,Q2_LowVuln,0
IND_09049,AMR,0.4888252960914907,Q2_LowVuln,0
IND_09050,EUR,0.5112211095401783,Q3_MedVuln,0
IND_09051,EAS,0.5100762411653689,Q3_MedVuln,0
IND_09052,AMR,0.7549306881407123,Q4_HighestVuln,1
IND_09053,AMR,0.7547925445507143,Q4_HighestVuln,1
IND_09054,SAS,0.3975212731257375,Q2_LowVuln,0
IND_09055,EAS,0.5310967731485402,Q3_MedVuln,0
IND_09056,AMR,0.9555540876868011,Q4_HighestVuln,1
IND_09057,AFR,0.6892512273203585,Q3_MedVuln,0
IND_09058,EUR,0.3109685709355224,Q2_LowVuln,0
IND_09059,EAS,0.05215817213134828,Q1_LowestVuln,0
IND_09060,AMR,0.22108332175600473,Q1_LowestVuln,0
IND_09061,SAS,0.5311419545595248,Q3_MedVuln,0
IND_09062,SAS,0.7575378720427492,Q4_HighestVuln,1
IND_09063,AMR,0.8036123773633802,Q4_HighestVuln,1
IND_09064,EUR,0.4187612228975188,Q2_LowVuln,0
IND_09065,SAS,0.22950429179286322,Q1_LowestVuln,0
IND_09066,EUR,0.08230395311005607,Q1_LowestVuln,0
IND_09067,EAS,0.35485254173540914,Q2_LowVuln,0
IND_09068,AMR,0.6800351778642729,Q3_MedVuln,0
IND_09069,EAS,0.28782082046367147,Q2_LowVuln,0
IND_09070,SAS,0.5128270957228246,Q3_MedVuln,0
IND_09071,EAS,0.4121625775215879,Q2_LowVuln,0
IND_09072,AFR,0.8876286908822205,Q4_HighestVuln,1
IND_09073,EUR,0.6797668761239641,Q3_MedVuln,0
IND_09074,SAS,0.48041348632561165,Q2_LowVuln,0
IND_09075,EAS,0.2892176305015019,Q2_LowVuln,0
IND_09076,AFR,0.16866327205732143,Q1_LowestVuln,0
IND_09077,EUR,0.4958898596698047,Q2_LowVuln,0
IND_09078,EUR,0.08580617157608017,Q1_LowestVuln,0
IND_09079,SAS,0.34288635007852514,Q2_LowVuln,0
IND_09080,SAS,0.20506040543011791,Q1_LowestVuln,0
IND_09081,EUR,0.334549150360158,Q2_LowVuln,0
IND_09082,EUR,0.17132201074682557,Q1_LowestVuln,0
IND_09083,EAS,0.944433448809936,Q4_HighestVuln,1
IND_09084,AMR,0.367894594638899,Q2_LowVuln,0
IND_09085,AFR,0.7632014015833111,Q4_HighestVuln,1
IND_09086,SAS,0.8226932206404494,Q4_HighestVuln,1
IND_09087,AMR,0.4765461515148992,Q2_LowVuln,0
IND_09088,EUR,0.2743746300457591,Q2_LowVuln,0
IND_09089,AFR,0.7807117997770143,Q4_HighestVuln,1
IND_09090,AFR,0.6262219877732597,Q3_MedVuln,0
IND_09091,EAS,0.46471036194513793,Q2_LowVuln,0
IND_09092,SAS,0.30218810028091675,Q2_LowVuln,0
IND_09093,SAS,0.6360820833383397,Q3_MedVuln,0
IND_09094,AMR,0.5324309566621868,Q3_MedVuln,0
IND_09095,AMR,0.7738240303156678,Q4_HighestVuln,1
IND_09096,AFR,0.6791423998426983,Q3_MedVuln,0
IND_09097,AMR,0.3920188387999432,Q2_LowVuln,0
IND_09098,AMR,0.46931536937256174,Q2_LowVuln,0
IND_09099,AMR,0.7206584858093328,Q3_MedVuln,0
IND_09100,EAS,0.2678077926128835,Q2_LowVuln,0
IND_09101,AFR,0.6020063019978572,Q3_MedVuln,0
IND_09102,AFR,0.9236982538647728,Q4_HighestVuln,1
IND_09103,EAS,0.6966396764953106,Q3_MedVuln,0
IND_09104,EAS,0.6888446020784614,Q3_MedVuln,0
IND_09105,EAS,0.4306518288195514,Q2_LowVuln,0
IND_09106,EUR,0.5217323664106464,Q3_MedVuln,0
IND_09107,EAS,0.3629235777351599,Q2_LowVuln,0
IND_09108,AFR,0.8348399096372645,Q4_HighestVuln,1
IND_09109,EUR,0.378935440157853,Q2_LowVuln,0
IND_09110,AFR,0.7478264747759232,Q3_MedVuln,0
IND_09111,AFR,0.2770084344458663,Q2_LowVuln,0
IND_09112,EAS,0.29681660930769554,Q2_LowVuln,0
IND_09113,AFR,0.8346518697760825,Q4_HighestVuln,1
IND_09114,EAS,0.15981087913998077,Q1_LowestVuln,0
IND_09115,AMR,0.6460623792220512,Q3_MedVuln,0
IND_09116,AMR,0.8504134598685198,Q4_HighestVuln,1
IND_09117,SAS,0.5310075207019159,Q3_MedVuln,0
IND_09118,AFR,0.674289393789214,Q3_MedVuln,0
IND_09119,SAS,0.7586982379046613,Q4_HighestVuln,1
IND_09120,SAS,0.6538692414261272,Q3_MedVuln,0
IND_09121,EUR,0.08357357234964981,Q1_LowestVuln,0
IND_09122,AFR,0.8227773250384848,Q4_HighestVuln,1
IND_09123,EUR,0.20804793606306765,Q1_LowestVuln,0
IND_09124,SAS,0.598312418301703,Q3_MedVuln,0
IND_09125,EUR,0.4771177905057852,Q2_LowVuln,0
IND_09126,AFR,0.6682579495562812,Q3_MedVuln,0
IND_09127,EAS,0.36380792984865284,Q2_LowVuln,0
IND_09128,AMR,0.8585898825396969,Q4_HighestVuln,1
IND_09129,EUR,0.19417684305215197,Q1_LowestVuln,0
IND_09130,AFR,0.5449917895439521,Q3_MedVuln,0
IND_09131,EUR,0.5199712380105306,Q3_MedVuln,0
IND_09132,AMR,0.6188613974769321,Q3_MedVuln,0
IND_09133,AFR,0.713292331429999,Q3_MedVuln,0
IND_09134,AFR,0.6593893176062061,Q3_MedVuln,0
IND_09135,AMR,0.18594748787682908,Q1_LowestVuln,0
IND_09136,SAS,0.5988256579817661,Q3_MedVuln,0
IND_09137,EUR,0.19542698740536218,Q1_LowestVuln,0
IND_09138,EUR,0.42547282610999176,Q2_LowVuln,0
IND_09139,SAS,0.32161824405108336,Q2_LowVuln,0
IND_09140,EUR,0.2312821847237796,Q1_LowestVuln,0
IND_09141,SAS,0.2721566015312712,Q2_LowVuln,0
IND_09142,EUR,0.0826571773349397,Q1_LowestVuln,0
IND_09143,EAS,0.7276840180615103,Q3_MedVuln,0
IND_09144,AFR,0.7799085580443734,Q4_HighestVuln,1
IND_09145,SAS,0.5618831685682858,Q3_MedVuln,0
IND_09146,SAS,0.5452024695924002,Q3_MedVuln,0
IND_09147,AFR,0.8298690207649368,Q4_HighestVuln,1
IND_09148,SAS,0.10665792367996808,Q1_LowestVuln,0
IND_09149,AMR,0.7871843097441903,Q4_HighestVuln,1
IND_09150,AMR,0.7328771419369344,Q3_MedVuln,0
IND_09151,AFR,0.5176814305592917,Q3_MedVuln,0
IND_09152,EAS,0.4504449172039265,Q2_LowVuln,0
IND_09153,AMR,0.9163014940746662,Q4_HighestVuln,1
IND_09154,AFR,0.4884029119830807,Q2_LowVuln,0
IND_09155,AFR,0.5927949864546218,Q3_MedVuln,0
IND_09156,SAS,0.3083778689967971,Q2_LowVuln,0
IND_09157,EUR,0.3559487161087512,Q2_LowVuln,0
IND_09158,EAS,0.42986145510188906,Q2_LowVuln,0
IND_09159,SAS,0.2355261553223793,Q1_LowestVuln,0
IND_09160,SAS,0.12482426671687537,Q1_LowestVuln,0
IND_09161,EAS,0.3789324297010891,Q2_LowVuln,0
IND_09162,AFR,0.8904097908179324,Q4_HighestVuln,1
IND_09163,EAS,0.3720548649960958,Q2_LowVuln,0
IND_09164,AFR,0.6050510563340548,Q3_MedVuln,0
IND_09165,SAS,0.5235526693069226,Q3_MedVuln,0
IND_09166,EUR,0.4284728769675508,Q2_LowVuln,0
IND_09167,SAS,0.636029808042833,Q3_MedVuln,0
IND_09168,AFR,0.6886949867709977,Q3_MedVuln,0
IND_09169,EAS,0.1426578869772565,Q1_LowestVuln,0
IND_09170,SAS,0.40388512718375985,Q2_LowVuln,0
IND_09171,AFR,0.5454742874572595,Q3_MedVuln,0
IND_09172,EAS,0.48818870816694804,Q2_LowVuln,0
IND_09173,AFR,0.4090371601363477,Q2_LowVuln,0
IND_09174,EAS,0.5836132854556066,Q3_MedVuln,0
IND_09175,AFR,0.8583684965465235,Q4_HighestVuln,1
IND_09176,AMR,0.9408027680654376,Q4_HighestVuln,1
IND_09177,SAS,0.8853301670714233,Q4_HighestVuln,1
IND_09178,AFR,0.6529655318549366,Q3_MedVuln,0
IND_09179,EAS,0.21547112194538148,Q1_LowestVuln,0
IND_09180,AFR,0.5144227239438367,Q3_MedVuln,0
IND_09181,EUR,0.3708328848888783,Q2_LowVuln,0
IND_09182,AFR,0.6816186901508889,Q3_MedVuln,0
IND_09183,EUR,0.6585579388883482,Q3_MedVuln,0
IND_09184,EAS,0.5923996910558011,Q3_MedVuln,0
IND_09185,EAS,0.3753673076830186,Q2_LowVuln,0
IND_09186,AMR,0.609657624543917,Q3_MedVuln,0
IND_09187,SAS,0.3127172087541182,Q2_LowVuln,0
IND_09188,AMR,0.49477258060465634,Q2_LowVuln,0
IND_09189,AMR,0.47669865643973713,Q2_LowVuln,0
IND_09190,AMR,0.9092369652799686,Q4_HighestVuln,1
IND_09191,EAS,0.6669341449686295,Q3_MedVuln,0
IND_09192,AFR,0.518924384638582,Q3_MedVuln,0
IND_09193,EUR,0.6826739738619646,Q3_MedVuln,0
IND_09194,EAS,0.6220018253080036,Q3_MedVuln,0
IND_09195,AFR,0.7555528224424273,Q4_HighestVuln,1
IND_09196,AFR,0.4631751791138713,Q2_LowVuln,0
IND_09197,AMR,0.5985764039282102,Q3_MedVuln,0
IND_09198,EAS,0.7587149068625721,Q4_HighestVuln,1
IND_09199,EUR,0.6808405083728644,Q3_MedVuln,0
IND_09200,EUR,0.11294987023723227,Q1_LowestVuln,0
IND_09201,AMR,0.6154980250726169,Q3_MedVuln,0
IND_09202,EAS,0.4769253247841359,Q2_LowVuln,0
IND_09203,AFR,0.5540420653313077,Q3_MedVuln,0
IND_09204,SAS,0.5645616576098066,Q3_MedVuln,0
IND_09205,AFR,0.4975689488562874,Q2_LowVuln,0
IND_09206,AFR,0.33849449088283096,Q2_LowVuln,0
IND_09207,AFR,0.7108347021873505,Q3_MedVuln,0
IND_09208,AFR,0.8254779654695358,Q4_HighestVuln,1
IND_09209,EUR,0.5180853398762865,Q3_MedVuln,0
IND_09210,SAS,0.711599326983324,Q3_MedVuln,0
IND_09211,EUR,0.36597722001542105,Q2_LowVuln,0
IND_09212,SAS,0.4646364736308556,Q2_LowVuln,0
IND_09213,AMR,0.31580093100999407,Q2_LowVuln,0
IND_09214,SAS,0.8695630541918679,Q4_HighestVuln,1
IND_09215,AMR,0.3153838429945795,Q2_LowVuln,0
IND_09216,EAS,0.5499337501164759,Q3_MedVuln,0
IND_09217,AFR,0.43609877634555594,Q2_LowVuln,0
IND_09218,SAS,0.40701241584754705,Q2_LowVuln,0
IND_09219,EAS,0.41219370492344914,Q2_LowVuln,0
IND_09220,AFR,0.3767453621978833,Q2_LowVuln,0
IND_09221,EUR,0.38498435037842477,Q2_LowVuln,0
IND_09222,AMR,0.8328785173842085,Q4_HighestVuln,1
IND_09223,AFR,0.9032106713788478,Q4_HighestVuln,1
IND_09224,EAS,0.653409997301695,Q3_MedVuln,0
IND_09225,EUR,0.0557630892963654,Q1_LowestVuln,0
IND_09226,EUR,0.22417270033748204,Q1_LowestVuln,0
IND_09227,AFR,0.5031721461312428,Q3_MedVuln,0
IND_09228,AMR,0.2253428654309218,Q1_LowestVuln,0
IND_09229,SAS,0.29992390765969157,Q2_LowVuln,0
IND_09230,EAS,0.2425924974200955,Q1_LowestVuln,0
IND_09231,SAS,0.8258529030325684,Q4_HighestVuln,1
IND_09232,AMR,0.5260718915883532,Q3_MedVuln,0
IND_09233,AMR,0.6323211195834613,Q3_MedVuln,0
IND_09234,AFR,0.7000067346498898,Q3_MedVuln,0
IND_09235,EUR,0.4284841914053515,Q2_LowVuln,0
IND_09236,EAS,0.4123952547521769,Q2_LowVuln,0
IND_09237,SAS,0.3644849279690439,Q2_LowVuln,0
IND_09238,SAS,0.8868697998972217,Q4_HighestVuln,1
IND_09239,EAS,0.6881886678824997,Q3_MedVuln,0
IND_09240,SAS,0.6745447023158393,Q3_MedVuln,0
IND_09241,AFR,0.8319068776910095,Q4_HighestVuln,1
IND_09242,SAS,0.20971804200767286,Q1_LowestVuln,0
IND_09243,EUR,0.5115457222711568,Q3_MedVuln,0
IND_09244,AMR,0.7228668581684455,Q3_MedVuln,0
IND_09245,AFR,0.5617628770311357,Q3_MedVuln,0
IND_09246,EAS,0.3634031357689861,Q2_LowVuln,0
IND_09247,AFR,0.625836726315295,Q3_MedVuln,0
IND_09248,EAS,0.8911610665907449,Q4_HighestVuln,1
IND_09249,EAS,0.5159584214260454,Q3_MedVuln,0
IND_09250,AMR,0.7553903031567337,Q4_HighestVuln,1
IND_09251,AFR,0.4411312743626593,Q2_LowVuln,0
IND_09252,SAS,0.7086487731163092,Q3_MedVuln,0
IND_09253,EAS,0.12894534484408857,Q1_LowestVuln,0
IND_09254,EAS,0.5434980477813588,Q3_MedVuln,0
IND_09255,AMR,0.5656056379304577,Q3_MedVuln,0
IND_09256,EAS,0.41797329866399213,Q2_LowVuln,0
IND_09257,EUR,0.8134676979131855,Q4_HighestVuln,1
IND_09258,SAS,0.5474875002023503,Q3_MedVuln,0
IND_09259,SAS,0.35982300482159635,Q2_LowVuln,0
IND_09260,AFR,0.6074917446459637,Q3_MedVuln,0
IND_09261,EUR,0.7358520057268382,Q3_MedVuln,0
IND_09262,EUR,0.38707836947432683,Q2_LowVuln,0
IND_09263,AMR,0.37344390477812994,Q2_LowVuln,0
IND_09264,EAS,0.4837329078495794,Q2_LowVuln,0
IND_09265,AFR,0.6783421592175858,Q3_MedVuln,0
IND_09266,AFR,0.2748552057748331,Q2_LowVuln,0
IND_09267,AFR,0.6343062112728838,Q3_MedVuln,0
IND_09268,EAS,0.5688160729976967,Q3_MedVuln,0
IND_09269,AFR,0.7799628676922707,Q4_HighestVuln,1
IND_09270,AFR,0.5870294666301836,Q3_MedVuln,0
IND_09271,AFR,0.4619716224994667,Q2_LowVuln,0
IND_09272,EAS,0.4119170171824472,Q2_LowVuln,0
IND_09273,AFR,0.5708268426413973,Q3_MedVuln,0
IND_09274,EAS,0.5843219164353253,Q3_MedVuln,0
IND_09275,SAS,0.25076277660038154,Q2_LowVuln,0
IND_09276,SAS,0.3558895663846005,Q2_LowVuln,0
IND_09277,AFR,0.383565119893426,Q2_LowVuln,0
IND_09278,SAS,0.6040076503632009,Q3_MedVuln,0
IND_09279,SAS,0.7741569227484371,Q4_HighestVuln,1
IND_09280,EUR,0.2319873744348459,Q1_LowestVuln,0
IND_09281,SAS,0.48623952257370634,Q2_LowVuln,0
IND_09282,AFR,0.9384748075777279,Q4_HighestVuln,1
IND_09283,EUR,0.30120907320022744,Q2_LowVuln,0
IND_09284,SAS,0.4734163897917461,Q2_LowVuln,0
IND_09285,AFR,0.21157326639527735,Q1_LowestVuln,0
IND_09286,EAS,0.1275804943662394,Q1_LowestVuln,0
IND_09287,EUR,0.16106813025791428,Q1_LowestVuln,0
IND_09288,EAS,0.5431757076429591,Q3_MedVuln,0
IND_09289,SAS,0.22769141597552664,Q1_LowestVuln,0
IND_09290,EAS,0.18916520698856354,Q1_LowestVuln,0
IND_09291,EUR,0.1476060995200729,Q1_LowestVuln,0
IND_09292,EUR,0.7137910023970601,Q3_MedVuln,0
IND_09293,AMR,0.5953149394229473,Q3_MedVuln,0
IND_09294,AFR,0.36642724832861623,Q2_LowVuln,0
IND_09295,SAS,0.5108922527232791,Q3_MedVuln,0
IND_09296,EAS,0.47152071245831023,Q2_LowVuln,0
IND_09297,SAS,0.2113501355572882,Q1_LowestVuln,0
IND_09298,EAS,0.39167262596513625,Q2_LowVuln,0
IND_09299,SAS,0.3140194721615859,Q2_LowVuln,0
IND_09300,EUR,0.4049199034401204,Q2_LowVuln,0
IND_09301,AFR,0.6124896684707278,Q3_MedVuln,0
IND_09302,EAS,0.19349944011957054,Q1_LowestVuln,0
IND_09303,AMR,0.44575762848367756,Q2_LowVuln,0
IND_09304,AFR,0.6400401323636585,Q3_MedVuln,0
IND_09305,AFR,0.32558655065127257,Q2_LowVuln,0
IND_09306,SAS,0.34885734025157517,Q2_LowVuln,0
IND_09307,AFR,0.5864733103401989,Q3_MedVuln,0
IND_09308,AFR,0.7119263109429869,Q3_MedVuln,0
IND_09309,AFR,0.7484538104555514,Q3_MedVuln,0
IND_09310,EUR,0.40779103943292333,Q2_LowVuln,0
IND_09311,AFR,0.4416348478912924,Q2_LowVuln,0
IND_09312,AMR,0.702426381504264,Q3_MedVuln,0
IND_09313,AFR,0.9175808424488576,Q4_HighestVuln,1
IND_09314,AFR,0.7702076581420605,Q4_HighestVuln,1
IND_09315,AMR,0.19556208725295401,Q1_LowestVuln,0
IND_09316,EUR,0.2883760419148919,Q2_LowVuln,0
IND_09317,EUR,0.3397505661199233,Q2_LowVuln,0
IND_09318,EUR,0.768860606858707,Q4_HighestVuln,1
IND_09319,AFR,0.25617496498061937,Q2_LowVuln,0
IND_09320,EUR,0.19720920295317224,Q1_LowestVuln,0
IND_09321,EUR,0.2265207024678703,Q1_LowestVuln,0
IND_09322,EUR,0.238875413343232,Q1_LowestVuln,0
IND_09323,EUR,0.25376008137416456,Q2_LowVuln,0
IND_09324,AMR,0.6490253761172795,Q3_MedVuln,0
IND_09325,EAS,0.639493034272244,Q3_MedVuln,0
IND_09326,AMR,0.6733302433544285,Q3_MedVuln,0
IND_09327,EAS,0.3068448562489199,Q2_LowVuln,0
IND_09328,SAS,0.23335979158751455,Q1_LowestVuln,0
IND_09329,SAS,0.36653850817755074,Q2_LowVuln,0
IND_09330,SAS,0.40921342397043875,Q2_LowVuln,0
IND_09331,AFR,0.5314117651113016,Q3_MedVuln,0
IND_09332,EAS,0.4396205462873405,Q2_LowVuln,0
IND_09333,EUR,0.6188979212518785,Q3_MedVuln,0
IND_09334,AFR,0.8994155826038877,Q4_HighestVuln,1
IND_09335,EAS,0.7986600553662272,Q4_HighestVuln,1
IND_09336,EAS,0.2921031769762032,Q2_LowVuln,0
IND_09337,EAS,0.46411617983614584,Q2_LowVuln,0
IND_09338,EUR,0.4286603033888918,Q2_LowVuln,0
IND_09339,SAS,0.2820067501277759,Q2_LowVuln,0
IND_09340,AFR,0.4939600670958303,Q2_LowVuln,0
IND_09341,EAS,0.05429815371765376,Q1_LowestVuln,0
IND_09342,SAS,0.6188746285225001,Q3_MedVuln,0
IND_09343,AFR,0.4191597483245673,Q2_LowVuln,0
IND_09344,EUR,0.5662659259540141,Q3_MedVuln,0
IND_09345,EAS,0.2808231881360936,Q2_LowVuln,0
IND_09346,AFR,0.6886064555630242,Q3_MedVuln,0
IND_09347,AFR,0.7585495690151357,Q4_HighestVuln,1
IND_09348,AFR,0.731711401084933,Q3_MedVuln,0
IND_09349,EUR,0.6957948542469091,Q3_MedVuln,0
IND_09350,EUR,0.2635916997946621,Q2_LowVuln,0
IND_09351,AMR,0.6548046393751893,Q3_MedVuln,0
IND_09352,AFR,0.8304833871734452,Q4_HighestVuln,1
IND_09353,EAS,0.44574388196994874,Q2_LowVuln,0
IND_09354,SAS,0.5973633336711289,Q3_MedVuln,0
IND_09355,AFR,0.503609826901791,Q3_MedVuln,0
IND_09356,SAS,0.45948385363126804,Q2_LowVuln,0
IND_09357,EUR,0.7063121447140994,Q3_MedVuln,0
IND_09358,SAS,0.4819153635537659,Q2_LowVuln,0
IND_09359,EAS,0.6350538820876406,Q3_MedVuln,0
IND_09360,AMR,0.7210736341492178,Q3_MedVuln,0
IND_09361,AFR,0.7890010593889697,Q4_HighestVuln,1
IND_09362,AFR,0.8150611926489917,Q4_HighestVuln,1
IND_09363,EUR,0.46054488425019496,Q2_LowVuln,0
IND_09364,AFR,0.4482753157221021,Q2_LowVuln,0
IND_09365,EAS,0.31375385857586724,Q2_LowVuln,0
IND_09366,AFR,0.6363112787163054,Q3_MedVuln,0
IND_09367,SAS,0.575198091985885,Q3_MedVuln,0
IND_09368,AMR,0.719870500071516,Q3_MedVuln,0
IND_09369,EAS,0.29788506406304255,Q2_LowVuln,0
IND_09370,SAS,0.8924192580549157,Q4_HighestVuln,1
IND_09371,EUR,0.34832907264869306,Q2_LowVuln,0
IND_09372,SAS,0.606435150246812,Q3_MedVuln,0
IND_09373,AFR,0.5702244000349704,Q3_MedVuln,0
IND_09374,EUR,0.7327667624918819,Q3_MedVuln,0
IND_09375,EAS,0.5394419302563217,Q3_MedVuln,0
IND_09376,EUR,0.23450021801438217,Q1_LowestVuln,0
IND_09377,AFR,0.6948029401645535,Q3_MedVuln,0
IND_09378,SAS,0.20383329550015802,Q1_LowestVuln,0
IND_09379,SAS,0.17623945760883244,Q1_LowestVuln,0
IND_09380,AFR,0.4820386678896343,Q2_LowVuln,0
IND_09381,AFR,0.5104214973566931,Q3_MedVuln,0
IND_09382,EAS,0.09686155746621253,Q1_LowestVuln,0
IND_09383,AMR,0.7235330100465888,Q3_MedVuln,0
IND_09384,EUR,0.5267124274537586,Q3_MedVuln,0
IND_09385,AFR,0.7808007431008935,Q4_HighestVuln,1
IND_09386,EUR,0.23479100661373453,Q1_LowestVuln,0
IND_09387,EAS,0.6457870871597069,Q3_MedVuln,0
IND_09388,AFR,0.7416569561144901,Q3_MedVuln,0
IND_09389,AFR,0.6049194649981217,Q3_MedVuln,0
IND_09390,SAS,0.4996288905460227,Q2_LowVuln,0
IND_09391,SAS,0.44243004299258604,Q2_LowVuln,0
IND_09392,SAS,0.5843017156437204,Q3_MedVuln,0
IND_09393,EUR,0.6689654734927016,Q3_MedVuln,0
IND_09394,EAS,0.6374791392802905,Q3_MedVuln,0
IND_09395,EAS,0.06749887766688614,Q1_LowestVuln,0
IND_09396,AMR,0.14878085155253393,Q1_LowestVuln,0
IND_09397,AFR,0.8363282555075373,Q4_HighestVuln,1
IND_09398,AFR,0.6703157442131201,Q3_MedVuln,0
IND_09399,AFR,0.6169740562921624,Q3_MedVuln,0
IND_09400,AFR,0.2200822679066452,Q1_LowestVuln,0
IND_09401,EAS,0.3682846658099321,Q2_LowVuln,0
IND_09402,AFR,0.8609290645459065,Q4_HighestVuln,1
IND_09403,EUR,0.6193846696086022,Q3_MedVuln,0
IND_09404,EUR,0.2233869943827382,Q1_LowestVuln,0
IND_09405,AFR,0.3040902301576517,Q2_LowVuln,0
IND_09406,EAS,0.6914792301316496,Q3_MedVuln,0
IND_09407,EAS,0.4270938786920396,Q2_LowVuln,0
IND_09408,AFR,0.46701903662411814,Q2_LowVuln,0
IND_09409,EAS,0.13578656029960037,Q1_LowestVuln,0
IND_09410,EUR,0.7092444438967357,Q3_MedVuln,0
IND_09411,AFR,0.4610531206195942,Q2_LowVuln,0
IND_09412,EAS,0.6627311066626059,Q3_MedVuln,0
IND_09413,AFR,0.8938544253065291,Q4_HighestVuln,1
IND_09414,AFR,0.48066736293482465,Q2_LowVuln,0
IND_09415,AMR,0.82396759031822,Q4_HighestVuln,1
IND_09416,EAS,0.27415950557039254,Q2_LowVuln,0
IND_09417,SAS,0.7085298022400622,Q3_MedVuln,0
IND_09418,AFR,0.8867795786940401,Q4_HighestVuln,1
IND_09419,SAS,0.7875560350686962,Q4_HighestVuln,1
IND_09420,EAS,0.43019734170337576,Q2_LowVuln,0
IND_09421,EUR,0.3471463709487035,Q2_LowVuln,0
IND_09422,AFR,0.6809928719285137,Q3_MedVuln,0
IND_09423,AFR,0.3278656042935505,Q2_LowVuln,0
IND_09424,EAS,0.4905174609757359,Q2_LowVuln,0
IND_09425,SAS,0.30984406179166846,Q2_LowVuln,0
IND_09426,AFR,0.4543336424233132,Q2_LowVuln,0
IND_09427,EUR,0.3565860136770281,Q2_LowVuln,0
IND_09428,EUR,0.2590754777200163,Q2_LowVuln,0
IND_09429,EAS,0.04115011868764396,Q1_LowestVuln,0
IND_09430,EAS,0.9350404357858553,Q4_HighestVuln,1
IND_09431,AFR,0.685471856764287,Q3_MedVuln,0
IND_09432,AMR,0.7163010519078077,Q3_MedVuln,0
IND_09433,SAS,0.3859212397152185,Q2_LowVuln,0
IND_09434,EAS,0.38132681753531433,Q2_LowVuln,0
IND_09435,SAS,0.7815520859803299,Q4_HighestVuln,1
IND_09436,EAS,0.3196931413446866,Q2_LowVuln,0
IND_09437,AFR,0.36726777607497363,Q2_LowVuln,0
IND_09438,AFR,0.3448369969176308,Q2_LowVuln,0
IND_09439,EAS,0.4328744995073743,Q2_LowVuln,0
IND_09440,AFR,0.43973215708992686,Q2_LowVuln,0
IND_09441,EUR,0.7262215936935204,Q3_MedVuln,0
IND_09442,SAS,0.33416149639888615,Q2_LowVuln,0
IND_09443,EUR,0.40009192468573584,Q2_LowVuln,0
IND_09444,AFR,0.7161933159367131,Q3_MedVuln,0
IND_09445,EUR,0.2491316885252124,Q1_LowestVuln,0
IND_09446,EUR,0.4128101844156639,Q2_LowVuln,0
IND_09447,AMR,0.7124872371050246,Q3_MedVuln,0
IND_09448,EAS,0.19651435272684092,Q1_LowestVuln,0
IND_09449,SAS,0.4266636083067328,Q2_LowVuln,0
IND_09450,EAS,0.2781852281209904,Q2_LowVuln,0
IND_09451,EAS,0.10269482483056205,Q1_LowestVuln,0
IND_09452,EAS,0.42684427044253637,Q2_LowVuln,0
IND_09453,EAS,0.4131187628316077,Q2_LowVuln,0
IND_09454,SAS,0.500373398961637,Q3_MedVuln,0
IND_09455,EAS,0.24278671892534218,Q1_LowestVuln,0
IND_09456,EAS,0.47316567678004035,Q2_LowVuln,0
IND_09457,SAS,0.23911754841949007,Q1_LowestVuln,0
IND_09458,EUR,0.14895890209272858,Q1_LowestVuln,0
IND_09459,AMR,0.7571919777473449,Q4_HighestVuln,1
IND_09460,SAS,0.2877427806769973,Q2_LowVuln,0
IND_09461,AMR,0.43241743487410206,Q2_LowVuln,0
IND_09462,AMR,0.5362657877621683,Q3_MedVuln,0
IND_09463,EUR,0.3087081438318818,Q2_LowVuln,0
IND_09464,EAS,0.410739144743039,Q2_LowVuln,0
IND_09465,EUR,0.284785211811356,Q2_LowVuln,0
IND_09466,AFR,0.4373372321247693,Q2_LowVuln,0
IND_09467,AMR,0.7351019722660111,Q3_MedVuln,0
IND_09468,EAS,0.6864567719351513,Q3_MedVuln,0
IND_09469,AFR,0.8805101101022954,Q4_HighestVuln,1
IND_09470,EUR,0.8296551693333948,Q4_HighestVuln,1
IND_09471,AMR,0.7224311720282827,Q3_MedVuln,0
IND_09472,AMR,0.7690186419842807,Q4_HighestVuln,1
IND_09473,EAS,0.41275470896999183,Q2_LowVuln,0
IND_09474,EUR,0.20706406139643296,Q1_LowestVuln,0
IND_09475,EUR,0.14697537960985096,Q1_LowestVuln,0
IND_09476,AFR,0.7778451773548675,Q4_HighestVuln,1
IND_09477,AFR,0.7276063258654296,Q3_MedVuln,0
IND_09478,EUR,0.18971302789732467,Q1_LowestVuln,0
IND_09479,SAS,0.9434259362347258,Q4_HighestVuln,1
IND_09480,EAS,0.2824401430880014,Q2_LowVuln,0
IND_09481,SAS,0.40923688241820677,Q2_LowVuln,0
IND_09482,SAS,0.6560428179601066,Q3_MedVuln,0
IND_09483,AMR,0.7053253400690866,Q3_MedVuln,0
IND_09484,AFR,0.6359756848344396,Q3_MedVuln,0
IND_09485,AMR,0.24060703809176942,Q1_LowestVuln,0
IND_09486,EAS,0.36818352000077514,Q2_LowVuln,0
IND_09487,EUR,0.17414458708017502,Q1_LowestVuln,0
IND_09488,AMR,0.734613274638236,Q3_MedVuln,0
IND_09489,EAS,0.5341381368935533,Q3_MedVuln,0
IND_09490,AFR,0.8043339701544734,Q4_HighestVuln,1
IND_09491,EUR,0.6658819139556221,Q3_MedVuln,0
IND_09492,EAS,0.5001917888650563,Q3_MedVuln,0
IND_09493,EUR,0.5075704188318887,Q3_MedVuln,0
IND_09494,SAS,0.6092814834101135,Q3_MedVuln,0
IND_09495,EAS,0.571011543328589,Q3_MedVuln,0
IND_09496,EUR,0.46249708760329344,Q2_LowVuln,0
IND_09497,AFR,0.7474901109033257,Q3_MedVuln,0
IND_09498,EAS,0.05973858867725293,Q1_LowestVuln,0
IND_09499,EAS,0.3818997195768815,Q2_LowVuln,0
IND_09500,AFR,0.5575638073063076,Q3_MedVuln,0
IND_09501,EAS,0.06796820241965991,Q1_LowestVuln,0
IND_09502,EAS,0.5627095692342371,Q3_MedVuln,0
IND_09503,EAS,0.1522866027650081,Q1_LowestVuln,0
IND_09504,EUR,0.4227828732016786,Q2_LowVuln,0
IND_09505,AMR,0.4328720663829093,Q2_LowVuln,0
IND_09506,AMR,0.7506478533054993,Q4_HighestVuln,1
IND_09507,EUR,0.2913507179399094,Q2_LowVuln,0
IND_09508,AMR,0.551951984045696,Q3_MedVuln,0
IND_09509,EUR,0.2137904310605151,Q1_LowestVuln,0
IND_09510,AMR,0.7402070060313335,Q3_MedVuln,0
IND_09511,EAS,0.1638381422809266,Q1_LowestVuln,0
IND_09512,EAS,0.589515464319129,Q3_MedVuln,0
IND_09513,AMR,0.36855772727300773,Q2_LowVuln,0
IND_09514,SAS,0.7215842062657142,Q3_MedVuln,0
IND_09515,EAS,0.40557414921563995,Q2_LowVuln,0
IND_09516,EAS,0.09045611658607579,Q1_LowestVuln,0
IND_09517,EUR,0.17061411594272255,Q1_LowestVuln,0
IND_09518,EUR,0.25356438776498,Q2_LowVuln,0
IND_09519,EAS,0.443552345440284,Q2_LowVuln,0
IND_09520,EUR,0.28904372209707274,Q2_LowVuln,0
IND_09521,AFR,0.40525256996091424,Q2_LowVuln,0
IND_09522,EAS,0.4581629294328678,Q2_LowVuln,0
IND_09523,EUR,0.4073661101779102,Q2_LowVuln,0
IND_09524,EUR,0.39240298848145644,Q2_LowVuln,0
IND_09525,AMR,0.29645958529759425,Q2_LowVuln,0
IND_09526,AFR,0.6193527723694979,Q3_MedVuln,0
IND_09527,AFR,0.8171188063689121,Q4_HighestVuln,1
IND_09528,AFR,0.49475437996886806,Q2_LowVuln,0
IND_09529,EUR,0.5377188086865637,Q3_MedVuln,0
IND_09530,SAS,0.40396858875837244,Q2_LowVuln,0
IND_09531,AFR,0.5481842155480172,Q3_MedVuln,0
IND_09532,AFR,0.3281904497626553,Q2_LowVuln,0
IND_09533,EUR,0.4509183443102772,Q2_LowVuln,0
IND_09534,AMR,0.7676990427064619,Q4_HighestVuln,1
IND_09535,EAS,0.5108944919793541,Q3_MedVuln,0
IND_09536,AFR,0.9305055899862154,Q4_HighestVuln,1
IND_09537,EUR,0.17460084123180786,Q1_LowestVuln,0
IND_09538,AFR,0.46438619863145275,Q2_LowVuln,0
IND_09539,EUR,0.4473080962107111,Q2_LowVuln,0
IND_09540,EUR,0.23752959739120388,Q1_LowestVuln,0
IND_09541,SAS,0.6404677100163986,Q3_MedVuln,0
IND_09542,AFR,0.575607420076848,Q3_MedVuln,0
IND_09543,AFR,0.7209518365676878,Q3_MedVuln,0
IND_09544,EAS,0.8408206338414014,Q4_HighestVuln,1
IND_09545,AFR,0.7943658372700237,Q4_HighestVuln,1
IND_09546,EUR,0.12548195717523555,Q1_LowestVuln,0
IND_09547,AFR,0.6516217903622354,Q3_MedVuln,0
IND_09548,EUR,0.6809468507617341,Q3_MedVuln,0
IND_09549,SAS,0.4984425567893331,Q2_LowVuln,0
IND_09550,SAS,0.5755833201714756,Q3_MedVuln,0
IND_09551,AFR,0.9100886945980564,Q4_HighestVuln,1
IND_09552,SAS,0.2772545532453433,Q2_LowVuln,0
IND_09553,AFR,0.6982603634520438,Q3_MedVuln,0
IND_09554,EAS,0.3652803362722702,Q2_LowVuln,0
IND_09555,EAS,0.15975139002028058,Q1_LowestVuln,0
IND_09556,AFR,0.5469702344914722,Q3_MedVuln,0
IND_09557,EAS,0.43291761051756356,Q2_LowVuln,0
IND_09558,AMR,0.8264811005573499,Q4_HighestVuln,1
IND_09559,EUR,0.3970644163330485,Q2_LowVuln,0
IND_09560,EAS,0.2841852033661876,Q2_LowVuln,0
IND_09561,SAS,0.6418909649987804,Q3_MedVuln,0
IND_09562,EAS,0.3020098860034749,Q2_LowVuln,0
IND_09563,AFR,0.44560801758066876,Q2_LowVuln,0
IND_09564,AMR,0.600899057325677,Q3_MedVuln,0
IND_09565,SAS,0.7828367179536965,Q4_HighestVuln,1
IND_09566,AMR,0.6918577533241397,Q3_MedVuln,0
IND_09567,AMR,0.3581641545327288,Q2_LowVuln,0
IND_09568,SAS,0.19790589528466043,Q1_LowestVuln,0
IND_09569,EUR,0.6153091903924756,Q3_MedVuln,0
IND_09570,EUR,0.4583928020973612,Q2_LowVuln,0
IND_09571,AMR,0.3778610520487392,Q2_LowVuln,0
IND_09572,AFR,0.5634820462382668,Q3_MedVuln,0
IND_09573,EUR,0.3709038298326292,Q2_LowVuln,0
IND_09574,EAS,0.46321138307990384,Q2_LowVuln,0
IND_09575,EAS,0.288192700073502,Q2_LowVuln,0
IND_09576,SAS,0.44159548882116734,Q2_LowVuln,0
IND_09577,AFR,0.8667270007967096,Q4_HighestVuln,1
IND_09578,EAS,0.47656353796223716,Q2_LowVuln,0
IND_09579,AFR,0.30066841031261476,Q2_LowVuln,0
IND_09580,EAS,0.43974807846586156,Q2_LowVuln,0
IND_09581,EUR,0.4341104967857535,Q2_LowVuln,0
IND_09582,SAS,0.6600968874499803,Q3_MedVuln,0
IND_09583,AMR,0.7580320045684592,Q4_HighestVuln,1
IND_09584,SAS,0.43885677089668007,Q2_LowVuln,0
IND_09585,EUR,0.6322933038191711,Q3_MedVuln,0
IND_09586,AFR,0.8673960285838591,Q4_HighestVuln,1
IND_09587,AFR,0.4711349772458157,Q2_LowVuln,0
IND_09588,AFR,0.8252456806227295,Q4_HighestVuln,1
IND_09589,EAS,0.6063539471326129,Q3_MedVuln,0
IND_09590,AMR,0.6833487431337574,Q3_MedVuln,0
IND_09591,EUR,0.19195169927319172,Q1_LowestVuln,0
IND_09592,SAS,0.731771035609049,Q3_MedVuln,0
IND_09593,AFR,0.8408090830384632,Q4_HighestVuln,1
IND_09594,SAS,0.40923344522024885,Q2_LowVuln,0
IND_09595,EUR,0.4691294631902238,Q2_LowVuln,0
IND_09596,AMR,0.5707255262703508,Q3_MedVuln,0
IND_09597,AMR,0.596717251059088,Q3_MedVuln,0
IND_09598,AFR,0.49119224611550766,Q2_LowVuln,0
IND_09599,AMR,0.4736748065092847,Q2_LowVuln,0
IND_09600,EUR,0.59119742118144,Q3_MedVuln,0
IND_09601,EUR,0.09437842904051022,Q1_LowestVuln,0
IND_09602,AFR,0.5239772802355017,Q3_MedVuln,0
IND_09603,EUR,0.1449333778221475,Q1_LowestVuln,0
IND_09604,EUR,0.4877108141836833,Q2_LowVuln,0
IND_09605,EAS,0.025868843448872265,Q1_LowestVuln,0
IND_09606,EAS,0.094595188541729,Q1_LowestVuln,0
IND_09607,AFR,0.7485534213069973,Q3_MedVuln,0
IND_09608,EUR,0.7289615869161852,Q3_MedVuln,0
IND_09609,AMR,0.7058116992551582,Q3_MedVuln,0
IND_09610,EUR,0.28791430411931446,Q2_LowVuln,0
IND_09611,AMR,0.6215091554119728,Q3_MedVuln,0
IND_09612,AFR,0.638359056908497,Q3_MedVuln,0
IND_09613,EAS,0.4931646181686747,Q2_LowVuln,0
IND_09614,AMR,0.2766757835881554,Q2_LowVuln,0
IND_09615,EUR,0.23787290205123662,Q1_LowestVuln,0
IND_09616,AMR,0.7274357249637258,Q3_MedVuln,0
IND_09617,SAS,0.5051944910231205,Q3_MedVuln,0
IND_09618,AFR,0.5960821440688991,Q3_MedVuln,0
IND_09619,EUR,0.19157083244564962,Q1_LowestVuln,0
IND_09620,EUR,0.723963914436382,Q3_MedVuln,0
IND_09621,EAS,0.028235693642103116,Q1_LowestVuln,0
IND_09622,AFR,0.6002617421839407,Q3_MedVuln,0
IND_09623,SAS,0.09522603234920199,Q1_LowestVuln,0
IND_09624,EUR,0.4470594865615224,Q2_LowVuln,0
IND_09625,AMR,0.695495943655859,Q3_MedVuln,0
IND_09626,AFR,0.5434561466123661,Q3_MedVuln,0
IND_09627,EUR,0.3299357746036623,Q2_LowVuln,0
IND_09628,AFR,0.4874669193126903,Q2_LowVuln,0
IND_09629,EAS,0.8334357923435602,Q4_HighestVuln,1
IND_09630,EAS,0.5538989093909847,Q3_MedVuln,0
IND_09631,AFR,0.548033406566946,Q3_MedVuln,0
IND_09632,AFR,0.7399387290555475,Q3_MedVuln,0
IND_09633,AFR,0.3506073490792535,Q2_LowVuln,0
IND_09634,AFR,0.6421873851974753,Q3_MedVuln,0
IND_09635,AMR,0.4004110576785596,Q2_LowVuln,0
IND_09636,EAS,0.20879276385872564,Q1_LowestVuln,0
IND_09637,AMR,0.2404220866692336,Q1_LowestVuln,0
IND_09638,EAS,0.4520777874927856,Q2_LowVuln,0
IND_09639,SAS,0.3384173775196857,Q2_LowVuln,0
IND_09640,SAS,0.787197631098187,Q4_HighestVuln,1
IND_09641,AMR,0.5875505925962736,Q3_MedVuln,0
IND_09642,SAS,0.5089228652922556,Q3_MedVuln,0
IND_09643,EUR,0.7327623179915211,Q3_MedVuln,0
IND_09644,EUR,0.308690671355444,Q2_LowVuln,0
IND_09645,EAS,0.7936802836582292,Q4_HighestVuln,1
IND_09646,EAS,0.6746046132450756,Q3_MedVuln,0
IND_09647,AFR,0.46187155263590446,Q2_LowVuln,0
IND_09648,EAS,0.21668836226981025,Q1_LowestVuln,0
IND_09649,AFR,0.7827988676234339,Q4_HighestVuln,1
IND_09650,AFR,0.542652598955267,Q3_MedVuln,0
IND_09651,AFR,0.8132250038425357,Q4_HighestVuln,1
IND_09652,EAS,0.18931175970221117,Q1_LowestVuln,0
IND_09653,SAS,0.3246546852377252,Q2_LowVuln,0
IND_09654,AFR,0.6764615222860783,Q3_MedVuln,0
IND_09655,SAS,0.3075760474552133,Q2_LowVuln,0
IND_09656,SAS,0.807102191460676,Q4_HighestVuln,1
IND_09657,AFR,0.4593909828235769,Q2_LowVuln,0
IND_09658,AFR,0.6584600220663772,Q3_MedVuln,0
IND_09659,AFR,0.5409642721617794,Q3_MedVuln,0
IND_09660,EUR,0.49598435706385385,Q2_LowVuln,0
IND_09661,SAS,0.4172051743817761,Q2_LowVuln,0
IND_09662,EAS,0.06778643690847753,Q1_LowestVuln,0
IND_09663,EUR,0.5272574121084699,Q3_MedVuln,0
IND_09664,SAS,0.3652748391263778,Q2_LowVuln,0
IND_09665,SAS,0.841104055896806,Q4_HighestVuln,1
IND_09666,AMR,0.2660360935818404,Q2_LowVuln,0
IND_09667,SAS,0.28884965864580125,Q2_LowVuln,0
IND_09668,SAS,0.5349330604696051,Q3_MedVuln,0
IND_09669,SAS,0.8928752181865814,Q4_HighestVuln,1
IND_09670,EUR,0.04568154166298503,Q1_LowestVuln,0
IND_09671,EAS,0.5818037676872974,Q3_MedVuln,0
IND_09672,AMR,0.16694066255600495,Q1_LowestVuln,0
IND_09673,EAS,0.6512624476097487,Q3_MedVuln,0
IND_09674,AFR,0.8635961132812283,Q4_HighestVuln,1
IND_09675,AFR,0.9171186717403512,Q4_HighestVuln,1
IND_09676,EAS,0.07412545416734628,Q1_LowestVuln,0
IND_09677,EAS,0.6130188441649655,Q3_MedVuln,0
IND_09678,EAS,0.43664595970393705,Q2_LowVuln,0
IND_09679,SAS,0.5844630633781903,Q3_MedVuln,0
IND_09680,EUR,0.4596780527317064,Q2_LowVuln,0
IND_09681,SAS,0.28851651553610863,Q2_LowVuln,0
IND_09682,SAS,0.7603379809994946,Q4_HighestVuln,1
IND_09683,AMR,0.4960868389114148,Q2_LowVuln,0
IND_09684,EUR,0.16425451909379135,Q1_LowestVuln,0
IND_09685,EUR,0.6732104348269217,Q3_MedVuln,0
IND_09686,EAS,0.4993754270231138,Q2_LowVuln,0
IND_09687,AFR,0.8342133946083504,Q4_HighestVuln,1
IND_09688,EAS,0.4942893567149288,Q2_LowVuln,0
IND_09689,EAS,0.09521158825680578,Q1_LowestVuln,0
IND_09690,EAS,0.5426349021490026,Q3_MedVuln,0
IND_09691,AFR,0.4137195522656358,Q2_LowVuln,0
IND_09692,AFR,0.6852433043873258,Q3_MedVuln,0
IND_09693,AMR,0.6384484732952715,Q3_MedVuln,0
IND_09694,EAS,0.3482017948274558,Q2_LowVuln,0
IND_09695,AFR,0.36647835864713124,Q2_LowVuln,0
IND_09696,AMR,0.5284737959245541,Q3_MedVuln,0
IND_09697,AMR,0.7679371375575663,Q4_HighestVuln,1
IND_09698,EUR,0.31417351169840985,Q2_LowVuln,0
IND_09699,SAS,0.5376421948110787,Q3_MedVuln,0
IND_09700,EAS,0.4059133644686892,Q2_LowVuln,0
IND_09701,EUR,0.7898507774634116,Q4_HighestVuln,1
IND_09702,EAS,0.3817729480375111,Q2_LowVuln,0
IND_09703,EUR,0.18478115919838123,Q1_LowestVuln,0
IND_09704,EUR,0.18012346306976496,Q1_LowestVuln,0
IND_09705,EUR,0.6118053879004787,Q3_MedVuln,0
IND_09706,EUR,0.5758142308684546,Q3_MedVuln,0
IND_09707,EUR,0.3788041357894191,Q2_LowVuln,0
IND_09708,EUR,0.16086959859199998,Q1_LowestVuln,0
IND_09709,EAS,0.45462819719101877,Q2_LowVuln,0
IND_09710,SAS,0.3389561689216691,Q2_LowVuln,0
IND_09711,AMR,0.4900963769132982,Q2_LowVuln,0
IND_09712,EAS,0.19696240231322734,Q1_LowestVuln,0
IND_09713,SAS,0.6280540300588086,Q3_MedVuln,0
IND_09714,EAS,0.7565977542028678,Q4_HighestVuln,1
IND_09715,AFR,0.526997960009965,Q3_MedVuln,0
IND_09716,EUR,0.7456793123964695,Q3_MedVuln,0
IND_09717,EUR,0.403125724035632,Q2_LowVuln,0
IND_09718,EAS,0.4993260496135195,Q2_LowVuln,0
IND_09719,AFR,0.474455716281328,Q2_LowVuln,0
IND_09720,AMR,0.37290589582766903,Q2_LowVuln,0
IND_09721,SAS,0.7506970007505405,Q4_HighestVuln,1
IND_09722,EAS,0.30799200547297434,Q2_LowVuln,0
IND_09723,EAS,0.38755139360835,Q2_LowVuln,0
IND_09724,AMR,0.4566395023064006,Q2_LowVuln,0
IND_09725,EAS,0.5686133851796388,Q3_MedVuln,0
IND_09726,AFR,0.5407208553039579,Q3_MedVuln,0
IND_09727,SAS,0.7410280877252532,Q3_MedVuln,0
IND_09728,AFR,0.8663034260177658,Q4_HighestVuln,1
IND_09729,AFR,0.5713036107795192,Q3_MedVuln,0
IND_09730,AFR,0.6417662196436702,Q3_MedVuln,0
IND_09731,AFR,0.8329697301208941,Q4_HighestVuln,1
IND_09732,AFR,0.6579741116245735,Q3_MedVuln,0
IND_09733,EUR,0.19240010114693984,Q1_LowestVuln,0
IND_09734,EAS,0.6699062214537856,Q3_MedVuln,0
IND_09735,EAS,0.10203839465499982,Q1_LowestVuln,0
IND_09736,EAS,0.6005256927162554,Q3_MedVuln,0
IND_09737,EAS,0.5117086746462767,Q3_MedVuln,0
IND_09738,EUR,0.18522219340461094,Q1_LowestVuln,0
IND_09739,EAS,0.23106671137970958,Q1_LowestVuln,0
IND_09740,AFR,0.7089476117838316,Q3_MedVuln,0
IND_09741,AFR,0.3168265787428734,Q2_LowVuln,0
IND_09742,SAS,0.6929720504086984,Q3_MedVuln,0
IND_09743,EAS,0.12109503828931924,Q1_LowestVuln,0
IND_09744,EAS,0.7993690556642129,Q4_HighestVuln,1
IND_09745,AFR,0.38581812431465584,Q2_LowVuln,0
IND_09746,EAS,0.41100614379822925,Q2_LowVuln,0
IND_09747,EAS,0.7420592173637863,Q3_MedVuln,0
IND_09748,AFR,0.686804691909503,Q3_MedVuln,0
IND_09749,AFR,0.5405227836983271,Q3_MedVuln,0
IND_09750,EAS,0.06193698103931594,Q1_LowestVuln,0
IND_09751,AMR,0.24223090147749707,Q1_LowestVuln,0
IND_09752,AMR,0.5449864409145685,Q3_MedVuln,0
IND_09753,EUR,0.23523690440477227,Q1_LowestVuln,0
IND_09754,SAS,0.7049496130933469,Q3_MedVuln,0
IND_09755,SAS,0.09162149385421245,Q1_LowestVuln,0
IND_09756,AFR,0.5326601390085027,Q3_MedVuln,0
IND_09757,AFR,0.8558272902675328,Q4_HighestVuln,1
IND_09758,AMR,0.7635891861507401,Q4_HighestVuln,1
IND_09759,EAS,0.6149933102455246,Q3_MedVuln,0
IND_09760,EUR,0.20247925548860995,Q1_LowestVuln,0
IND_09761,EAS,0.5572066949641388,Q3_MedVuln,0
IND_09762,EAS,0.10148982721167035,Q1_LowestVuln,0
IND_09763,AMR,0.5115167648397432,Q3_MedVuln,0
IND_09764,AFR,0.6849061733756209,Q3_MedVuln,0
IND_09765,AFR,0.8105975948861165,Q4_HighestVuln,1
IND_09766,AMR,0.752555412970108,Q4_HighestVuln,1
IND_09767,AFR,0.630511625571395,Q3_MedVuln,0
IND_09768,SAS,0.7696224796084941,Q4_HighestVuln,1
IND_09769,AFR,0.6752107429320047,Q3_MedVuln,0
IND_09770,SAS,0.6345479003441532,Q3_MedVuln,0
IND_09771,EUR,0.09062064558035593,Q1_LowestVuln,0
IND_09772,AFR,0.704228471123932,Q3_MedVuln,0
IND_09773,EUR,0.6334881165944809,Q3_MedVuln,0
IND_09774,SAS,0.22467288152706813,Q1_LowestVuln,0
IND_09775,EAS,0.39687706374808657,Q2_LowVuln,0
IND_09776,EAS,0.6521983490798446,Q3_MedVuln,0
IND_09777,EAS,0.16999831904414633,Q1_LowestVuln,0
IND_09778,EAS,0.5080592483764509,Q3_MedVuln,0
IND_09779,EAS,0.10254479110617787,Q1_LowestVuln,0
IND_09780,SAS,0.6843532093157721,Q3_MedVuln,0
IND_09781,EUR,0.3902382206862531,Q2_LowVuln,0
IND_09782,AMR,0.9606879193367106,Q4_HighestVuln,1
IND_09783,AMR,0.3416332038728787,Q2_LowVuln,0
IND_09784,AFR,0.42108911547206374,Q2_LowVuln,0
IND_09785,AFR,0.8631467312786413,Q4_HighestVuln,1
IND_09786,EAS,0.3544369373637573,Q2_LowVuln,0
IND_09787,EUR,0.6099568081176303,Q3_MedVuln,0
IND_09788,EAS,0.41498837830727353,Q2_LowVuln,0
IND_09789,AFR,0.5529603074782778,Q3_MedVuln,0
IND_09790,EUR,0.5440314005366068,Q3_MedVuln,0
IND_09791,AFR,0.6161715664131752,Q3_MedVuln,0
IND_09792,EUR,0.06843988816049405,Q1_LowestVuln,0
IND_09793,EUR,0.3819803615170588,Q2_LowVuln,0
IND_09794,EUR,0.6249014019932357,Q3_MedVuln,0
IND_09795,AFR,0.3110885682146294,Q2_LowVuln,0
IND_09796,SAS,0.5645410617743528,Q3_MedVuln,0
IND_09797,AMR,0.8416234976348193,Q4_HighestVuln,1
IND_09798,SAS,0.6563326955294566,Q3_MedVuln,0
IND_09799,AFR,0.6924387582466119,Q3_MedVuln,0
IND_09800,SAS,0.7361594411163577,Q3_MedVuln,0
IND_09801,EUR,0.7107122757749941,Q3_MedVuln,0
IND_09802,SAS,0.16609031722048778,Q1_LowestVuln,0
IND_09803,EAS,0.4040773845764346,Q2_LowVuln,0
IND_09804,EAS,0.23730930109718315,Q1_LowestVuln,0
IND_09805,EAS,0.19602190690150134,Q1_LowestVuln,0
IND_09806,AFR,0.14841520988310306,Q1_LowestVuln,0
IND_09807,EUR,0.4938928684241208,Q2_LowVuln,0
IND_09808,EUR,0.40775320488070127,Q2_LowVuln,0
IND_09809,AFR,0.8215391624046245,Q4_HighestVuln,1
IND_09810,SAS,0.7519087542629087,Q4_HighestVuln,1
IND_09811,AFR,0.16886082112530357,Q1_LowestVuln,0
IND_09812,SAS,0.3820216233322523,Q2_LowVuln,0
IND_09813,AFR,0.5894210745979281,Q3_MedVuln,0
IND_09814,AMR,0.6886135134309777,Q3_MedVuln,0
IND_09815,AFR,0.5316503574637901,Q3_MedVuln,0
IND_09816,SAS,0.41099330752873214,Q2_LowVuln,0
IND_09817,EUR,0.3688066906283149,Q2_LowVuln,0
IND_09818,SAS,0.5071567468355437,Q3_MedVuln,0
IND_09819,SAS,0.6183485672298508,Q3_MedVuln,0
IND_09820,AMR,0.48035106015872814,Q2_LowVuln,0
IND_09821,EUR,0.6225353071746583,Q3_MedVuln,0
IND_09822,EUR,0.05010937568058651,Q1_LowestVuln,0
IND_09823,EAS,0.01891506442301486,Q1_LowestVuln,0
IND_09824,EUR,0.07225544142727156,Q1_LowestVuln,0
IND_09825,EAS,0.3312595987043164,Q2_LowVuln,0
IND_09826,EUR,0.286886106571898,Q2_LowVuln,0
IND_09827,AMR,0.6306451901996122,Q3_MedVuln,0
IND_09828,AMR,0.6359720674764864,Q3_MedVuln,0
IND_09829,AMR,0.7005830940266439,Q3_MedVuln,0
IND_09830,EAS,0.3555384941887845,Q2_LowVuln,0
IND_09831,EUR,0.5303391844299399,Q3_MedVuln,0
IND_09832,AFR,0.9243354575764164,Q4_HighestVuln,1
IND_09833,AFR,0.4366914310155051,Q2_LowVuln,0
IND_09834,AMR,0.7235579487347992,Q3_MedVuln,0
IND_09835,EUR,0.3932080269937055,Q2_LowVuln,0
IND_09836,AFR,0.4799191871246003,Q2_LowVuln,0
IND_09837,EUR,0.49638637725819285,Q2_LowVuln,0
IND_09838,SAS,0.6056644004236275,Q3_MedVuln,0
IND_09839,EAS,0.12787785507487334,Q1_LowestVuln,0
IND_09840,AFR,0.31885811920601276,Q2_LowVuln,0
IND_09841,EAS,0.4409959337362885,Q2_LowVuln,0
IND_09842,EUR,0.20149468633676312,Q1_LowestVuln,0
IND_09843,AMR,0.8102532898920173,Q4_HighestVuln,1
IND_09844,EUR,0.629112922761294,Q3_MedVuln,0
IND_09845,SAS,0.7718467233532217,Q4_HighestVuln,1
IND_09846,AMR,0.7685756138102531,Q4_HighestVuln,1
IND_09847,AFR,0.540243320477371,Q3_MedVuln,0
IND_09848,EAS,0.21514463448367538,Q1_LowestVuln,0
IND_09849,SAS,0.804461262115867,Q4_HighestVuln,1
IND_09850,EUR,0.5087281540293488,Q3_MedVuln,0
IND_09851,EAS,0.4085246531490422,Q2_LowVuln,0
IND_09852,EAS,0.1177590193054086,Q1_LowestVuln,0
IND_09853,EUR,0.324807617698202,Q2_LowVuln,0
IND_09854,SAS,0.5784784990398676,Q3_MedVuln,0
IND_09855,EAS,0.43798341646203587,Q2_LowVuln,0
IND_09856,AFR,0.33243092961000453,Q2_LowVuln,0
IND_09857,SAS,0.15234856779042658,Q1_LowestVuln,0
IND_09858,EAS,0.5415510231883097,Q3_MedVuln,0
IND_09859,SAS,0.580426207426628,Q3_MedVuln,0
IND_09860,EAS,0.22089587558373355,Q1_LowestVuln,0
IND_09861,AMR,0.40243758427052717,Q2_LowVuln,0
IND_09862,EAS,0.3006441483936604,Q2_LowVuln,0
IND_09863,SAS,0.340192146591719,Q2_LowVuln,0
IND_09864,EAS,0.5755324177016299,Q3_MedVuln,0
IND_09865,AMR,0.880292647493082,Q4_HighestVuln,1
IND_09866,EUR,0.38571310657808444,Q2_LowVuln,0
IND_09867,EUR,0.7872578399959237,Q4_HighestVuln,1
IND_09868,EUR,0.23824574681747027,Q1_LowestVuln,0
IND_09869,EUR,0.37900691283059307,Q2_LowVuln,0
IND_09870,EUR,0.7903658190097085,Q4_HighestVuln,1
IND_09871,EAS,0.2669526630030888,Q2_LowVuln,0
IND_09872,SAS,0.6362816681495473,Q3_MedVuln,0
IND_09873,AFR,0.661857172455694,Q3_MedVuln,0
IND_09874,AFR,0.8847994503990443,Q4_HighestVuln,1
IND_09875,EUR,0.7506066032306598,Q4_HighestVuln,1
IND_09876,AMR,0.4079919420149215,Q2_LowVuln,0
IND_09877,EUR,0.6021391869009726,Q3_MedVuln,0
IND_09878,EUR,0.18459157265961884,Q1_LowestVuln,0
IND_09879,SAS,0.5575362260950968,Q3_MedVuln,0
IND_09880,SAS,0.5486626258497974,Q3_MedVuln,0
IND_09881,AFR,0.6887517944384505,Q3_MedVuln,0
IND_09882,AFR,0.23579411961185964,Q1_LowestVuln,0
IND_09883,AMR,0.8603677999776828,Q4_HighestVuln,1
IND_09884,EAS,0.1046180893418849,Q1_LowestVuln,0
IND_09885,AFR,0.42287498638647625,Q2_LowVuln,0
IND_09886,AFR,0.7435191477692066,Q3_MedVuln,0
IND_09887,AFR,0.4318642199859405,Q2_LowVuln,0
IND_09888,AFR,0.7191506777753488,Q3_MedVuln,0
IND_09889,AFR,0.6012947683547637,Q3_MedVuln,0
IND_09890,AFR,0.7253423044779298,Q3_MedVuln,0
IND_09891,EUR,0.2911132722459831,Q2_LowVuln,0
IND_09892,SAS,0.5964319718177826,Q3_MedVuln,0
IND_09893,EUR,0.19381455422189703,Q1_LowestVuln,0
IND_09894,SAS,0.39244180529995654,Q2_LowVuln,0
IND_09895,EUR,0.670029012034686,Q3_MedVuln,0
IND_09896,AFR,0.6433841400926285,Q3_MedVuln,0
IND_09897,AMR,0.5140992225925407,Q3_MedVuln,0
IND_09898,SAS,0.3915683829942517,Q2_LowVuln,0
IND_09899,EAS,0.46331525969703796,Q2_LowVuln,0
IND_09900,AFR,0.2868989164981241,Q2_LowVuln,0
IND_09901,EAS,0.14620600424050947,Q1_LowestVuln,0
IND_09902,EAS,0.3757988181359187,Q2_LowVuln,0
IND_09903,EUR,0.17474369650472044,Q1_LowestVuln,0
IND_09904,EAS,0.31456061809146246,Q2_LowVuln,0
IND_09905,EAS,0.859200598561981,Q4_HighestVuln,1
IND_09906,AFR,0.5961356439759158,Q3_MedVuln,0
IND_09907,AFR,0.46383193824455415,Q2_LowVuln,0
IND_09908,SAS,0.11649842656150662,Q1_LowestVuln,0
IND_09909,SAS,0.580453069447198,Q3_MedVuln,0
IND_09910,EUR,0.8723352162500613,Q4_HighestVuln,1
IND_09911,AFR,0.6626984269393554,Q3_MedVuln,0
IND_09912,AFR,0.7151178296736603,Q3_MedVuln,0
IND_09913,AMR,0.531090532580545,Q3_MedVuln,0
IND_09914,EAS,0.6750569231880903,Q3_MedVuln,0
IND_09915,EUR,0.23915460128139118,Q1_LowestVuln,0
IND_09916,AFR,0.566638228987657,Q3_MedVuln,0
IND_09917,EAS,0.713210059692291,Q3_MedVuln,0
IND_09918,AFR,0.5962291135901525,Q3_MedVuln,0
IND_09919,AFR,0.42505996487509445,Q2_LowVuln,0
IND_09920,AFR,0.6992809243586388,Q3_MedVuln,0
IND_09921,AFR,0.2277461389018432,Q1_LowestVuln,0
IND_09922,EUR,0.18599959424654736,Q1_LowestVuln,0
IND_09923,EAS,0.4979439997856091,Q2_LowVuln,0
IND_09924,SAS,0.3572748934269395,Q2_LowVuln,0
IND_09925,EUR,0.19849090195022942,Q1_LowestVuln,0
IND_09926,SAS,0.40839583103429944,Q2_LowVuln,0
IND_09927,EAS,0.5679555820703724,Q3_MedVuln,0
IND_09928,AFR,0.45522035383906223,Q2_LowVuln,0
IND_09929,EAS,0.4647679360128201,Q2_LowVuln,0
IND_09930,AFR,0.6031255043452299,Q3_MedVuln,0
IND_09931,AFR,0.49724444264479156,Q2_LowVuln,0
IND_09932,SAS,0.3365065576351151,Q2_LowVuln,0
IND_09933,SAS,0.41629443467434224,Q2_LowVuln,0
IND_09934,SAS,0.26442937946530715,Q2_LowVuln,0
IND_09935,AMR,0.29594773700024946,Q2_LowVuln,0
IND_09936,EAS,0.4107528605712054,Q2_LowVuln,0
IND_09937,EUR,0.28245154939516637,Q2_LowVuln,0
IND_09938,SAS,0.2713149131092293,Q2_LowVuln,0
IND_09939,AMR,0.4364681622905718,Q2_LowVuln,0
IND_09940,SAS,0.6374482175285997,Q3_MedVuln,0
IND_09941,SAS,0.2766778337990406,Q2_LowVuln,0
IND_09942,AFR,0.5495025404042618,Q3_MedVuln,0
IND_09943,AFR,0.6918402982684699,Q3_MedVuln,0
IND_09944,AFR,0.7356894097737684,Q3_MedVuln,0
IND_09945,EUR,0.5827382846958219,Q3_MedVuln,0
IND_09946,AFR,0.6355978234345246,Q3_MedVuln,0
IND_09947,EAS,0.5369028360280422,Q3_MedVuln,0
IND_09948,EUR,0.26842874877613576,Q2_LowVuln,0
IND_09949,SAS,0.06688719886576054,Q1_LowestVuln,0
IND_09950,EAS,0.6424282720672175,Q3_MedVuln,0
IND_09951,EAS,0.15384695761302186,Q1_LowestVuln,0
IND_09952,SAS,0.5700602235807706,Q3_MedVuln,0
IND_09953,EAS,0.5754145784874461,Q3_MedVuln,0
IND_09954,SAS,0.6374771908550549,Q3_MedVuln,0
IND_09955,SAS,0.3519893521888752,Q2_LowVuln,0
IND_09956,SAS,0.14272681765868123,Q1_LowestVuln,0
IND_09957,AMR,0.7628761597944173,Q4_HighestVuln,1
IND_09958,SAS,0.6079538341168564,Q3_MedVuln,0
IND_09959,AMR,0.43579870274065236,Q2_LowVuln,0
IND_09960,EAS,0.48622679859119683,Q2_LowVuln,0
IND_09961,SAS,0.6093215510532404,Q3_MedVuln,0
IND_09962,EAS,0.42846263357655334,Q2_LowVuln,0
IND_09963,AFR,0.6766826097323536,Q3_MedVuln,0
IND_09964,EAS,0.2158143745036539,Q1_LowestVuln,0
IND_09965,SAS,0.5073272053565472,Q3_MedVuln,0
IND_09966,AMR,0.6037919032987855,Q3_MedVuln,0
IND_09967,EUR,0.6365420383531355,Q3_MedVuln,0
IND_09968,SAS,0.4151903085999717,Q2_LowVuln,0
IND_09969,AFR,0.8834370395392552,Q4_HighestVuln,1
IND_09970,EAS,0.660386545648747,Q3_MedVuln,0
IND_09971,EUR,0.37518415652186343,Q2_LowVuln,0
IND_09972,AFR,0.7854403483079042,Q4_HighestVuln,1
IND_09973,SAS,0.5162550750645323,Q3_MedVuln,0
IND_09974,AMR,0.4999577713230101,Q2_LowVuln,0
IND_09975,SAS,0.5084948779396189,Q3_MedVuln,0
IND_09976,SAS,0.3207551544193157,Q2_LowVuln,0
IND_09977,EUR,0.5372438995261531,Q3_MedVuln,0
IND_09978,EAS,0.3996481145575811,Q2_LowVuln,0
IND_09979,EAS,0.320351830903939,Q2_LowVuln,0
IND_09980,EUR,0.4509091605118459,Q2_LowVuln,0
IND_09981,EAS,0.44969129320148327,Q2_LowVuln,0
IND_09982,SAS,0.6959814598064935,Q3_MedVuln,0
IND_09983,AFR,0.3858004840498046,Q2_LowVuln,0
IND_09984,AMR,0.6549129413778176,Q3_MedVuln,0
IND_09985,SAS,0.7657763587340385,Q4_HighestVuln,1
IND_09986,AFR,0.5193301215429951,Q3_MedVuln,0
IND_09987,SAS,0.8574778979994697,Q4_HighestVuln,1
IND_09988,AFR,0.5042513356437005,Q3_MedVuln,0
IND_09989,AMR,0.5371751724031189,Q3_MedVuln,0
IND_09990,AMR,0.7179403442197215,Q3_MedVuln,0
IND_09991,AMR,0.12794017236546165,Q1_LowestVuln,0
IND_09992,AFR,0.6092931283656777,Q3_MedVuln,0
IND_09993,AFR,0.6295620089496087,Q3_MedVuln,0
IND_09994,AFR,0.6552306441614849,Q3_MedVuln,0
IND_09995,SAS,0.6691051156582485,Q3_MedVuln,0
IND_09996,EAS,0.5127028885472847,Q3_MedVuln,0
IND_09997,SAS,0.7663299829757755,Q4_HighestVuln,1
IND_09998,EUR,0.46725100981304246,Q2_LowVuln,0
IND_09999,AFR,0.7942384403624491,Q4_HighestVuln,1
