state,poverty_rate,unemployment_rate,no_hs_diploma,SES_composite,SES_quartile,high_vulnerability
TX,10.6,5.5,10.0,0.6486844897093147,Q3,0
NJ,7.5,3.9,9.5,0.4551771695310842,Q2,0
SD,12.5,4.1,13.1,0.6942499469552302,Q3,0
IL,4.8,0.9,6.5,0.14767663908338638,Q1_LeastVulnerable,0
FL,16.5,6.9,15.9,0.9239338001273074,Q4_MostVulnerable,1
LA,3.3,4.5,8.5,0.3401761086356885,Q2,0
NC,15.3,7.5,13.7,0.9080734139613833,Q4_MostVulnerable,1
CT,5.3,3.7,8.0,0.31959473795883725,Q2,0
NC,5.9,4.5,8.6,0.40998302567366857,Q2,0
KY,11.3,5.3,13.0,0.7474538510502864,Q4_MostVulnerable,1
SC,16.3,4.7,15.6,0.8106832166348399,Q4_MostVulnerable,1
AR,2.5,0.6,8.9,0.1822087842138765,Q1_LeastVulnerable,0
NC,10.7,4.9,10.5,0.6343093570973902,Q3,0
NY,8.2,4.2,10.2,0.5210057288351368,Q3,0
VA,4.0,4.5,9.7,0.40632293655845536,Q2,0
OH,10.6,6.3,9.1,0.6504349671122428,Q3,0
SC,4.0,4.1,6.4,0.2529705071079992,Q1_LeastVulnerable,0
TX,9.8,4.5,9.9,0.5669424994695523,Q3,0
NC,5.0,1.4,9.3,0.26803522172713773,Q1_LeastVulnerable,0
IL,6.2,4.5,9.9,0.4729471674092934,Q2,0
TX,7.9,5.2,8.5,0.5063653723742839,Q3,0
OR,11.7,1.9,7.8,0.3859537449607469,Q2,0
LA,4.6,2.1,7.8,0.21753660089115212,Q1_LeastVulnerable,0
OH,9.2,3.7,7.7,0.4127943984723106,Q2,0
TX,6.1,4.0,5.1,0.26899002758328033,Q1_LeastVulnerable,0
WV,5.5,2.4,5.2,0.17303203904095057,Q1_LeastVulnerable,0
WA,11.0,5.3,11.2,0.6930829620199449,Q3,0
IN,6.1,3.5,10.8,0.441650753235731,Q2,0
LA,5.6,3.4,7.9,0.3063865902821982,Q2,0
CA,8.5,3.5,9.7,0.46599830256736685,Q2,0
GA,3.0,1.9,8.9,0.21684701888393806,Q1_LeastVulnerable,0
TX,6.2,2.2,5.0,0.17982176957352003,Q1_LeastVulnerable,0
IA,9.3,5.4,10.7,0.6417886696371737,Q3,0
NM,1.3,3.3,5.6,0.13250583492467644,Q1_LeastVulnerable,0
NC,3.7,2.0,8.0,0.19955442393380016,Q1_LeastVulnerable,0
PA,6.3,6.2,7.2,0.464566093783153,Q2,0
CO,10.7,4.8,8.7,0.5539995756418418,Q3,0
IL,19.6,10.2,15.1,0.9783046891576491,Q4_MostVulnerable,1
MA,4.9,2.5,10.7,0.3564078081901125,Q2,0
KS,2.1,0.0,7.8,0.12783789518353492,Q1_LeastVulnerable,0
WI,2.3,3.3,5.1,0.13701464035646085,Q1_LeastVulnerable,0
TN,5.2,3.9,4.9,0.23668576278378953,Q1_LeastVulnerable,0
MI,16.3,6.9,9.8,0.7839486526628475,Q4_MostVulnerable,1
TX,1.8,1.6,8.6,0.17573732230002123,Q1_LeastVulnerable,0
IA,7.1,4.1,6.6,0.3445257797581159,Q2,0
PA,9.4,4.1,9.0,0.49331635900700194,Q3,0
FL,4.6,2.9,9.9,0.33640992998090385,Q2,0
PA,11.6,6.7,7.6,0.625875238701464,Q3,0
MA,14.5,6.6,15.3,0.8896138340759601,Q4_MostVulnerable,1
CA,2.9,3.8,5.9,0.19562911096965838,Q1_LeastVulnerable,0
HI,11.0,4.9,8.2,0.5484829195841289,Q3,0
KY,9.0,4.2,9.0,0.4899214937407172,Q3,0
OR,6.7,2.3,6.9,0.2501060895395714,Q1_LeastVulnerable,0
CA,4.9,2.9,8.3,0.2757797581158498,Q1_LeastVulnerable,0
NY,13.8,1.2,10.6,0.515860386165924,Q3,0
OH,2.9,2.0,2.7,0.07214088690855082,Q1_LeastVulnerable,0
NY,5.4,3.5,7.2,0.2807129217059198,Q1_LeastVulnerable,0
PA,10.3,5.9,7.4,0.5591449183110545,Q3,0
CO,8.2,4.1,9.5,0.48573095692764695,Q2,0
NE,13.3,6.5,9.3,0.713346064078082,Q4_MostVulnerable,1
VA,4.0,0.0,6.0,0.10439210693825589,Q1_LeastVulnerable,0
NM,12.0,5.5,11.4,0.7297899427116485,Q4_MostVulnerable,1
NM,9.7,2.4,9.4,0.42722257585402074,Q2,0
OK,8.8,2.8,9.9,0.4448864841926586,Q2,0
IN,3.4,2.7,8.1,0.2237958837258646,Q1_LeastVulnerable,0
OH,10.2,7.0,7.8,0.614258434118396,Q3,0
VT,5.1,4.1,7.4,0.3145554848291958,Q2,0
AL,24.0,9.2,10.4,0.8706238064926799,Q4_MostVulnerable,1
TX,4.0,3.2,7.5,0.23785274771907491,Q1_LeastVulnerable,0
FL,3.8,2.1,6.3,0.14444090812645874,Q1_LeastVulnerable,0
MA,10.1,4.2,8.1,0.47888818162529173,Q2,0
TN,1.0,3.0,6.1,0.1270422236367494,Q1_LeastVulnerable,0
TN,4.8,1.4,9.7,0.2806068321663484,Q1_LeastVulnerable,0
TX,7.8,5.2,8.0,0.4846170167621473,Q2,0
VA,7.5,3.7,6.8,0.3385847655421175,Q2,0
MA,2.1,3.9,6.4,0.2027901548907278,Q1_LeastVulnerable,0
NY,13.8,7.6,9.2,0.7505834924676428,Q4_MostVulnerable,1
KY,16.2,4.4,11.8,0.7301082113303629,Q4_MostVulnerable,1
IA,7.8,3.5,11.4,0.5140568639932103,Q3,0
LA,2.0,1.3,6.1,0.08253766178654784,Q1_LeastVulnerable,0
OR,1.4,0.0,1.9,0.012465520899639296,Q1_LeastVulnerable,0
MN,3.8,1.6,3.3,0.08306810948440485,Q1_LeastVulnerable,0
SD,9.8,8.6,10.2,0.7349352853808614,Q4_MostVulnerable,1
OR,3.6,4.0,8.5,0.31349458943348185,Q2,0
AK,3.2,5.8,3.4,0.288616592403989,Q1_LeastVulnerable,0
NY,9.7,6.2,10.8,0.6964778272862295,Q3,0
ME,6.6,2.9,11.0,0.43342881391894766,Q2,0
MA,9.1,4.2,13.3,0.6365902821981753,Q3,0
SD,12.1,6.5,11.7,0.7904731593464884,Q4_MostVulnerable,1
MO,5.5,4.3,8.8,0.3951304901336728,Q2,0
TX,7.0,3.2,4.3,0.24029280712921705,Q1_LeastVulnerable,0
OH,5.3,1.3,11.8,0.3729047315934649,Q2,0
MO,8.0,9.3,7.9,0.6055060471037556,Q3,0
PA,7.2,3.9,6.7,0.33969870570761723,Q2,0
AR,9.8,4.4,9.4,0.5390939953320603,Q3,0
AZ,13.3,6.2,14.7,0.8515276893698281,Q4_MostVulnerable,1
CA,11.6,5.1,15.2,0.76973265436028,Q4_MostVulnerable,1
MD,2.9,3.0,6.7,0.1769043072353066,Q1_LeastVulnerable,0
GA,6.3,5.8,10.1,0.5612136643326968,Q3,0
WI,5.0,3.3,7.6,0.27196053469127945,Q1_LeastVulnerable,0
MS,6.8,2.3,6.3,0.2328665393592192,Q1_LeastVulnerable,0
NC,14.3,6.0,15.1,0.8614470613197538,Q4_MostVulnerable,1
ID,3.5,2.3,5.5,0.12385953744960747,Q1_LeastVulnerable,0
IN,5.2,5.7,10.6,0.5446106513897729,Q3,0
IN,7.2,5.9,11.2,0.637332908975175,Q3,0
OH,5.9,3.9,9.2,0.39597920645024404,Q2,0
MI,4.6,1.5,11.0,0.3304689157649056,Q2,0
MS,9.1,2.9,14.0,0.5721939316783365,Q3,0
NV,7.9,4.4,8.6,0.46042860173986844,Q2,0
PA,5.4,4.1,6.1,0.2802885635476342,Q1_LeastVulnerable,0
CA,2.1,2.1,2.3,0.059516231699554424,Q1_LeastVulnerable,0
PA,11.0,4.6,15.0,0.7250159134309356,Q4_MostVulnerable,1
MO,5.0,2.6,6.6,0.203108423509442,Q1_LeastVulnerable,0
NC,19.4,7.8,17.0,0.967748779970295,Q4_MostVulnerable,1
IN,15.1,3.0,11.1,0.6124018671758964,Q3,0
LA,12.3,4.0,14.2,0.700986632718014,Q3,0
FL,11.4,4.5,9.3,0.5735730956927647,Q3,0
WV,14.4,8.1,9.8,0.793549755994059,Q4_MostVulnerable,1
MI,13.5,4.8,11.3,0.7082537661786548,Q4_MostVulnerable,1
WY,9.4,5.1,8.7,0.5461489497135582,Q3,0
MI,10.4,5.5,11.4,0.6983874389985147,Q3,0
FL,16.2,8.8,13.0,0.9240929344366645,Q4_MostVulnerable,1
MN,9.2,6.6,10.8,0.7011457670273712,Q3,0
AR,4.4,3.2,6.6,0.2176426904307235,Q1_LeastVulnerable,0
TX,13.6,5.4,10.4,0.7095798854232972,Q4_MostVulnerable,1
SD,10.8,4.2,9.2,0.5367600254614895,Q3,0
OK,1.9,2.2,10.0,0.2545088054317844,Q1_LeastVulnerable,0
NJ,7.0,3.4,8.9,0.3860598345003183,Q2,0
NE,5.8,4.6,3.9,0.2875026522384893,Q1_LeastVulnerable,0
WY,15.6,7.3,11.8,0.8654254190536813,Q4_MostVulnerable,1
ID,6.6,4.9,8.5,0.4517823042647995,Q2,0
PA,4.1,5.1,10.8,0.49161892637385957,Q3,0
NE,14.2,9.0,14.1,0.9226076808826651,Q4_MostVulnerable,1
WV,4.8,3.6,5.5,0.21801400381922345,Q1_LeastVulnerable,0
TN,1.8,4.2,10.7,0.38234670061531933,Q2,0
WY,10.2,4.5,10.0,0.5795671546785487,Q3,0
NV,9.2,6.5,12.1,0.7423615531508593,Q4_MostVulnerable,1
FL,8.4,6.1,6.9,0.5092297899427116,Q3,0
MN,9.9,6.5,5.1,0.5101845957988542,Q3,0
OH,12.2,5.8,8.3,0.6247082537661787,Q3,0
PA,9.7,3.9,3.4,0.3406004667939741,Q2,0
AL,5.4,1.5,11.9,0.38314237216210484,Q2,0
MN,3.3,2.9,7.1,0.19382558879694464,Q1_LeastVulnerable,0
GA,1.9,4.9,4.1,0.2207192870782941,Q1_LeastVulnerable,0
TX,11.7,5.0,11.7,0.7065032887757269,Q3,0
CO,6.6,5.2,8.7,0.4778272862295778,Q2,0
NC,5.1,4.8,8.8,0.41549968173138124,Q2,0
GA,2.0,2.2,8.4,0.18809675366008913,Q1_LeastVulnerable,0
IA,6.2,5.8,7.5,0.4526840653511564,Q2,0
VA,10.8,0.9,8.6,0.37714831317632086,Q2,0
GA,9.5,3.0,11.4,0.5296520263102059,Q3,0
CA,4.1,1.9,8.7,0.23387438998514745,Q1_LeastVulnerable,0
CA,6.5,2.7,8.5,0.3177912157861235,Q2,0
MN,4.1,3.7,11.4,0.42515382983237854,Q2,0
NY,1.9,3.0,5.1,0.1164332696796096,Q1_LeastVulnerable,0
IN,17.4,7.8,11.9,0.895820072140887,Q4_MostVulnerable,1
OH,5.0,4.4,8.3,0.366539359219181,Q2,0
CA,14.6,4.9,10.9,0.7150434967112242,Q4_MostVulnerable,1
TX,6.7,2.2,9.3,0.3385317207723319,Q2,0
SD,11.2,6.0,8.9,0.6418947591767452,Q3,0
WI,11.6,4.5,10.0,0.6077869722045407,Q3,0
VA,8.7,2.3,13.1,0.5240292807129218,Q3,0
IA,10.8,6.7,9.6,0.6900063653723741,Q3,0
KY,11.1,7.4,8.9,0.6895289624443031,Q3,0
OR,13.0,8.2,13.8,0.8912051771695312,Q4_MostVulnerable,1
CO,1.8,2.8,3.8,0.09044133248461701,Q1_LeastVulnerable,0
IL,4.6,4.3,5.9,0.2670804158709951,Q1_LeastVulnerable,0
CA,20.7,10.3,16.5,0.9910884786760025,Q4_MostVulnerable,1
MA,1.5,1.5,7.6,0.13075535752174836,Q1_LeastVulnerable,0
MO,5.6,5.3,10.2,0.5184065351156376,Q3,0
FL,8.1,4.9,7.6,0.4602694674305113,Q2,0
AZ,9.7,6.3,11.0,0.709102482495226,Q4_MostVulnerable,1
OH,14.5,6.6,11.3,0.8148207086781243,Q4_MostVulnerable,1
AK,9.6,6.8,8.6,0.6261404625503925,Q3,0
WV,14.7,6.8,14.8,0.8941226395077445,Q4_MostVulnerable,1
FL,5.5,1.4,6.7,0.18422448546573308,Q1_LeastVulnerable,0
NC,0.9,4.4,6.0,0.20671546785486952,Q1_LeastVulnerable,0
ME,13.1,4.5,11.9,0.7017292594950137,Q3,0
CA,6.6,5.9,6.2,0.4258964566093783,Q2,0
MI,3.8,3.0,8.8,0.2741884150222788,Q1_LeastVulnerable,0
MS,16.9,8.8,14.6,0.9533736473583705,Q4_MostVulnerable,1
TN,4.1,4.9,3.1,0.25758540207935493,Q1_LeastVulnerable,0
OK,5.7,4.3,8.4,0.3835667303203904,Q2,0
CA,8.4,5.3,7.6,0.49114152344578815,Q3,0
FL,7.8,5.0,11.1,0.5994589433481858,Q3,0
IL,5.1,0.5,4.7,0.11033312115425419,Q1_LeastVulnerable,0
CA,11.7,5.7,10.1,0.6857097390197326,Q3,0
MA,4.2,1.6,7.8,0.1947803946530872,Q1_LeastVulnerable,0
WI,14.0,6.5,12.1,0.8309463186929769,Q4_MostVulnerable,1
MN,18.5,5.8,15.8,0.8911521323997453,Q4_MostVulnerable,1
OR,9.2,3.0,6.6,0.3352429450456185,Q2,0
ND,9.3,7.2,13.0,0.7883513685550604,Q4_MostVulnerable,1
TN,4.0,4.8,8.1,0.3604392106938256,Q2,0
FL,21.7,8.5,18.6,0.9837683004455761,Q4_MostVulnerable,1
PA,3.6,3.3,8.5,0.27153617653299383,Q1_LeastVulnerable,0
TX,8.6,4.2,9.3,0.4935815828559304,Q3,0
CO,15.4,7.5,10.1,0.8047422024188414,Q4_MostVulnerable,1
IA,4.7,2.4,6.2,0.17504774029280712,Q1_LeastVulnerable,0
WA,7.8,5.8,12.1,0.675790367069807,Q3,0
PA,4.2,2.9,9.9,0.3275514534266921,Q2,0
IL,11.6,4.9,9.6,0.6168045830681095,Q3,0
MO,13.9,6.2,6.3,0.5988754508805432,Q3,0
KY,3.9,2.3,6.5,0.16051347337152558,Q1_LeastVulnerable,0
MI,1.7,3.0,5.3,0.11675153829832378,Q1_LeastVulnerable,0
IA,0.5,1.3,4.8,0.039253129641417354,Q1_LeastVulnerable,0
ID,4.8,4.1,8.4,0.34479100360704434,Q2,0
NC,8.0,6.2,10.8,0.6564820708678124,Q3,0
PA,15.9,5.7,14.9,0.8596435391470401,Q4_MostVulnerable,1
TX,9.2,4.6,10.5,0.5824315722469765,Q3,0
CO,7.5,4.9,5.2,0.3715255675790366,Q2,0
TN,12.1,5.0,10.4,0.6642266072565245,Q3,0
GA,11.1,6.0,15.2,0.8105771270952684,Q4_MostVulnerable,1
LA,6.6,4.8,9.1,0.46955230214300875,Q2,0
TX,2.7,4.4,7.1,0.269573520050923,Q1_LeastVulnerable,0
MA,12.8,4.9,12.1,0.7300551665605771,Q4_MostVulnerable,1
DE,9.2,3.4,10.4,0.5028644175684277,Q3,0
CO,2.6,2.3,1.5,0.0733078718438362,Q1_LeastVulnerable,0
MI,9.6,3.4,9.3,0.46748355612136644,Q2,0
PA,5.2,4.4,7.5,0.3424570337364736,Q2,0
WY,15.7,5.0,15.4,0.8223530659876936,Q4_MostVulnerable,1
PA,4.3,6.8,7.3,0.43809675366008904,Q2,0
TX,13.1,7.9,8.3,0.7077233184807978,Q3,0
OR,16.9,7.1,14.3,0.9185762783789518,Q4_MostVulnerable,1
TX,6.1,5.1,6.5,0.37571610439210695,Q2,0
CA,8.0,1.9,6.5,0.25885847655421174,Q1_LeastVulnerable,0
VA,10.3,8.9,8.5,0.6783895607893062,Q3,0
KY,9.2,3.9,10.7,0.5455124124761298,Q3,0
VA,2.4,2.5,8.7,0.2187566305962232,Q1_LeastVulnerable,0
CA,6.1,1.1,9.0,0.2791215786123488,Q1_LeastVulnerable,0
OH,14.0,6.9,13.3,0.8699872692552515,Q4_MostVulnerable,1
OK,6.7,2.4,9.3,0.34617016762147257,Q2,0
WY,16.9,7.2,13.7,0.9154996817313812,Q4_MostVulnerable,1
PA,13.8,5.3,13.3,0.794239338001273,Q4_MostVulnerable,1
KY,6.9,2.4,3.6,0.1950986632718014,Q1_LeastVulnerable,0
MO,5.8,2.5,8.1,0.27673456397199236,Q1_LeastVulnerable,0
KS,3.4,3.4,4.6,0.1587099511988118,Q1_LeastVulnerable,0
DE,3.6,1.1,9.1,0.21923403352429452,Q1_LeastVulnerable,0
GA,6.7,2.9,8.1,0.31959473795883725,Q2,0
FL,5.2,4.6,7.7,0.3626670910248249,Q2,0
MO,7.1,8.0,5.6,0.4916189263738595,Q3,0
TX,13.1,6.7,13.6,0.8534373010821134,Q4_MostVulnerable,1
UT,9.2,3.4,10.8,0.5196796095904944,Q3,0
CA,12.3,5.1,12.3,0.7388075535752175,Q4_MostVulnerable,1
CA,7.2,4.2,7.0,0.36823679185232333,Q2,0
GA,9.2,4.2,8.0,0.455389348610227,Q2,0
GA,6.7,5.4,8.8,0.4966051347337152,Q3,0
CA,6.8,4.4,7.0,0.370411627413537,Q2,0
KY,18.0,8.8,14.9,0.9630808402291535,Q4_MostVulnerable,1
NV,5.6,3.2,3.5,0.19302991725015914,Q1_LeastVulnerable,0
MT,10.0,7.0,9.0,0.6573838319541693,Q3,0
MO,4.6,3.1,10.9,0.38531720772331846,Q2,0
IN,17.7,5.8,14.7,0.8783683428813919,Q4_MostVulnerable,1
OH,4.1,6.5,7.4,0.4258964566093783,Q2,0
TN,4.4,0.6,11.1,0.31614682792276677,Q2,0
IA,14.1,5.1,7.4,0.5805219605346913,Q3,0
CA,10.4,4.2,8.6,0.5045088054317844,Q3,0
IL,6.7,7.8,7.6,0.5411096965839168,Q3,0
CO,11.4,8.1,12.4,0.8370464672183323,Q4_MostVulnerable,1
MI,7.6,6.5,10.5,0.645448758752387,Q3,0
CO,5.8,3.2,6.1,0.2375875238701464,Q1_LeastVulnerable,0
MA,6.5,7.6,10.3,0.6383407596011033,Q3,0
FL,16.4,7.5,12.4,0.893857415658816,Q4_MostVulnerable,1
OK,13.0,7.4,13.9,0.8782622533418204,Q4_MostVulnerable,1
AZ,10.1,5.3,8.0,0.544239338001273,Q3,0
MO,8.4,4.4,9.0,0.49013367281986,Q3,0
CO,6.1,3.5,7.1,0.2952471886272014,Q2,0
AL,5.9,3.5,10.1,0.41035433906216845,Q2,0
TX,12.6,6.7,10.3,0.751220029705071,Q4_MostVulnerable,1
NC,2.8,3.4,6.3,0.18151920220666243,Q1_LeastVulnerable,0
CA,2.1,2.6,7.0,0.15398896668788456,Q1_LeastVulnerable,0
NC,11.2,7.6,11.7,0.8065457245915552,Q4_MostVulnerable,1
NM,5.4,0.0,9.5,0.27201357946106514,Q1_LeastVulnerable,0
MI,14.1,7.0,12.5,0.8583174199023977,Q4_MostVulnerable,1
LA,13.3,7.1,10.8,0.7937088903034161,Q4_MostVulnerable,1
TX,8.2,6.2,8.4,0.5630702312751963,Q3,0
GA,13.3,5.9,11.7,0.7817738171016337,Q4_MostVulnerable,1
KY,13.5,6.4,12.3,0.8244218120093358,Q4_MostVulnerable,1
IN,15.4,8.1,12.4,0.893857415658816,Q4_MostVulnerable,1
PA,6.0,6.0,8.0,0.47761510715043504,Q2,0
VT,1.7,2.1,2.8,0.0545830681094844,Q1_LeastVulnerable,0
TN,0.4,2.5,6.5,0.11431147888818162,Q1_LeastVulnerable,0
SC,13.3,8.5,12.0,0.8633036282622534,Q4_MostVulnerable,1
WI,7.7,1.1,10.8,0.39958625079567156,Q2,0
OH,3.6,2.0,6.8,0.15446636961595586,Q1_LeastVulnerable,0
OR,8.7,6.8,5.9,0.50986632718014,Q3,0
WI,7.5,5.9,8.0,0.5156482070867813,Q3,0
AL,8.2,5.2,8.7,0.5227031614682792,Q3,0
NY,6.9,3.4,10.0,0.4301400381922343,Q2,0
OK,11.9,4.3,6.8,0.47512200297050716,Q2,0
VT,3.7,2.2,6.9,0.16618926373859536,Q1_LeastVulnerable,0
TX,7.3,6.5,9.7,0.6063547634203267,Q3,0
TN,5.1,2.6,6.2,0.19297687248037343,Q1_LeastVulnerable,0
WA,10.9,5.4,10.6,0.6717589645660937,Q3,0
MS,4.8,2.3,6.1,0.17016762147252282,Q1_LeastVulnerable,0
AL,2.9,4.1,5.0,0.19499257373223,Q1_LeastVulnerable,0
AL,9.8,4.1,9.1,0.50530447697857,Q3,0
MO,9.2,4.6,8.2,0.4894971355824316,Q3,0
ME,2.3,0.2,7.5,0.12131338849989391,Q1_LeastVulnerable,0
MA,14.2,3.8,10.6,0.626405686399321,Q3,0
KY,9.5,4.9,7.9,0.5052514322087842,Q3,0
VT,6.2,1.9,11.6,0.40489072777424145,Q2,0
IA,1.2,5.5,7.5,0.32654360280076383,Q2,0
TX,12.5,2.7,7.5,0.4176214725228092,Q2,0
TX,9.2,3.5,8.0,0.4124230850838107,Q2,0
MN,10.8,5.3,10.9,0.6760025461489496,Q3,0
MA,9.6,4.3,10.4,0.5680564396350519,Q3,0
PA,1.8,0.9,2.9,0.028856354763420328,Q1_LeastVulnerable,0
OH,6.5,2.5,10.6,0.39629747506895824,Q2,0
IN,12.7,4.3,13.0,0.7096329301930829,Q4_MostVulnerable,1
CA,2.6,2.3,7.3,0.15992998090388288,Q1_LeastVulnerable,0
GA,7.2,7.1,11.3,0.6854445151708042,Q3,0
CA,3.2,3.1,7.5,0.2149904519414386,Q1_LeastVulnerable,0
IL,11.8,7.3,11.8,0.8143963505198387,Q4_MostVulnerable,1
GA,7.7,5.1,12.0,0.6316571186081053,Q3,0
NY,11.5,7.1,13.0,0.8297793337576915,Q4_MostVulnerable,1
WA,11.0,1.1,8.8,0.3939635051983874,Q2,0
ND,17.4,6.8,15.0,0.9199023976235944,Q4_MostVulnerable,1
VA,16.9,9.0,12.1,0.9120517716953108,Q4_MostVulnerable,1
PA,2.7,1.9,7.3,0.14857840016974325,Q1_LeastVulnerable,0
OK,10.3,7.7,11.1,0.7693613409717802,Q4_MostVulnerable,1
LA,18.3,9.7,11.4,0.9033524294504561,Q4_MostVulnerable,1
IN,9.4,4.1,9.5,0.5147994907702101,Q3,0
TN,19.4,7.1,15.2,0.9396880967536602,Q4_MostVulnerable,1
TX,6.8,2.5,7.5,0.28267557818799066,Q1_LeastVulnerable,0
MA,13.6,5.1,12.4,0.7615637598132824,Q4_MostVulnerable,1
AL,18.0,5.5,15.6,0.8708890303416084,Q4_MostVulnerable,1
RI,4.1,3.9,7.0,0.26474644600042435,Q1_LeastVulnerable,0
IL,7.1,1.9,9.0,0.3281879906641205,Q2,0
AL,18.1,8.3,16.8,0.9697644812221515,Q4_MostVulnerable,1
SC,8.8,5.6,10.3,0.6252387014640356,Q3,0
MS,12.0,3.1,11.4,0.5848185868873329,Q3,0
ND,13.5,8.4,9.8,0.7851156375981327,Q4_MostVulnerable,1
UT,5.5,4.4,9.1,0.4138552938680246,Q2,0
MS,12.3,6.8,11.8,0.8061744112030554,Q4_MostVulnerable,1
MN,10.5,4.0,12.8,0.6446000424358158,Q3,0
IL,5.3,4.5,7.7,0.3593252705283259,Q2,0
IL,6.2,5.5,4.4,0.3567791215786123,Q2,0
SC,18.3,7.3,10.7,0.8460110333121155,Q4_MostVulnerable,1
MA,4.2,6.3,8.6,0.46796095904943774,Q2,0
CO,13.1,6.0,10.4,0.7337152556757904,Q4_MostVulnerable,1
CA,9.2,6.5,10.5,0.6851262465520899,Q3,0
MI,13.7,6.5,12.1,0.8264375132611925,Q4_MostVulnerable,1
MI,12.8,6.7,11.1,0.787343517929132,Q4_MostVulnerable,1
NY,8.3,2.0,9.0,0.3633036282622533,Q2,0
MI,5.6,4.2,6.0,0.289677487799703,Q2,0
CO,16.7,5.9,13.3,0.8584765542117547,Q4_MostVulnerable,1
MN,15.1,5.3,11.4,0.7615637598132823,Q4_MostVulnerable,1
TX,9.7,7.5,9.1,0.6697963080840229,Q3,0
CO,8.8,4.3,8.8,0.4844048376830044,Q2,0
OH,3.8,1.6,6.4,0.13393804370889031,Q1_LeastVulnerable,0
NV,13.3,5.5,13.5,0.8000742626777,Q4_MostVulnerable,1
OR,17.3,5.2,13.4,0.8259601103331212,Q4_MostVulnerable,1
CO,3.7,5.3,8.9,0.41486314449395284,Q2,0
VA,4.3,2.2,10.2,0.31248673880755357,Q2,0
NM,5.6,4.5,9.5,0.44037767876087414,Q2,0
TN,5.7,5.8,8.9,0.49464247825164437,Q3,0
GA,8.3,3.7,9.8,0.4769255251432209,Q2,0
OR,7.8,5.1,10.6,0.5837576914916189,Q3,0
PA,3.5,1.5,6.9,0.14194780394653086,Q1_LeastVulnerable,0
KY,17.6,11.0,15.8,0.9780394653087207,Q4_MostVulnerable,1
KY,4.3,4.7,8.4,0.3740717165287502,Q2,0
NY,8.0,4.1,8.3,0.43056439635051985,Q2,0
CA,5.1,2.4,9.3,0.30055166560577123,Q2,0
OK,15.2,6.4,12.8,0.856142584341184,Q4_MostVulnerable,1
AR,6.5,3.4,8.0,0.33407596011033314,Q2,0
CT,9.1,7.7,8.6,0.6397199236155315,Q3,0
NC,18.1,5.6,14.4,0.8662741353702524,Q4_MostVulnerable,1
CA,6.8,4.2,10.4,0.48976235943136004,Q3,0
WV,9.9,4.9,11.7,0.6636431147888818,Q3,0
TX,4.7,3.2,8.0,0.27455972841077875,Q1_LeastVulnerable,0
NY,7.9,4.2,10.2,0.5132611924464249,Q3,0
SD,11.6,5.3,13.3,0.7585932527052832,Q4_MostVulnerable,1
TX,3.7,4.4,6.5,0.269573520050923,Q1_LeastVulnerable,0
GA,6.9,5.0,6.2,0.38568852111181834,Q2,0
TN,10.1,5.7,12.7,0.7385953744960747,Q4_MostVulnerable,1
DE,2.2,0.0,5.0,0.04598981540420114,Q1_LeastVulnerable,0
LA,11.3,5.9,9.3,0.6547315934648844,Q3,0
MO,9.6,2.4,6.2,0.3050604710375557,Q2,0
OH,5.9,4.7,9.1,0.44350732017823047,Q2,0
AZ,8.6,6.8,6.1,0.5135264162953533,Q3,0
IL,18.0,6.0,12.5,0.8564608529598982,Q4_MostVulnerable,1
NJ,2.9,2.5,7.6,0.18634627625716105,Q1_LeastVulnerable,0
IA,8.3,3.6,10.6,0.5015913430935709,Q3,0
PA,15.1,8.4,11.3,0.8627731805643964,Q4_MostVulnerable,1
NY,4.8,3.6,7.1,0.2666030129429238,Q1_LeastVulnerable,0
FL,6.4,6.5,6.5,0.4553363038404414,Q2,0
CO,13.9,6.8,10.9,0.7984298748143432,Q4_MostVulnerable,1
NY,8.3,4.9,9.7,0.5499151283683429,Q3,0
MA,5.6,3.8,6.8,0.2915870995119881,Q2,0
CO,3.4,4.3,6.2,0.24724167197114363,Q1_LeastVulnerable,0
IN,12.7,3.2,8.4,0.4791534054742202,Q2,0
IL,19.3,7.9,16.9,0.9687566305962232,Q4_MostVulnerable,1
CA,9.2,4.7,10.6,0.593093570973902,Q3,0
MO,12.3,6.8,12.7,0.8281349458943348,Q4_MostVulnerable,1
PA,5.9,3.5,10.5,0.424729471674093,Q2,0
MT,4.2,1.7,5.4,0.12110120942075113,Q1_LeastVulnerable,0
TN,3.0,2.9,5.8,0.1453426692128156,Q1_LeastVulnerable,0
CA,11.0,3.7,6.7,0.4164014428177381,Q2,0
ME,15.2,3.7,18.9,0.7441120305537874,Q4_MostVulnerable,1
NJ,7.1,5.2,8.2,0.47374283895607894,Q2,0
NC,12.2,6.5,13.2,0.8273392743475494,Q4_MostVulnerable,1
OH,7.9,5.1,6.5,0.4280182474008063,Q2,0
OK,11.4,7.4,12.7,0.8310524082325483,Q4_MostVulnerable,1
NY,6.8,3.0,12.1,0.4818056439635052,Q2,0
CA,1.4,0.3,5.6,0.04832378527477191,Q1_LeastVulnerable,0
OH,4.9,3.4,5.4,0.20650328877572674,Q1_LeastVulnerable,0
OK,5.7,3.2,7.6,0.28676002546148954,Q1_LeastVulnerable,0
WI,7.8,3.1,4.5,0.25901761086356884,Q1_LeastVulnerable,0
OH,10.7,5.1,10.3,0.6384998939104604,Q3,0
OH,2.4,1.8,7.9,0.16252917462338212,Q1_LeastVulnerable,0
MN,3.3,0.2,6.6,0.10974962868661149,Q1_LeastVulnerable,0
TX,7.4,3.5,8.1,0.3710481646509654,Q2,0
WY,16.4,5.2,14.2,0.8286123488224062,Q4_MostVulnerable,1
PA,10.1,5.4,11.2,0.6792382771058775,Q3,0
NM,3.4,2.0,3.4,0.08651601952047527,Q1_LeastVulnerable,0
CA,2.4,4.4,6.4,0.23960322512200297,Q1_LeastVulnerable,0
OK,6.7,6.4,13.2,0.6974326331423722,Q3,0
OH,7.2,5.2,5.9,0.39645660937831534,Q2,0
PA,14.1,3.9,11.9,0.6796095904943772,Q3,0
CA,3.3,5.2,10.5,0.46610439210693827,Q2,0
NY,10.5,7.5,12.5,0.8113727986420539,Q4_MostVulnerable,1
IL,3.4,3.1,5.7,0.16226395077445363,Q1_LeastVulnerable,0
PA,15.6,8.7,13.2,0.9199023976235944,Q4_MostVulnerable,1
GA,13.9,5.3,11.9,0.7647994907702101,Q4_MostVulnerable,1
ND,13.4,3.2,10.2,0.5640780819011245,Q3,0
IL,13.5,4.9,11.6,0.7266603012942924,Q4_MostVulnerable,1
AL,6.2,6.5,7.6,0.488542329726289,Q2,0
NY,16.6,4.7,13.5,0.790897517504774,Q4_MostVulnerable,1
CA,7.2,4.2,7.1,0.37179079142796523,Q2,0
NY,10.6,5.2,7.7,0.5380861447061319,Q3,0
VA,16.9,6.3,13.4,0.8802779545936771,Q4_MostVulnerable,1
WA,2.0,1.9,9.4,0.2201357946106514,Q1_LeastVulnerable,0
GA,14.3,6.4,12.3,0.8359855718226182,Q4_MostVulnerable,1
SC,10.9,4.4,9.8,0.58004455760662,Q3,0
IA,12.0,3.5,12.5,0.6378103119032464,Q3,0
TX,4.3,3.6,6.9,0.2492573732230002,Q1_LeastVulnerable,0
PA,4.5,4.9,11.0,0.49840865690642905,Q3,0
CA,8.0,5.7,9.0,0.5580309781455548,Q3,0
LA,8.0,3.2,10.4,0.4628156163802249,Q2,0
IN,6.1,1.9,6.5,0.20390409505622745,Q1_LeastVulnerable,0
PA,15.6,6.2,13.8,0.8690324633991088,Q4_MostVulnerable,1
LA,0.4,4.5,5.7,0.20268406535115638,Q1_LeastVulnerable,0
ND,6.9,5.0,8.3,0.460322512200297,Q2,0
NJ,2.7,3.9,5.3,0.1847018883938044,Q1_LeastVulnerable,0
WV,16.3,8.2,11.9,0.8922660725652451,Q4_MostVulnerable,1
VA,10.1,5.7,10.6,0.6717059197963081,Q3,0
LA,6.6,4.2,9.6,0.4515701251856567,Q2,0
OK,3.7,4.1,6.6,0.25222788033099935,Q1_LeastVulnerable,0
TN,9.8,4.1,10.5,0.562433694037768,Q3,0
TX,3.0,0.8,6.4,0.10115637598132825,Q1_LeastVulnerable,0
CA,10.1,6.1,10.3,0.6804052620411628,Q3,0
IL,17.5,9.1,13.3,0.9432420963293019,Q4_MostVulnerable,1
IN,16.5,5.3,13.3,0.8232017823042649,Q4_MostVulnerable,1
ME,4.3,4.5,12.6,0.5161256100148526,Q3,0
CO,16.2,9.4,13.7,0.9408020369191599,Q4_MostVulnerable,1
MI,1.5,2.4,7.0,0.13669637173774665,Q1_LeastVulnerable,0
NC,6.8,2.8,9.3,0.3658497772119669,Q2,0
MI,4.5,3.5,6.7,0.2408232548270741,Q1_LeastVulnerable,0
NC,1.2,1.5,8.2,0.14937407171652875,Q1_LeastVulnerable,0
CA,12.6,4.9,10.7,0.677699978782092,Q3,0
TX,14.1,6.9,14.2,0.8832484617016764,Q4_MostVulnerable,1
VA,13.8,3.7,11.2,0.6390833863781031,Q3,0
NM,8.8,2.5,7.5,0.33518990027583273,Q2,0
TX,9.8,5.0,10.6,0.6260343730108211,Q3,0
CA,18.2,7.4,11.9,0.892106938255888,Q4_MostVulnerable,1
SC,6.8,4.6,9.5,0.4807447485677912,Q2,0
CA,9.9,7.8,7.5,0.6177063441544663,Q3,0
LA,5.7,3.9,7.2,0.31312327604498197,Q2,0
IN,14.3,7.2,9.3,0.7518035221727137,Q4_MostVulnerable,1
NE,13.9,4.7,17.6,0.7927540844472736,Q4_MostVulnerable,1
IL,10.1,6.2,6.7,0.5450880543178442,Q3,0
NY,8.7,3.8,9.4,0.4755994058985784,Q2,0
KS,9.0,4.8,11.8,0.6395077445363887,Q3,0
TX,9.8,4.8,12.0,0.6632187566305963,Q3,0
NY,2.0,4.2,7.7,0.26538298323785275,Q1_LeastVulnerable,0
FL,10.0,3.0,9.4,0.4600572883513685,Q2,0
IN,17.1,3.7,16.2,0.7571610439210694,Q4_MostVulnerable,1
TN,5.1,3.2,9.4,0.34129004880118813,Q2,0
KY,9.7,5.6,10.3,0.6457139826013155,Q3,0
MS,7.8,4.6,9.4,0.5038192234245703,Q3,0
NY,6.3,5.7,7.6,0.4548058561425843,Q2,0
IA,13.4,6.7,9.9,0.7485677912157861,Q4_MostVulnerable,1
IL,5.8,2.9,10.4,0.38616592403988964,Q2,0
MI,12.6,2.3,13.9,0.6155315085932527,Q3,0
FL,9.4,4.5,8.0,0.4803734351792914,Q2,0
IL,2.7,4.3,6.0,0.22628898790579247,Q1_LeastVulnerable,0
CA,5.4,3.0,7.4,0.2611924464247825,Q1_LeastVulnerable,0
IL,8.7,4.6,9.3,0.5220135794610651,Q3,0
IN,5.7,4.4,8.0,0.37550392531296417,Q2,0
WA,7.6,2.8,10.7,0.44499257373223,Q2,0
NV,7.9,5.3,7.4,0.4699236155315085,Q2,0
PA,5.6,6.1,6.1,0.40520899639295566,Q2,0
AR,3.7,2.9,9.3,0.2871843836197751,Q1_LeastVulnerable,0
CA,10.8,3.5,9.5,0.5073732230002123,Q3,0
SD,0.2,2.0,2.6,0.03776787608741778,Q1_LeastVulnerable,0
NM,6.8,0.7,7.4,0.23286653935921917,Q1_LeastVulnerable,0
CT,11.0,5.8,9.9,0.66995544239338,Q3,0
KY,14.1,6.9,15.2,0.8935391470401018,Q4_MostVulnerable,1
MS,7.0,6.6,10.4,0.6283152981116061,Q3,0
TN,18.1,7.1,16.4,0.9436134097178018,Q4_MostVulnerable,1
CA,3.3,3.6,8.3,0.2754614894971356,Q1_LeastVulnerable,0
NV,8.8,3.3,11.3,0.5234988330150647,Q3,0
OH,7.3,3.7,7.3,0.34972416719711436,Q2,0
WV,2.7,0.5,6.0,0.08009760237640569,Q1_LeastVulnerable,0
SC,10.3,4.8,8.2,0.5265223848928495,Q3,0
ID,7.8,3.9,8.5,0.4208572034797369,Q2,0
OH,3.2,3.4,8.0,0.249469552302143,Q1_LeastVulnerable,0
PA,10.2,4.1,10.4,0.5667303203904095,Q3,0
OK,2.0,2.7,8.6,0.21573307871843836,Q1_LeastVulnerable,0
TN,11.8,5.1,8.6,0.590600466793974,Q3,0
TX,5.1,3.0,8.6,0.29805856142584336,Q2,0
CA,20.7,8.3,12.9,0.9382028431996604,Q4_MostVulnerable,1
CA,5.1,3.6,7.7,0.29598981540420116,Q2,0
SC,7.8,5.5,10.4,0.5976554211754721,Q3,0
GA,10.2,4.9,9.7,0.5930405262041162,Q3,0
CA,5.8,3.2,9.0,0.3438892425206874,Q2,0
KY,13.3,5.7,9.7,0.6939847231063018,Q3,0
SD,8.8,3.6,6.0,0.33911521323997457,Q2,0
CA,1.3,1.8,6.8,0.10736261404625504,Q1_LeastVulnerable,0
NC,2.6,5.8,9.8,0.45814767663908346,Q2,0
AL,14.2,4.9,10.1,0.6793443666454487,Q3,0
CA,8.2,4.0,11.6,0.5624336940377679,Q3,0
IA,7.1,3.6,8.6,0.3880224909823891,Q2,0
CA,8.0,4.0,6.3,0.352959898154042,Q2,0
TN,3.1,2.4,4.3,0.10131551029068535,Q1_LeastVulnerable,0
TX,6.8,4.5,8.5,0.4319966051347337,Q2,0
PA,7.9,1.8,8.1,0.31121366433269676,Q2,0
GA,20.7,9.8,12.7,0.9461065138977297,Q4_MostVulnerable,1
MS,7.5,5.2,5.4,0.39284956503288776,Q2,0
CO,7.3,2.3,7.0,0.27121790791427963,Q1_LeastVulnerable,0
ID,8.3,1.1,9.5,0.3631444939528962,Q2,0
MN,8.2,3.0,9.1,0.40552726501166986,Q2,0
OK,6.9,3.7,7.4,0.3421918098875451,Q2,0
CA,12.8,9.7,11.8,0.8604392106938256,Q4_MostVulnerable,1
IL,6.7,4.8,10.4,0.5260449819647782,Q3,0
VA,14.3,3.6,12.9,0.6869828134945895,Q3,0
LA,6.9,3.0,8.2,0.3348716316571186,Q2,0
VA,12.9,5.8,13.3,0.8078718438361978,Q4_MostVulnerable,1
WI,11.6,5.9,8.9,0.6439104604286018,Q3,0
MS,6.3,1.9,7.7,0.2528113727986421,Q1_LeastVulnerable,0
IL,2.7,2.6,5.9,0.12863356673032036,Q1_LeastVulnerable,0
RI,18.1,6.4,11.6,0.8503607044345426,Q4_MostVulnerable,1
CO,6.8,2.4,7.6,0.2824103543390622,Q1_LeastVulnerable,0
GA,9.1,5.1,5.4,0.42722257585402085,Q2,0
PA,4.9,4.6,11.3,0.49809038828771485,Q3,0
ME,5.5,4.9,5.9,0.33062805007426266,Q2,0
FL,14.3,7.2,15.3,0.9070655633354553,Q4_MostVulnerable,1
NY,15.8,6.0,13.0,0.8492467642690431,Q4_MostVulnerable,1
OK,10.8,6.3,11.5,0.7512200297050712,Q4_MostVulnerable,1
CA,7.5,4.7,7.8,0.43772544027158916,Q2,0
ID,11.5,5.7,11.2,0.7249628686611501,Q4_MostVulnerable,1
FL,5.9,2.8,9.2,0.33513685550604705,Q2,0
KY,8.9,3.9,10.8,0.5428071292170592,Q3,0
PA,4.0,3.3,8.5,0.2808720560152769,Q1_LeastVulnerable,0
OH,3.8,6.8,6.2,0.38701464035646077,Q2,0
NC,10.6,5.6,9.4,0.6287396562698918,Q3,0
AL,9.7,4.0,6.6,0.40271589221302784,Q2,0
CO,9.3,3.5,10.7,0.5238171016337789,Q3,0
FL,6.8,3.3,10.6,0.4432951410990877,Q2,0
HI,9.3,8.1,12.9,0.8045300233396987,Q4_MostVulnerable,1
CO,5.2,3.0,8.2,0.2860704434542754,Q1_LeastVulnerable,0
LA,1.2,3.7,4.1,0.13271801400381922,Q1_LeastVulnerable,0
CA,8.3,3.9,5.7,0.3382134521536176,Q2,0
OR,2.8,3.2,8.5,0.2498939104604286,Q1_LeastVulnerable,0
PA,12.4,6.9,7.6,0.6464035646085295,Q3,0
MT,15.5,5.8,12.1,0.8143963505198387,Q4_MostVulnerable,1
CA,19.0,6.7,14.1,0.9150222788033101,Q4_MostVulnerable,1
TX,8.2,6.9,8.9,0.6091130914491831,Q3,0
WA,4.8,4.9,7.5,0.3642053893486102,Q2,0
FL,9.1,5.9,9.8,0.6299066412051773,Q3,0
OH,7.4,5.4,3.9,0.381869297687248,Q2,0
TN,8.3,5.2,9.2,0.5453532781667727,Q3,0
MS,14.2,9.3,7.6,0.7146721833227243,Q4_MostVulnerable,1
IN,6.6,4.0,9.8,0.4479630808402291,Q2,0
MI,7.5,5.1,7.7,0.45957988542329725,Q2,0
MN,4.0,1.0,2.7,0.0726713346064078,Q1_LeastVulnerable,0
KY,7.7,3.1,7.2,0.3236261404625504,Q2,0
VA,17.3,5.4,12.5,0.8190642902609803,Q4_MostVulnerable,1
OR,5.2,5.5,10.0,0.5108741778060684,Q3,0
GA,13.2,2.1,12.0,0.5786653935921918,Q3,0
NE,7.2,3.6,9.3,0.4198493528538086,Q2,0
OH,13.4,1.5,14.0,0.6050286441756842,Q3,0
CO,12.5,4.5,11.1,0.6667197114364524,Q3,0
IA,3.7,2.4,8.4,0.22867600254614895,Q1_LeastVulnerable,0
TX,12.4,7.8,12.6,0.8552938680246127,Q4_MostVulnerable,1
MO,2.6,3.4,3.7,0.13303628262253345,Q1_LeastVulnerable,0
FL,3.1,1.7,9.5,0.2387014640356461,Q1_LeastVulnerable,0
CA,6.9,5.7,5.6,0.40918735412688306,Q2,0
MS,16.4,6.9,15.0,0.9152344578824527,Q4_MostVulnerable,1
MO,10.5,5.2,7.2,0.517451729259495,Q3,0
IN,4.2,1.5,8.3,0.21117122851686823,Q1_LeastVulnerable,0
NY,1.6,1.0,9.5,0.19791003607044344,Q1_LeastVulnerable,0
CA,11.4,4.2,10.3,0.5946849140674729,Q3,0
CO,8.4,4.6,8.7,0.4904519414385742,Q3,0
MO,9.2,4.9,10.8,0.6152132399745386,Q3,0
CA,10.3,7.4,9.5,0.6981222151495863,Q3,0
TX,14.3,6.9,15.8,0.9013367281985997,Q4_MostVulnerable,1
CO,7.7,0.2,9.2,0.32468703585826436,Q2,0
NC,15.0,6.9,11.9,0.8498302567366859,Q4_MostVulnerable,1
KY,4.6,1.2,6.2,0.13908338637810314,Q1_LeastVulnerable,0
KY,1.9,1.1,4.1,0.042382771058773604,Q1_LeastVulnerable,0
PA,13.5,4.8,10.5,0.676479949077021,Q3,0
MN,3.3,2.0,5.9,0.11887332908975175,Q1_LeastVulnerable,0
OK,9.0,2.6,8.5,0.38123276044981963,Q2,0
MN,16.1,7.1,11.7,0.86001485253554,Q4_MostVulnerable,1
NV,2.0,0.5,10.2,0.22729683853172078,Q1_LeastVulnerable,0
PA,10.1,5.6,8.0,0.5612136643326968,Q3,0
NJ,1.8,5.9,6.2,0.3130702312751963,Q2,0
NM,8.0,2.4,10.2,0.4200615319329514,Q2,0
RI,0.4,1.7,6.5,0.08715255675790368,Q1_LeastVulnerable,0
WA,2.8,0.0,6.3,0.08773604922554636,Q1_LeastVulnerable,0
KS,4.9,3.0,6.9,0.2298429874814343,Q1_LeastVulnerable,0
MT,1.7,3.5,6.7,0.1821557394440908,Q1_LeastVulnerable,0
CA,10.9,6.3,11.0,0.7348291958412899,Q4_MostVulnerable,1
IA,9.8,5.1,9.4,0.5836516019520476,Q3,0
LA,16.6,8.3,10.2,0.8335455124124761,Q4_MostVulnerable,1
TN,3.3,6.8,5.7,0.3629853596435391,Q2,0
MN,6.5,6.5,6.0,0.4424994695523022,Q2,0
OK,2.3,1.9,4.8,0.07415658816040739,Q1_LeastVulnerable,0
AK,5.3,1.4,7.7,0.2137173774665818,Q1_LeastVulnerable,0
MI,17.9,6.7,14.6,0.9164544875875239,Q4_MostVulnerable,1
TX,11.9,4.2,14.5,0.710852959898154,Q4_MostVulnerable,1
FL,3.2,3.6,5.5,0.17976872480373438,Q1_LeastVulnerable,0
AZ,0.9,0.5,7.0,0.08678124336940378,Q1_LeastVulnerable,0
ME,0.8,2.1,6.0,0.0851368555060471,Q1_LeastVulnerable,0
OH,11.0,6.6,13.1,0.8069170379800551,Q4_MostVulnerable,1
MA,4.8,3.3,8.5,0.3007638446849141,Q2,0
MA,22.1,7.2,14.1,0.9370358582643751,Q4_MostVulnerable,1
NC,7.3,6.0,5.2,0.4284426055590919,Q2,0
GA,5.1,0.7,8.2,0.21488436240186717,Q1_LeastVulnerable,0
OR,2.4,2.2,5.2,0.09182049649904518,Q1_LeastVulnerable,0
CO,13.4,6.0,9.8,0.7169531084235095,Q4_MostVulnerable,1
KY,5.9,3.8,5.4,0.2583810736261405,Q1_LeastVulnerable,0
NY,7.8,4.6,9.2,0.494536388712073,Q3,0
TN,8.4,5.4,12.2,0.6723424570337365,Q3,0
RI,7.5,4.2,7.9,0.40870995119881176,Q2,0
OK,11.7,4.9,12.0,0.7089963929556546,Q4_MostVulnerable,1
IA,2.7,2.2,6.1,0.11871419478039465,Q1_LeastVulnerable,0
CA,7.2,3.2,6.0,0.2753023551877785,Q1_LeastVulnerable,0
FL,6.0,5.0,9.5,0.48318480797793334,Q2,0
TX,12.0,4.6,8.8,0.5708147676639084,Q3,0
TX,14.0,7.5,12.1,0.8618714194780394,Q4_MostVulnerable,1
WA,3.8,3.2,6.2,0.188468067048589,Q1_LeastVulnerable,0
CA,12.1,4.9,12.8,0.7353596435391471,Q4_MostVulnerable,1
MS,2.7,3.7,4.2,0.15764905580309782,Q1_LeastVulnerable,0
NY,7.4,3.1,9.5,0.4065881604073838,Q2,0
OH,7.9,5.3,7.3,0.4662104816465096,Q2,0
NY,13.6,6.4,10.8,0.7769467430511351,Q4_MostVulnerable,1
PA,11.7,4.6,3.6,0.42807129217059203,Q2,0
IA,2.9,3.7,10.6,0.3664863144493953,Q2,0
CO,11.5,6.3,11.8,0.7744536388712073,Q4_MostVulnerable,1
FL,8.9,6.4,7.9,0.5697008274984087,Q3,0
AL,17.7,8.8,11.6,0.9018671758964567,Q4_MostVulnerable,1
IA,5.3,4.3,6.7,0.31121366433269676,Q2,0
CA,6.4,2.2,9.6,0.3418204964990452,Q2,0
IN,18.6,11.3,10.5,0.8723742838956078,Q4_MostVulnerable,1
NY,14.6,4.3,12.0,0.7134521536176534,Q4_MostVulnerable,1
TX,2.9,4.3,10.0,0.3826119244642478,Q2,0
TN,7.5,4.9,6.5,0.40520899639295554,Q2,0
GA,10.2,3.3,10.3,0.5152768936982813,Q3,0
CO,12.0,5.4,15.4,0.7960959049437726,Q4_MostVulnerable,1
CT,3.5,2.9,8.0,0.23090388287714828,Q1_LeastVulnerable,0
WA,16.7,9.0,13.6,0.9413855293868024,Q4_MostVulnerable,1
MO,1.9,1.5,7.0,0.11526628474432421,Q1_LeastVulnerable,0
CO,3.7,2.7,6.0,0.15600466793974113,Q1_LeastVulnerable,0
TN,15.9,3.3,15.6,0.7192340335242946,Q4_MostVulnerable,1
KY,8.1,7.0,8.3,0.5849246764269044,Q3,0
TX,8.3,2.9,5.2,0.27169531084235093,Q1_LeastVulnerable,0
GA,9.0,5.2,8.7,0.5416401442817739,Q3,0
KY,4.2,3.1,5.2,0.17149374071716528,Q1_LeastVulnerable,0
MN,2.2,2.5,5.5,0.10672607680882666,Q1_LeastVulnerable,0
TX,9.9,6.2,9.4,0.644387863356673,Q3,0
TX,10.8,7.7,12.8,0.8271801400381923,Q4_MostVulnerable,1
MT,9.3,5.2,11.0,0.6435391470401018,Q3,0
FL,5.4,4.6,8.2,0.38781031190324633,Q2,0
KY,3.3,3.5,6.7,0.21186081052408234,Q1_LeastVulnerable,0
WV,6.8,5.6,6.3,0.41915977084659445,Q2,0
NJ,19.2,7.1,10.2,0.8223530659876936,Q4_MostVulnerable,1
PA,7.3,5.8,8.9,0.5406853384256313,Q3,0
MA,6.5,5.6,9.8,0.5437619350732018,Q3,0
MS,7.5,5.9,8.5,0.5344260555909188,Q3,0
LA,7.1,3.1,7.5,0.3185338425631233,Q2,0
OH,16.0,6.5,13.9,0.8865372374283895,Q4_MostVulnerable,1
TN,11.7,5.9,10.7,0.718968809675366,Q4_MostVulnerable,1
MN,5.1,1.5,10.9,0.33831954169318906,Q2,0
MI,6.1,6.2,10.5,0.5889030341608318,Q3,0
IN,7.6,4.3,10.7,0.5314555484829196,Q3,0
CO,8.7,5.0,10.9,0.6137810311903246,Q3,0
VA,4.2,2.4,4.5,0.13054317844260557,Q1_LeastVulnerable,0
IL,5.7,1.7,9.2,0.2905262041162741,Q2,0
SC,17.0,6.2,14.2,0.8867494165075325,Q4_MostVulnerable,1
OH,16.3,7.2,14.4,0.9185232336091661,Q4_MostVulnerable,1
RI,6.2,4.9,9.1,0.464566093783153,Q2,0
VA,5.8,4.0,8.8,0.38298323785274774,Q2,0
NM,11.8,6.0,16.3,0.8317419902397624,Q4_MostVulnerable,1
TX,1.6,2.0,5.7,0.08312115425419053,Q1_LeastVulnerable,0
CO,15.4,7.4,14.6,0.917303203904095,Q4_MostVulnerable,1
NY,5.0,5.7,6.6,0.3830893273923191,Q2,0
PA,10.5,6.2,11.8,0.7501060895395714,Q4_MostVulnerable,1
HI,1.9,3.8,7.8,0.24262677699978782,Q1_LeastVulnerable,0
OR,12.0,6.0,11.7,0.7676639083386378,Q4_MostVulnerable,1
PA,10.8,3.0,13.7,0.6102800763844685,Q3,0
TN,10.1,3.5,8.3,0.44287078294080207,Q2,0
IL,3.8,3.8,5.9,0.21472522809251007,Q1_LeastVulnerable,0
ND,5.6,3.7,8.2,0.33587948228304687,Q2,0
IL,9.3,5.4,11.4,0.6694780394653087,Q3,0
OR,4.8,6.0,7.8,0.43719499257373223,Q2,0
MA,4.7,4.5,9.9,0.4329514109908763,Q2,0
NV,14.7,8.3,11.0,0.8471249734776151,Q4_MostVulnerable,1
LA,1.2,2.5,3.3,0.06551029068533842,Q1_LeastVulnerable,0
CO,15.0,5.3,13.1,0.8045830681094843,Q4_MostVulnerable,1
CO,3.8,3.0,6.7,0.19600042435815831,Q1_LeastVulnerable,0
CA,11.3,4.2,11.8,0.6494271164863145,Q3,0
NM,9.7,7.2,9.8,0.6924994695523022,Q3,0
TN,3.6,4.3,6.1,0.24787820920857204,Q1_LeastVulnerable,0
AK,4.9,4.3,7.3,0.31948864841926583,Q2,0
CA,12.6,7.6,11.4,0.8210799915128368,Q4_MostVulnerable,1
MA,6.7,1.0,7.7,0.24506683640993,Q1_LeastVulnerable,0
OK,22.4,9.6,15.8,0.986420538934861,Q4_MostVulnerable,1
CO,5.3,1.6,6.8,0.18698281349458945,Q1_LeastVulnerable,0
HI,5.1,3.5,9.3,0.3534373010821133,Q2,0
FL,3.0,2.4,6.9,0.1587099511988118,Q1_LeastVulnerable,0
KY,4.7,4.4,11.8,0.4979842987481435,Q3,0
FL,7.6,4.6,9.1,0.4856248673880756,Q2,0
IA,21.0,10.3,14.4,0.975493316359007,Q4_MostVulnerable,1
OK,4.9,2.6,12.8,0.42531296414173564,Q2,0
NM,1.1,3.4,6.4,0.1575960110333121,Q1_LeastVulnerable,0
CA,5.6,3.9,9.8,0.41502227880331,Q2,0
NY,8.4,2.1,10.4,0.4261616804583068,Q2,0
MI,15.1,5.2,13.8,0.8115849777211966,Q4_MostVulnerable,1
VA,8.7,4.4,10.4,0.553946530872056,Q3,0
IL,6.4,5.6,6.0,0.39698705707617227,Q2,0
OK,5.2,4.3,8.3,0.3657967324421812,Q2,0
OK,12.0,3.8,8.3,0.49904519414385745,Q3,0
FL,8.0,4.2,8.6,0.4492892000848716,Q2,0
TX,12.1,8.6,9.6,0.7568427753023551,Q4_MostVulnerable,1
MI,3.2,3.1,7.3,0.2071928707829408,Q1_LeastVulnerable,0
NC,5.7,3.2,8.5,0.32054954381497985,Q2,0
CO,10.6,5.9,11.3,0.7209845109272225,Q4_MostVulnerable,1
GA,2.4,3.9,6.8,0.22151495862507956,Q1_LeastVulnerable,0
NE,3.7,2.4,5.6,0.13441544663696162,Q1_LeastVulnerable,0
IN,7.2,4.9,8.1,0.4554954381497984,Q2,0
MN,14.1,5.7,13.9,0.8303628262253341,Q4_MostVulnerable,1
KS,16.5,8.0,15.4,0.9470613197538723,Q4_MostVulnerable,1
NY,4.0,3.4,4.7,0.17287290473159347,Q1_LeastVulnerable,0
MI,9.0,5.4,6.4,0.4681731381285805,Q2,0
AL,15.4,5.5,11.3,0.7714300869934224,Q4_MostVulnerable,1
NY,12.0,4.4,13.1,0.7069276469340123,Q3,0
LA,8.5,6.0,11.7,0.6941969021854445,Q3,0
IN,9.5,4.7,7.9,0.49167197114364525,Q3,0
CA,4.2,3.7,7.7,0.2809781455548483,Q1_LeastVulnerable,0
FL,6.0,3.3,11.7,0.46101209420751116,Q2,0
FL,7.3,5.5,9.5,0.549384680670486,Q3,0
VA,6.9,3.2,11.3,0.4690218544451517,Q2,0
ME,6.5,3.7,10.2,0.4415446636961596,Q2,0
AR,3.7,4.3,5.0,0.2255994058985784,Q1_LeastVulnerable,0
CO,15.5,8.4,12.4,0.8989497135582432,Q4_MostVulnerable,1
CA,7.9,3.6,9.0,0.4262147252280925,Q2,0
NV,6.9,7.0,8.7,0.5690112454911945,Q3,0
CO,2.9,3.3,8.3,0.24920432845321452,Q1_LeastVulnerable,0
MI,10.2,3.5,10.9,0.5513473371525568,Q3,0
KS,4.7,4.0,1.5,0.20825376617865476,Q1_LeastVulnerable,0
SC,4.9,2.9,4.8,0.17106938255887968,Q1_LeastVulnerable,0
IN,5.8,4.4,3.5,0.27164226607256525,Q1_LeastVulnerable,0
MA,11.7,5.4,11.2,0.7117016762147252,Q4_MostVulnerable,1
OH,9.7,5.0,10.3,0.6120835985571822,Q3,0
ME,1.7,1.1,6.4,0.08280288563547634,Q1_LeastVulnerable,0
RI,15.2,8.0,10.7,0.834447273498833,Q4_MostVulnerable,1
NC,9.1,3.0,10.9,0.5005834924676428,Q3,0
LA,8.9,3.0,10.9,0.4960216422660726,Q3,0
MN,4.1,3.8,4.5,0.19791003607044344,Q1_LeastVulnerable,0
WA,13.5,8.4,8.8,0.742414597920645,Q4_MostVulnerable,1
NC,7.6,3.7,8.8,0.4160831741990239,Q2,0
TX,5.1,4.6,11.1,0.49681731381285804,Q3,0
CO,2.4,4.3,9.6,0.35508168894547,Q2,0
MI,7.0,5.3,9.6,0.5338956078930618,Q3,0
UT,14.5,5.9,10.8,0.7662316995544239,Q4_MostVulnerable,1
IN,5.1,1.9,9.3,0.2829408020369191,Q1_LeastVulnerable,0
WA,2.2,0.0,5.2,0.04954381497984298,Q1_LeastVulnerable,0
CA,5.6,3.3,6.2,0.2409823891364311,Q1_LeastVulnerable,0
TX,5.0,5.3,3.2,0.3025673668576278,Q2,0
MD,8.3,2.8,9.3,0.4064290260980267,Q2,0
CA,3.9,4.2,5.7,0.2372692552514322,Q1_LeastVulnerable,0
TX,4.6,2.0,7.5,0.20321451304901336,Q1_LeastVulnerable,0
GA,2.7,3.0,1.8,0.10651389772968385,Q1_LeastVulnerable,0
AK,10.4,6.2,10.5,0.6990770210057288,Q3,0
CO,4.9,2.5,2.6,0.13674941650753236,Q1_LeastVulnerable,0
NY,4.4,3.6,9.4,0.34813282410354335,Q2,0
WV,13.5,5.4,12.8,0.7851686823679186,Q4_MostVulnerable,1
CA,15.9,7.8,12.4,0.8950774453638871,Q4_MostVulnerable,1
MA,11.3,5.7,11.8,0.7415658816040738,Q4_MostVulnerable,1
CO,14.9,6.6,10.5,0.7870782940802036,Q4_MostVulnerable,1
OR,12.7,8.1,11.5,0.8351899002758328,Q4_MostVulnerable,1
CA,6.5,4.9,9.8,0.503872268194356,Q3,0
GA,3.2,1.9,0.4,0.07076172289412264,Q1_LeastVulnerable,0
DE,5.3,3.5,6.8,0.2649586250795672,Q1_LeastVulnerable,0
MO,4.7,3.3,7.3,0.2529174623382135,Q1_LeastVulnerable,0
TX,10.7,5.3,10.0,0.6391894759176745,Q3,0
MN,7.1,7.9,11.5,0.7104286017398684,Q4_MostVulnerable,1
CA,1.3,3.0,3.4,0.09022915340547422,Q1_LeastVulnerable,0
MO,5.3,0.5,6.4,0.15451941438574157,Q1_LeastVulnerable,0
SC,2.4,1.9,2.4,0.057871843836197756,Q1_LeastVulnerable,0
CA,7.0,1.2,11.5,0.41024824952259703,Q2,0
CA,13.7,5.6,11.4,0.7622533418204966,Q4_MostVulnerable,1
CT,3.3,0.0,5.8,0.08391682580097602,Q1_LeastVulnerable,0
OR,15.7,5.4,12.8,0.8102588584765541,Q4_MostVulnerable,1
NV,7.5,2.0,10.0,0.38510502864417573,Q2,0
MS,10.7,5.8,11.1,0.7103755569700828,Q4_MostVulnerable,1
GA,4.2,3.3,12.4,0.4339592616168046,Q2,0
IN,7.7,4.8,9.8,0.5318799066412051,Q3,0
WA,15.7,6.6,11.9,0.8467006153193295,Q4_MostVulnerable,1
GA,14.5,4.2,11.1,0.6759495013791641,Q3,0
TX,7.9,5.1,8.2,0.48970931466157436,Q3,0
NE,6.7,6.9,5.3,0.4464778272862296,Q2,0
CA,8.3,5.1,9.2,0.5397305325694887,Q3,0
MI,9.6,4.3,11.4,0.6079461065138977,Q3,0
WA,16.7,4.9,12.1,0.775938892425207,Q4_MostVulnerable,1
LA,4.9,2.1,5.8,0.15748992149374072,Q1_LeastVulnerable,0
TX,4.6,4.1,10.4,0.42218332272437936,Q2,0
GA,6.3,5.5,5.3,0.3725864629747507,Q2,0
MT,3.2,3.4,2.5,0.13823467006153192,Q1_LeastVulnerable,0
TN,10.9,6.5,8.2,0.6287927010396775,Q3,0
VA,2.1,3.7,3.0,0.13796944621260343,Q1_LeastVulnerable,0
MI,17.3,7.9,14.4,0.9428707829408021,Q4_MostVulnerable,1
NY,8.4,3.5,8.5,0.4125291746233821,Q2,0
AL,11.4,5.7,10.3,0.6868236791852323,Q3,0
GA,1.4,1.1,8.0,0.13621896880967535,Q1_LeastVulnerable,0
ID,11.7,5.5,9.5,0.6488966687884575,Q3,0
CA,9.8,5.4,11.4,0.6798748143433059,Q3,0
ID,10.4,7.6,13.2,0.8255357521748355,Q4_MostVulnerable,1
IN,7.1,2.2,7.6,0.28352429450456185,Q1_LeastVulnerable,0
WA,12.7,6.5,12.8,0.8272331848079779,Q4_MostVulnerable,1
NC,3.9,5.4,6.4,0.3322193931678336,Q2,0
LA,9.9,6.1,11.8,0.7329195841290049,Q4_MostVulnerable,1
WI,2.0,3.9,2.9,0.14852535539995756,Q1_LeastVulnerable,0
CO,3.2,3.8,3.3,0.1656057712709527,Q1_LeastVulnerable,0
MI,16.1,8.8,12.3,0.9072246976448123,Q4_MostVulnerable,1
NY,4.8,1.8,5.6,0.1407808190112455,Q1_LeastVulnerable,0
CA,3.7,1.0,5.8,0.10142159983025674,Q1_LeastVulnerable,0
OH,9.3,4.8,9.2,0.5451410990876299,Q3,0
CA,15.0,3.3,14.0,0.6942499469552302,Q3,0
CO,5.8,5.6,7.1,0.41751538298323787,Q2,0
CO,20.4,9.9,13.5,0.9612773180564397,Q4_MostVulnerable,1
VA,5.0,2.8,6.8,0.21944621260343733,Q1_LeastVulnerable,0
ND,13.4,5.5,10.1,0.7011988117971567,Q3,0
NY,8.6,4.5,7.4,0.4384150222788033,Q2,0
MO,6.2,3.9,4.9,0.2634733715255676,Q1_LeastVulnerable,0
IL,10.7,5.4,10.5,0.6627943984723106,Q3,0
NM,2.6,3.6,5.2,0.16199872692552517,Q1_LeastVulnerable,0
LA,7.1,3.9,10.5,0.48413961383407594,Q2,0
CO,6.4,5.3,5.3,0.36404625503925314,Q2,0
OH,10.1,5.7,9.0,0.6065669424994695,Q3,0
CA,8.7,3.7,13.0,0.5907596011033313,Q3,0
CT,10.4,7.1,8.3,0.6406216847018884,Q3,0
SD,12.7,3.8,10.9,0.6167515382983239,Q3,0
NC,7.3,4.0,6.2,0.3313706768512625,Q2,0
NY,9.1,6.2,6.8,0.5266815192022066,Q3,0
LA,17.1,6.0,16.6,0.8981540420114577,Q4_MostVulnerable,1
KY,8.8,5.1,9.8,0.5784001697432634,Q3,0
OH,7.1,4.9,8.8,0.4801082113303628,Q2,0
OR,13.0,4.6,8.1,0.5580309781455549,Q3,0
MN,7.4,4.1,9.4,0.4600042435815828,Q2,0
WA,17.7,7.1,16.2,0.9404837683004456,Q4_MostVulnerable,1
WA,14.8,5.6,14.7,0.8419265860386166,Q4_MostVulnerable,1
LA,5.8,7.2,9.2,0.5637067685126246,Q3,0
TN,6.5,2.8,6.0,0.23403352429450455,Q1_LeastVulnerable,0
MO,13.6,7.6,12.4,0.8654254190536813,Q4_MostVulnerable,1
MN,13.0,5.3,12.8,0.7708996392955654,Q4_MostVulnerable,1
CA,14.2,4.6,8.5,0.5916613621896881,Q3,0
MT,7.6,4.4,6.6,0.37873965626989187,Q2,0
TX,8.6,5.5,11.1,0.6481540420114577,Q3,0
PA,7.0,5.5,10.2,0.5695416931890516,Q3,0
PA,7.0,6.4,5.4,0.44117335030765964,Q2,0
CO,5.1,7.9,9.1,0.5557500530447698,Q3,0
IA,14.7,6.8,12.6,0.8609166136218969,Q4_MostVulnerable,1
FL,10.0,4.0,11.5,0.6004667939741141,Q3,0
IL,10.3,5.8,8.9,0.6121896880967537,Q3,0
NE,14.2,5.9,13.4,0.83534903458519,Q4_MostVulnerable,1
KS,1.7,3.9,7.6,0.23817101633778912,Q1_LeastVulnerable,0
MO,10.0,3.1,9.3,0.46016337789094,Q2,0
MD,15.2,10.1,12.6,0.9131657118608105,Q4_MostVulnerable,1
IL,3.3,4.3,5.3,0.22289412263950772,Q1_LeastVulnerable,0
CA,14.3,3.8,15.4,0.7311691067260768,Q4_MostVulnerable,1
TX,10.1,4.0,9.8,0.5362826225334182,Q3,0
AL,9.3,6.0,7.8,0.5585614258434118,Q3,0
AL,9.5,6.6,8.3,0.606142584341184,Q3,0
TN,4.0,1.3,7.3,0.16242308508381073,Q1_LeastVulnerable,0
WY,1.3,3.5,7.1,0.19064290260980268,Q1_LeastVulnerable,0
OK,13.2,3.0,8.9,0.49681731381285804,Q3,0
AL,3.6,2.9,10.5,0.3336516019520475,Q2,0
FL,6.0,5.5,8.6,0.472841077869722,Q2,0
WV,21.0,7.5,16.4,0.9637173774665818,Q4_MostVulnerable,1
SC,8.5,2.3,9.0,0.3791640144281774,Q2,0
MO,10.5,5.4,10.3,0.6515489072777424,Q3,0
GA,5.5,2.7,7.5,0.25339486526628474,Q1_LeastVulnerable,0
AL,15.1,7.5,14.6,0.9168258009760236,Q4_MostVulnerable,1
AK,1.9,1.2,5.9,0.07320178230426479,Q1_LeastVulnerable,0
NM,13.1,4.8,13.1,0.7486738807553576,Q4_MostVulnerable,1
AK,2.8,0.0,5.5,0.0665711860810524,Q1_LeastVulnerable,0
WI,18.8,7.9,14.8,0.9546467218332273,Q4_MostVulnerable,1
CO,11.3,5.2,9.0,0.6033312115425419,Q3,0
OH,3.8,1.4,9.3,0.23833015064714616,Q1_LeastVulnerable,0
CO,8.2,4.8,7.4,0.44775090176108634,Q2,0
MS,11.5,7.0,10.1,0.7348291958412899,Q4_MostVulnerable,1
CA,5.4,3.3,7.0,0.2623063865902822,Q1_LeastVulnerable,0
PA,6.5,4.3,7.5,0.37110120942075114,Q2,0
NE,15.6,7.1,14.3,0.9057394440908126,Q4_MostVulnerable,1
CA,8.4,2.7,8.6,0.3756630596223212,Q2,0
TN,14.5,9.4,15.1,0.9389454699766603,Q4_MostVulnerable,1
MO,10.4,4.4,8.6,0.5183004455760661,Q3,0
VA,11.3,6.4,11.0,0.7467642690430724,Q4_MostVulnerable,1
VT,13.7,7.3,10.3,0.7879800551665607,Q4_MostVulnerable,1
VA,16.9,6.9,14.3,0.9125291746233821,Q4_MostVulnerable,1
CA,4.1,4.1,7.0,0.27657542966263526,Q1_LeastVulnerable,0
CA,12.6,6.1,11.0,0.756524506683641,Q4_MostVulnerable,1
WI,18.8,5.5,16.8,0.8799596859749629,Q4_MostVulnerable,1
MI,12.7,5.3,10.0,0.6763738595374496,Q3,0
GA,9.7,4.0,11.0,0.5749522597071929,Q3,0
PA,15.7,6.0,11.3,0.8021430086993423,Q4_MostVulnerable,1
GA,20.5,6.2,15.5,0.9144387863356673,Q4_MostVulnerable,1
OK,10.8,6.9,8.0,0.6312858052196054,Q3,0
TN,11.8,7.9,9.6,0.7420963293019308,Q4_MostVulnerable,1
PA,11.4,6.9,10.5,0.7443772544027158,Q4_MostVulnerable,1
ID,2.5,4.7,9.9,0.39619138552938676,Q2,0
KY,13.1,5.4,11.8,0.7536070443454275,Q4_MostVulnerable,1
LA,2.8,1.9,9.7,0.24713558243157227,Q1_LeastVulnerable,0
MI,11.9,4.4,11.4,0.6610969658391682,Q3,0
CO,2.3,3.7,5.4,0.16634839804795246,Q1_LeastVulnerable,0
MA,3.8,3.5,10.0,0.35168682367918525,Q2,0
MN,6.4,3.8,9.1,0.3988966687884575,Q2,0
MS,5.7,5.7,6.6,0.4030872056015277,Q2,0
SD,13.5,6.7,12.7,0.843624018671759,Q4_MostVulnerable,1
MS,7.0,2.8,7.9,0.3160407383831954,Q2,0
FL,3.0,1.9,2.5,0.06991300657755146,Q1_LeastVulnerable,0
NC,5.3,4.6,9.5,0.43825588796944626,Q2,0
SC,9.3,6.4,11.9,0.7365266284744325,Q4_MostVulnerable,1
IN,9.2,5.6,13.3,0.7257585402079355,Q4_MostVulnerable,1
NY,9.5,7.7,10.6,0.7314873753447909,Q4_MostVulnerable,1
CO,13.5,8.5,11.2,0.8415022278803309,Q4_MostVulnerable,1
IN,15.0,7.2,14.2,0.9027689369828135,Q4_MostVulnerable,1
UT,11.4,4.2,12.4,0.666772756206238,Q3,0
UT,7.8,2.4,12.2,0.4854126883089327,Q2,0
MT,6.5,3.4,8.2,0.3418204964990452,Q2,0
OH,19.0,8.8,14.2,0.9593677063441545,Q4_MostVulnerable,1
TN,9.1,7.5,8.1,0.6166984935285381,Q3,0
WA,10.6,5.8,11.4,0.7191279439847231,Q4_MostVulnerable,1
MI,5.9,5.5,4.8,0.3538616592403989,Q2,0
MO,5.8,3.4,9.5,0.3762995968597496,Q2,0
LA,3.6,4.0,8.0,0.29471674092934436,Q2,0
CA,8.6,5.8,10.5,0.6395077445363887,Q3,0
LA,5.8,0.8,8.2,0.23562486738807553,Q1_LeastVulnerable,0
RI,6.7,3.4,11.4,0.4774029280712922,Q2,0
SC,14.8,7.9,14.1,0.9160301294292382,Q4_MostVulnerable,1
TX,2.6,3.2,5.1,0.13717377466581795,Q1_LeastVulnerable,0
CA,5.1,1.7,6.4,0.16857627837895184,Q1_LeastVulnerable,0
MS,9.8,1.3,8.2,0.3486632718014004,Q2,0
CA,9.4,4.3,10.8,0.5807871843836198,Q3,0
FL,16.8,6.9,11.4,0.8506259282834714,Q4_MostVulnerable,1
TX,1.7,1.2,8.0,0.14200084871631657,Q1_LeastVulnerable,0
MI,15.6,6.9,15.5,0.9114682792276682,Q4_MostVulnerable,1
PA,3.3,3.8,4.9,0.18411839592616167,Q1_LeastVulnerable,0
CA,6.8,5.0,8.0,0.446053469127944,Q2,0
LA,2.5,0.0,6.3,0.08142372162104816,Q1_LeastVulnerable,0
NC,0.6,0.2,7.1,0.08709951198811798,Q1_LeastVulnerable,0
CA,15.5,6.2,15.9,0.8882346700615319,Q4_MostVulnerable,1
IN,4.6,4.2,3.9,0.22936558455336306,Q1_LeastVulnerable,0
CA,12.0,6.3,10.4,0.7307447485677913,Q4_MostVulnerable,1
NY,5.8,4.4,7.4,0.3548695098663272,Q2,0
WA,17.0,6.5,10.7,0.8116910672607681,Q4_MostVulnerable,1
TN,6.2,3.4,7.1,0.2923827710587736,Q2,0
WV,7.3,3.1,9.5,0.40441332484617015,Q2,0
TN,5.1,4.7,7.0,0.3407065563335456,Q2,0
TN,3.6,1.7,3.7,0.08418204964990451,Q1_LeastVulnerable,0
MT,12.8,7.1,17.2,0.8904095056227455,Q4_MostVulnerable,1
MS,8.4,4.8,9.7,0.5457776363250583,Q3,0
LA,0.8,2.2,5.6,0.0788775726713346,Q1_LeastVulnerable,0
SD,17.3,6.2,11.4,0.8294610651389774,Q4_MostVulnerable,1
CO,7.4,2.2,9.2,0.3539677487799702,Q2,0
CA,3.8,2.2,6.6,0.1577551453426692,Q1_LeastVulnerable,0
WA,2.3,2.2,2.4,0.06619987269255252,Q1_LeastVulnerable,0
AL,4.0,0.0,4.8,0.08036282622533418,Q1_LeastVulnerable,0
WV,10.3,4.8,11.7,0.6652344578824528,Q3,0
OK,13.3,7.4,15.5,0.8992149374071716,Q4_MostVulnerable,1
IN,6.9,4.9,9.2,0.4905580309781455,Q3,0
OH,24.4,8.6,19.4,0.9874283895607894,Q4_MostVulnerable,1
SD,6.2,3.9,7.8,0.3480797793337577,Q2,0
GA,7.8,3.5,8.7,0.40504986208359856,Q2,0
PA,3.3,3.2,8.8,0.2730744748567791,Q1_LeastVulnerable,0
SC,7.5,6.6,12.1,0.7030023339698706,Q3,0
GA,13.8,7.6,14.5,0.9029811160619564,Q4_MostVulnerable,1
AR,18.7,8.4,12.2,0.9185232336091661,Q4_MostVulnerable,1
FL,12.0,4.8,10.8,0.6657118608105241,Q3,0
FL,1.8,3.7,6.4,0.18533842563123273,Q1_LeastVulnerable,0
CA,3.0,0.4,6.0,0.0851899002758328,Q1_LeastVulnerable,0
OK,1.8,2.2,6.7,0.12354126883089327,Q1_LeastVulnerable,0
KY,4.2,4.1,8.7,0.3442075111394017,Q2,0
TX,5.4,4.7,9.7,0.45618502015701257,Q2,0
GA,3.6,4.1,10.2,0.3904095056227456,Q2,0
MA,11.4,5.9,10.0,0.6873010821133038,Q3,0
NY,3.5,2.7,4.0,0.11913855293868024,Q1_LeastVulnerable,0
TX,10.3,5.9,10.9,0.6996074687035859,Q3,0
MS,12.7,4.4,15.1,0.7433694037767875,Q4_MostVulnerable,1
KS,6.7,2.7,7.4,0.28283471249734776,Q1_LeastVulnerable,0
TX,14.9,6.6,13.8,0.8782622533418204,Q4_MostVulnerable,1
IL,11.0,5.6,11.9,0.7335030765966476,Q4_MostVulnerable,1
CA,5.3,0.9,8.0,0.21568003394865265,Q1_LeastVulnerable,0
MD,7.7,5.0,8.9,0.5065775514534266,Q3,0
PA,5.7,4.9,6.0,0.3385847655421175,Q2,0
AZ,12.5,5.6,6.7,0.5605240823254827,Q3,0
NE,11.2,8.9,8.4,0.6930299172501592,Q3,0
NV,9.5,3.8,9.0,0.47740292807129214,Q2,0
VA,2.5,2.2,8.5,0.2000318268618714,Q1_LeastVulnerable,0
IL,5.1,2.9,7.3,0.2430511351580734,Q1_LeastVulnerable,0
ID,4.4,3.2,6.2,0.2048058561425843,Q1_LeastVulnerable,0
MD,1.2,1.9,3.8,0.04779333757691492,Q1_LeastVulnerable,0
IA,3.1,0.8,7.9,0.15605771270952684,Q1_LeastVulnerable,0
OK,3.2,2.1,9.3,0.24342244854657333,Q1_LeastVulnerable,0
NY,6.8,3.9,10.5,0.4753872268194356,Q2,0
PA,12.1,7.5,12.3,0.8375238701464035,Q4_MostVulnerable,1
SD,5.6,7.0,4.8,0.41077869722045407,Q2,0
VA,7.1,6.1,7.8,0.5067366857627839,Q3,0
LA,7.1,3.0,12.4,0.49777211966900065,Q3,0
WI,7.7,3.3,11.1,0.48939104604286016,Q3,0
FL,8.3,4.3,6.1,0.37423085083810737,Q2,0
OH,14.8,9.1,12.3,0.8975175047740293,Q4_MostVulnerable,1
MS,6.7,3.8,9.1,0.40870995119881176,Q2,0
SD,14.9,4.5,10.9,0.6912263950774453,Q3,0
MI,8.1,3.7,4.4,0.29933163590070017,Q2,0
PA,7.3,5.3,8.9,0.5128898790579249,Q3,0
VA,21.2,9.4,14.0,0.9672713770422235,Q4_MostVulnerable,1
OK,13.2,5.7,10.0,0.7052832590706557,Q3,0
PA,1.3,3.4,4.9,0.12523870146403565,Q1_LeastVulnerable,0
CA,10.1,1.6,9.8,0.4281243369403777,Q2,0
FL,3.3,3.1,6.6,0.18624018671758966,Q1_LeastVulnerable,0
WV,8.4,5.8,7.4,0.5108211330362826,Q3,0
OH,3.7,1.9,6.4,0.13913643114788884,Q1_LeastVulnerable,0
MO,9.3,3.5,6.1,0.34845109272225755,Q2,0
KS,17.4,4.4,14.3,0.7880330999363463,Q4_MostVulnerable,1
AR,10.6,7.6,4.6,0.5516656057712709,Q3,0
KS,6.3,2.8,7.6,0.2832590706556334,Q1_LeastVulnerable,0
MI,5.7,4.1,9.7,0.42451729259495014,Q2,0
FL,15.9,7.7,10.8,0.8412370040314024,Q4_MostVulnerable,1
CO,10.3,7.4,11.6,0.780872056015277,Q4_MostVulnerable,1
MN,15.3,6.4,15.0,0.8876511775938892,Q4_MostVulnerable,1
NE,11.7,4.7,4.2,0.4401654996817314,Q2,0
GA,7.5,4.5,8.4,0.44737958837258646,Q2,0
NV,9.8,6.9,4.1,0.5093889242520688,Q3,0
TX,18.5,7.3,14.0,0.9320496499045193,Q4_MostVulnerable,1
MI,7.9,2.9,8.9,0.3847867600254615,Q2,0
TX,5.5,1.3,2.8,0.11882028431996605,Q1_LeastVulnerable,0
VA,5.2,1.7,11.4,0.36537237428389563,Q2,0
CA,11.9,6.9,11.5,0.7936028007638448,Q4_MostVulnerable,1
CA,6.1,3.3,6.3,0.2560471037555697,Q1_LeastVulnerable,0
MI,6.9,3.1,11.4,0.46843836197750904,Q2,0
NV,13.9,5.1,8.4,0.615637598132824,Q3,0
LA,3.0,3.0,4.1,0.12407171652875026,Q1_LeastVulnerable,0
IN,8.4,4.2,4.6,0.34065351156375984,Q2,0
NY,14.7,6.0,16.0,0.8734351792913219,Q4_MostVulnerable,1
AL,9.5,6.9,10.4,0.7011988117971568,Q3,0
WA,8.5,6.8,10.5,0.6787078294080203,Q3,0
FL,11.3,3.0,11.3,0.5628050074262677,Q3,0
VT,9.7,5.4,11.0,0.662741353702525,Q3,0
CA,7.4,3.0,8.8,0.3721090600466794,Q2,0
GA,1.5,2.1,6.3,0.10163377890939955,Q1_LeastVulnerable,0
GA,11.7,6.0,11.1,0.7416189263738596,Q4_MostVulnerable,1
WY,2.7,2.5,5.1,0.10778697220454063,Q1_LeastVulnerable,0
AL,12.2,6.0,11.0,0.7462338213452154,Q4_MostVulnerable,1
NY,1.5,3.5,6.3,0.1657118608105241,Q1_LeastVulnerable,0
TX,4.0,3.6,7.2,0.2497878209208572,Q1_LeastVulnerable,0
NC,9.3,3.8,6.7,0.38659028219817526,Q2,0
KS,7.0,3.2,5.8,0.26469340123063867,Q1_LeastVulnerable,0
WA,6.2,1.7,10.3,0.3488224061107575,Q2,0
TX,20.4,6.9,14.6,0.9312009335879482,Q4_MostVulnerable,1
ME,12.4,8.7,12.4,0.862295777636325,Q4_MostVulnerable,1
MT,1.6,1.3,3.6,0.03723742838956079,Q1_LeastVulnerable,0
WA,14.7,4.6,9.4,0.6356354763420327,Q3,0
WI,13.6,6.6,10.1,0.7568427753023551,Q4_MostVulnerable,1
MA,10.8,5.1,10.0,0.6302249098238915,Q3,0
TN,5.6,3.4,6.5,0.2563653723742839,Q1_LeastVulnerable,0
IL,11.9,7.7,13.5,0.8622427328665393,Q4_MostVulnerable,1
KS,8.5,5.4,9.6,0.579514109908763,Q3,0
CO,13.1,5.1,15.2,0.7934436664544876,Q4_MostVulnerable,1
FL,4.3,2.6,7.9,0.23456397199236156,Q1_LeastVulnerable,0
NY,5.3,2.8,2.8,0.16125610014852534,Q1_LeastVulnerable,0
MN,3.3,4.3,8.8,0.34007001909611706,Q2,0
FL,4.5,2.9,4.2,0.15584553363038403,Q1_LeastVulnerable,0
KY,6.0,1.1,8.5,0.2562592828347125,Q1_LeastVulnerable,0
KS,9.7,4.8,8.3,0.5168151920220666,Q3,0
WI,4.6,1.1,11.6,0.34447273498833014,Q2,0
TN,8.1,7.7,12.0,0.7480373435179292,Q4_MostVulnerable,1
KY,14.6,4.9,10.8,0.7110120942075112,Q4_MostVulnerable,1
UT,10.8,5.0,10.1,0.6283152981116061,Q3,0
IN,5.9,4.2,8.4,0.3818162529174623,Q2,0
NC,0.5,1.7,7.0,0.10513473371525568,Q1_LeastVulnerable,0
WA,8.4,4.1,9.3,0.48196477827286227,Q2,0
KY,5.6,4.3,5.7,0.28930617441120304,Q2,0
NC,3.5,5.3,5.3,0.28925312964141736,Q1_LeastVulnerable,0
IL,8.6,5.7,9.3,0.5857203479736898,Q3,0
GA,13.6,8.3,14.3,0.9086569064290261,Q4_MostVulnerable,1
MT,5.2,2.0,8.4,0.2523339698705708,Q1_LeastVulnerable,0
WV,12.6,6.3,9.8,0.7181200933587949,Q4_MostVulnerable,1
MA,7.0,4.3,9.8,0.4806917037980056,Q2,0
VA,10.3,5.6,9.4,0.6224803734351793,Q3,0
UT,14.4,8.4,14.0,0.9176745172925949,Q4_MostVulnerable,1
GA,0.5,1.8,10.3,0.2370570761722894,Q1_LeastVulnerable,0
KY,10.6,4.6,9.6,0.5769679609590495,Q3,0
NY,19.7,8.7,16.5,0.9790473159346488,Q4_MostVulnerable,1
MS,16.1,4.2,11.6,0.7093146615743687,Q4_MostVulnerable,1
CA,3.7,2.7,6.6,0.17488860598345002,Q1_LeastVulnerable,0
WI,9.5,4.6,9.8,0.5632824103543391,Q3,0
OR,21.5,7.1,15.4,0.9458412900488011,Q4_MostVulnerable,1
MD,6.3,5.5,13.1,0.6384468491406747,Q3,0
NM,14.4,4.7,11.6,0.7258115849777212,Q4_MostVulnerable,1
CA,9.0,4.5,10.7,0.5789306174411203,Q3,0
MI,6.6,4.4,4.4,0.3020369191597709,Q2,0
VA,14.3,8.3,13.0,0.8993210269467431,Q4_MostVulnerable,1
TX,14.3,6.3,14.4,0.8681307023127519,Q4_MostVulnerable,1
IN,3.9,4.6,5.9,0.2683004455760662,Q1_LeastVulnerable,0
MS,15.9,7.8,7.9,0.726023764056864,Q4_MostVulnerable,1
OH,0.2,2.2,5.0,0.06423721621048165,Q1_LeastVulnerable,0
IN,6.4,2.3,8.2,0.288086144706132,Q1_LeastVulnerable,0
CA,8.7,2.5,10.8,0.4654148100997242,Q2,0
MN,6.3,4.1,12.2,0.5315616380224909,Q3,0
NJ,8.4,3.7,8.4,0.42032675578187995,Q2,0
AL,5.5,5.0,6.0,0.33964566093783155,Q2,0
CA,7.9,5.5,6.6,0.4533736473583705,Q2,0
FL,12.6,5.5,11.7,0.7494695523021431,Q4_MostVulnerable,1
IA,8.3,2.8,10.1,0.4407489921493741,Q2,0
MS,18.7,8.4,13.3,0.9418629323148737,Q4_MostVulnerable,1
IL,8.2,2.9,10.7,0.4655208996392956,Q2,0
ID,6.9,2.9,9.4,0.3787927010396775,Q2,0
TX,22.5,7.3,16.3,0.96016337789094,Q4_MostVulnerable,1
CO,14.6,6.2,10.5,0.7687778485041376,Q4_MostVulnerable,1
MI,11.6,7.2,9.8,0.7314343305750054,Q4_MostVulnerable,1
WA,2.0,2.6,1.2,0.07489921493740717,Q1_LeastVulnerable,0
NY,17.4,6.6,14.2,0.9052089963929557,Q4_MostVulnerable,1
OH,12.7,3.5,11.4,0.6177063441544665,Q3,0
LA,3.2,3.8,7.0,0.236950986632718,Q1_LeastVulnerable,0
AK,11.2,4.2,11.6,0.6417356248673881,Q3,0
NY,4.1,3.4,7.8,0.2631020581370677,Q1_LeastVulnerable,0
NY,16.0,6.3,12.8,0.8598026734563972,Q4_MostVulnerable,1
CA,16.5,8.2,13.4,0.927381710163378,Q4_MostVulnerable,1
MA,13.6,5.8,9.0,0.6749416507532358,Q3,0
UT,5.6,3.6,6.6,0.27153617653299383,Q1_LeastVulnerable,0
FL,13.2,6.7,11.7,0.8126458731169107,Q4_MostVulnerable,1
MA,2.6,5.9,4.8,0.29598981540420116,Q2,0
MA,9.1,6.1,11.3,0.697644812221515,Q3,0
SC,6.8,3.9,7.1,0.34160831741990244,Q2,0
TN,6.6,4.0,8.7,0.40107150434967115,Q2,0
PA,2.8,2.1,6.6,0.13324846170167623,Q1_LeastVulnerable,0
KS,8.8,3.2,10.9,0.5031826861871419,Q3,0
CA,3.9,2.3,8.7,0.24183110545300232,Q1_LeastVulnerable,0
IA,5.8,2.6,9.3,0.3283471249734776,Q2,0
NC,11.5,6.4,6.6,0.5781879906641206,Q3,0
OH,8.7,3.0,11.7,0.5207405049862084,Q3,0
WA,5.9,5.8,11.0,0.5857203479736898,Q3,0
MA,4.0,4.3,6.0,0.2542435815828559,Q1_LeastVulnerable,0
NY,10.4,5.1,10.7,0.6485253553999576,Q3,0
MS,10.8,5.2,8.6,0.5762253341820497,Q3,0
CO,5.1,2.7,3.6,0.15478463823467006,Q1_LeastVulnerable,0
MA,6.2,4.3,6.6,0.33078718438361976,Q2,0
MO,8.9,6.3,8.4,0.5842350944196902,Q3,0
WA,3.9,2.1,6.2,0.14369828134945895,Q1_LeastVulnerable,0
KS,9.8,2.6,8.0,0.38064926798217696,Q2,0
WV,3.4,4.1,5.2,0.20942075111394018,Q1_LeastVulnerable,0
MS,4.3,3.8,7.1,0.2683534903458519,Q1_LeastVulnerable,0
GA,0.2,0.4,3.6,0.013579461065138977,Q1_LeastVulnerable,0
CT,4.2,2.1,8.2,0.22427328665393595,Q1_LeastVulnerable,0
CO,1.4,1.1,7.1,0.10311903246339911,Q1_LeastVulnerable,0
MA,6.0,2.7,12.8,0.45910248249522595,Q2,0
AK,5.1,3.1,9.8,0.3542329726288988,Q2,0
MD,1.6,2.1,6.3,0.10280076384468491,Q1_LeastVulnerable,0
WI,8.1,3.5,7.8,0.3779439847231063,Q2,0
NC,15.8,5.6,13.5,0.8363038404413325,Q4_MostVulnerable,1
PA,20.0,7.7,15.7,0.962285168682368,Q4_MostVulnerable,1
CA,1.8,2.8,4.9,0.10179291321875662,Q1_LeastVulnerable,0
MI,9.3,4.3,11.2,0.5945788245279017,Q3,0
IL,10.6,6.9,7.5,0.6085295989815404,Q3,0
TX,12.1,6.4,10.6,0.7452790154890727,Q4_MostVulnerable,1
CO,6.4,1.5,9.3,0.3087736049225546,Q2,0
MA,10.2,5.9,9.5,0.6410990876299597,Q3,0
NV,12.4,6.6,10.8,0.7651177593889242,Q4_MostVulnerable,1
MN,17.2,6.5,13.3,0.8886059834500318,Q4_MostVulnerable,1
TN,8.8,2.4,7.7,0.3385317207723319,Q2,0
FL,1.2,2.4,7.9,0.1652875026522385,Q1_LeastVulnerable,0
KS,6.7,4.0,6.3,0.31673032039040955,Q2,0
RI,10.2,3.4,10.7,0.5366539359219181,Q3,0
MS,5.5,1.5,8.6,0.2561001485253554,Q1_LeastVulnerable,0
KY,11.7,5.4,8.9,0.6179715680033948,Q3,0
AZ,2.5,2.4,6.4,0.13176320814767664,Q1_LeastVulnerable,0
PA,19.3,7.2,12.8,0.9108317419902398,Q4_MostVulnerable,1
WV,5.4,3.5,10.5,0.4114152344578825,Q2,0
NM,3.0,1.2,4.2,0.06482070867812434,Q1_LeastVulnerable,0
TX,4.0,2.5,5.7,0.14820708678124336,Q1_LeastVulnerable,0
MS,14.6,7.2,9.8,0.7774241459792064,Q4_MostVulnerable,1
FL,4.3,2.8,4.4,0.14868448970931467,Q1_LeastVulnerable,0
AL,9.6,2.4,13.0,0.5469446212603438,Q3,0
NY,17.5,6.5,14.8,0.9096647570549544,Q4_MostVulnerable,1
MI,3.8,1.5,7.2,0.15855081688945472,Q1_LeastVulnerable,0
PA,15.3,7.0,11.4,0.8391682580097601,Q4_MostVulnerable,1
OH,12.3,6.2,12.9,0.8109484404837684,Q4_MostVulnerable,1
WI,1.2,0.0,4.0,0.02005092297899427,Q1_LeastVulnerable,0
MN,13.2,7.1,13.2,0.8604392106938256,Q4_MostVulnerable,1
LA,13.3,4.3,9.9,0.6178654784638234,Q3,0
IL,1.1,4.7,4.2,0.19663696159558666,Q1_LeastVulnerable,0
MI,7.8,4.3,10.4,0.5241884150222788,Q3,0
TX,8.7,2.7,11.1,0.4856248673880755,Q2,0
AR,6.3,2.2,9.3,0.32617228941226395,Q2,0
WV,5.6,4.2,5.7,0.2822512200297051,Q1_LeastVulnerable,0
WI,2.2,2.1,5.2,0.0852959898154042,Q1_LeastVulnerable,0
NV,10.4,5.0,10.5,0.6349458943348186,Q3,0
IN,0.3,4.5,3.4,0.17213027795459368,Q1_LeastVulnerable,0
FL,8.1,3.4,11.8,0.5294398472310631,Q3,0
ID,6.2,3.9,3.3,0.24793125397835772,Q1_LeastVulnerable,0
CA,7.1,6.2,7.0,0.4822830468915766,Q2,0
MI,11.1,5.7,9.5,0.6493210269467431,Q3,0
CA,6.2,1.5,2.4,0.13945469976660302,Q1_LeastVulnerable,0
OH,10.0,5.7,7.2,0.5347443242096329,Q3,0
KS,7.3,2.4,9.9,0.3904095056227456,Q2,0
FL,5.5,5.8,7.8,0.4458943348185869,Q2,0
MO,8.0,3.2,12.1,0.5242414597920645,Q3,0
WV,11.1,9.8,13.7,0.8721090600466793,Q4_MostVulnerable,1
OH,10.2,7.3,11.0,0.7539253129641418,Q4_MostVulnerable,1
MI,0.5,1.0,5.9,0.0545300233396987,Q1_LeastVulnerable,0
PA,11.1,5.4,10.7,0.6797687248037344,Q3,0
OK,9.3,5.9,4.3,0.46196690006365376,Q2,0
TX,1.0,3.5,2.7,0.10953744960746871,Q1_LeastVulnerable,0
FL,12.2,6.3,11.3,0.770263102058137,Q4_MostVulnerable,1
TX,8.6,6.5,10.5,0.6713346064078082,Q3,0
IL,18.8,7.5,15.0,0.9482283046891578,Q4_MostVulnerable,1
VA,3.9,2.6,5.2,0.13887120729896033,Q1_LeastVulnerable,0
ID,11.1,4.8,12.4,0.7007214088690855,Q3,0
VA,6.2,5.1,11.1,0.558879694462126,Q3,0
WA,15.1,7.1,14.4,0.9027689369828135,Q4_MostVulnerable,1
CO,7.7,4.8,10.8,0.5709208572034797,Q3,0
WV,18.1,8.6,12.9,0.9339062168470189,Q4_MostVulnerable,1
CA,2.4,0.0,8.3,0.15117759388924254,Q1_LeastVulnerable,0
FL,8.9,5.1,9.7,0.5759601103331211,Q3,0
MD,11.1,5.6,11.6,0.7263420326755782,Q4_MostVulnerable,1
WI,11.8,8.0,11.6,0.8221408869085508,Q4_MostVulnerable,1
MI,15.9,4.5,12.7,0.755463611287927,Q4_MostVulnerable,1
MO,9.3,7.1,7.9,0.602270316146828,Q3,0
OH,1.7,2.6,5.7,0.10683216634839805,Q1_LeastVulnerable,0
WA,4.7,4.1,9.3,0.37974750689582004,Q2,0
PA,2.8,5.4,5.5,0.28437301082113303,Q1_LeastVulnerable,0
FL,19.8,8.8,16.7,0.9811691067260768,Q4_MostVulnerable,1
IL,7.0,4.7,10.0,0.5149586250795671,Q3,0
CA,6.1,4.2,7.4,0.3481858688733291,Q2,0
NY,10.2,4.3,12.9,0.6601952047528113,Q3,0
CO,11.1,5.3,9.9,0.644016549968173,Q3,0
GA,7.7,3.2,11.9,0.5110333121154254,Q3,0
TX,9.9,4.9,10.8,0.6304901336728198,Q3,0
IN,12.6,2.3,11.3,0.5550604710375557,Q3,0
MO,3.9,3.8,5.2,0.2018353490345852,Q1_LeastVulnerable,0
KY,9.8,4.8,9.7,0.5775514534266922,Q3,0
CA,9.3,4.3,9.2,0.5126776999787821,Q3,0
KS,13.3,6.3,9.1,0.6972204540632294,Q3,0
LA,13.6,3.9,11.3,0.651973265436028,Q3,0
TX,5.3,6.5,6.0,0.4101952047528114,Q2,0
IN,2.0,2.4,7.2,0.15091237004031402,Q1_LeastVulnerable,0
KY,8.0,4.2,11.6,0.5701251856566942,Q3,0
PA,10.5,3.7,7.8,0.444462126034373,Q2,0
PA,15.5,6.7,16.2,0.9084977721196689,Q4_MostVulnerable,1
SC,3.3,5.1,6.4,0.3026734563971993,Q2,0
WA,1.9,4.1,4.0,0.16640144281773817,Q1_LeastVulnerable,0
SC,4.0,4.5,8.5,0.35555909187354134,Q2,0
LA,1.7,3.3,5.0,0.12582219393167834,Q1_LeastVulnerable,0
TN,9.8,4.4,9.7,0.5518247400806281,Q3,0
MN,8.7,2.4,8.5,0.3665924039889667,Q2,0
ID,10.6,4.9,8.7,0.559410142159983,Q3,0
IL,4.0,2.9,8.5,0.26108635688521115,Q1_LeastVulnerable,0
FL,12.2,7.2,10.5,0.7690961171228516,Q4_MostVulnerable,1
CO,4.7,3.9,4.5,0.2187566305962232,Q1_LeastVulnerable,0
CO,8.9,7.1,10.6,0.7009335879482284,Q3,0
CA,19.3,9.6,12.2,0.93019308296202,Q4_MostVulnerable,1
TX,4.3,2.6,4.8,0.14481222151495862,Q1_LeastVulnerable,0
VA,5.0,0.8,9.9,0.28389560789306173,Q1_LeastVulnerable,0
NE,3.9,5.2,4.6,0.2822512200297051,Q1_LeastVulnerable,0
TN,5.3,5.6,3.0,0.3278697220454063,Q2,0
CO,5.1,1.5,8.8,0.25254614894971356,Q1_LeastVulnerable,0
TX,5.6,5.9,7.2,0.4323148737534479,Q2,0
MN,6.6,4.5,7.8,0.3985784001697433,Q2,0
CA,10.1,5.3,9.4,0.6010502864417567,Q3,0
CO,13.8,8.6,12.4,0.882771058773605,Q4_MostVulnerable,1
IL,9.0,6.7,8.0,0.5859855718226182,Q3,0
AR,7.2,5.1,11.6,0.6070973901973266,Q3,0
IL,1.3,3.1,2.7,0.09166136218968811,Q1_LeastVulnerable,0
CA,19.5,8.8,15.6,0.9749628686611501,Q4_MostVulnerable,1
GA,8.4,3.9,10.5,0.5188308932739232,Q3,0
GA,8.7,4.5,7.9,0.4596859749628687,Q2,0
WI,16.4,5.6,11.1,0.781190324633991,Q4_MostVulnerable,1
GA,5.7,3.2,9.9,0.38027795459367714,Q2,0
GA,7.5,3.7,6.7,0.33481858688733285,Q2,0
OH,13.2,5.0,10.4,0.6797687248037344,Q3,0
TX,13.9,6.4,13.7,0.8584765542117547,Q4_MostVulnerable,1
KY,8.0,3.9,9.1,0.4512518565669425,Q2,0
TX,8.5,5.3,5.6,0.4293974114152344,Q2,0
IN,17.1,4.7,17.0,0.8239974538510504,Q4_MostVulnerable,1
DE,6.7,3.8,7.3,0.338319541693189,Q2,0
IN,6.9,4.3,7.7,0.3921599830256737,Q2,0
NJ,10.6,4.7,10.8,0.6317632081476766,Q3,0
KS,7.0,3.8,9.7,0.4440377678760874,Q2,0
NC,7.2,1.8,12.5,0.4562911096965839,Q2,0
GA,11.0,5.8,7.2,0.5614258434118395,Q3,0
OH,12.4,6.7,12.9,0.8312115425419053,Q4_MostVulnerable,1
IA,4.2,4.0,8.6,0.3338107362614046,Q2,0
MA,8.4,6.1,8.9,0.58497772119669,Q3,0
MO,14.3,6.6,13.7,0.8707298960322513,Q4_MostVulnerable,1
OH,10.9,6.0,12.3,0.7628898790579249,Q4_MostVulnerable,1
GA,8.9,4.9,6.7,0.44796308084022907,Q2,0
TN,10.4,6.1,13.7,0.7844791003607045,Q4_MostVulnerable,1
OK,3.3,0.6,3.5,0.05686399321026946,Q1_LeastVulnerable,0
FL,6.8,2.7,6.1,0.2425206874602164,Q1_LeastVulnerable,0
WV,4.5,5.7,6.7,0.3759282834712497,Q2,0
NC,8.8,1.0,13.3,0.49618077657542964,Q3,0
MA,16.1,6.6,12.4,0.8630384044133249,Q4_MostVulnerable,1
CO,4.1,5.0,7.0,0.33609166136218976,Q2,0
MS,7.9,4.2,11.8,0.5733078718438361,Q3,0
CO,5.0,2.9,6.9,0.22713770422236368,Q1_LeastVulnerable,0
LA,3.9,3.4,4.6,0.16926586038616595,Q1_LeastVulnerable,0
LA,9.8,4.4,9.1,0.5258328028856355,Q3,0
OH,3.5,3.1,9.5,0.3020899639295565,Q2,0
CT,10.2,4.0,10.2,0.5538404413324846,Q3,0
TN,10.8,6.9,14.3,0.8286653935921918,Q4_MostVulnerable,1
IN,5.2,5.7,9.1,0.4833969870570762,Q2,0
MD,8.3,4.3,7.9,0.43698281349458945,Q2,0
PA,20.2,6.0,15.2,0.9022384892849565,Q4_MostVulnerable,1
NY,1.1,1.5,3.8,0.036494801612561,Q1_LeastVulnerable,0
IL,6.7,3.7,7.0,0.3221939316783365,Q2,0
KY,18.0,8.1,22.9,0.9694992573732231,Q4_MostVulnerable,1
IL,10.4,3.6,12.2,0.6050816889454699,Q3,0
NV,12.1,4.5,12.8,0.7087842138765117,Q4_MostVulnerable,1
IN,15.8,7.5,11.7,0.8690855081688946,Q4_MostVulnerable,1
OK,13.8,7.5,15.0,0.9052620411627412,Q4_MostVulnerable,1
NE,10.1,4.1,12.2,0.6286866115001061,Q3,0
CO,11.7,3.5,14.6,0.6653935921918098,Q3,0
IL,4.4,8.2,10.9,0.6174411203055379,Q3,0
FL,7.0,5.3,5.5,0.38712072989603225,Q2,0
KY,16.1,6.4,10.8,0.8043178442605559,Q4_MostVulnerable,1
MN,16.4,8.2,11.2,0.8699342244854659,Q4_MostVulnerable,1
MN,8.8,4.5,7.5,0.4466900063653723,Q2,0
PA,7.8,5.6,9.6,0.5721408869085508,Q3,0
CT,4.4,3.6,6.1,0.2246446000424358,Q1_LeastVulnerable,0
WA,11.5,5.6,14.9,0.7934436664544876,Q4_MostVulnerable,1
IN,1.1,2.2,9.4,0.21705919796308082,Q1_LeastVulnerable,0
IL,4.6,1.2,7.3,0.17584341183959262,Q1_LeastVulnerable,0
ND,9.9,7.9,13.8,0.8303097814555485,Q4_MostVulnerable,1
SC,9.1,3.3,12.5,0.565775514534267,Q3,0
KS,8.0,2.4,8.1,0.33450031826861865,Q2,0
OR,7.2,3.8,4.6,0.28394865266284747,Q1_LeastVulnerable,0
TX,2.0,1.2,5.6,0.06757903670698069,Q1_LeastVulnerable,0
PA,16.3,6.8,11.8,0.8559304052620411,Q4_MostVulnerable,1
AZ,5.0,4.5,7.9,0.3577339274347549,Q2,0
TN,9.4,6.3,9.9,0.6603012942923828,Q3,0
PA,17.3,8.4,13.8,0.9426055590918736,Q4_MostVulnerable,1
NC,12.8,5.4,12.4,0.7657542966263526,Q4_MostVulnerable,1
PA,18.1,7.5,11.6,0.8847867600254614,Q4_MostVulnerable,1
WV,4.9,4.1,8.3,0.3435709739019733,Q2,0
LA,6.3,1.2,7.3,0.221090600466794,Q1_LeastVulnerable,0
CA,14.4,7.2,12.6,0.8708359855718225,Q4_MostVulnerable,1
MA,7.5,2.1,10.7,0.4142796520263102,Q2,0
CA,4.1,6.3,4.6,0.34526840653511565,Q2,0
IL,18.7,7.0,13.8,0.92032675578188,Q4_MostVulnerable,1
NE,5.8,3.4,7.6,0.3001803522172714,Q2,0
IL,9.0,3.5,8.5,0.4261086356885211,Q2,0
ND,8.1,3.5,10.8,0.49909823891364313,Q3,0
TN,9.4,8.2,8.3,0.6432208784213876,Q3,0
LA,5.0,4.9,6.4,0.33110545300233396,Q2,0
TX,1.1,0.0,4.1,0.019785699130065778,Q1_LeastVulnerable,0
CA,10.4,7.4,12.4,0.8043708890303417,Q4_MostVulnerable,1
TN,10.5,6.9,9.2,0.6730850838107362,Q3,0
TN,2.5,2.3,7.2,0.15483768300445577,Q1_LeastVulnerable,0
IN,6.5,4.4,12.2,0.5575005304476979,Q3,0
IL,2.5,2.7,6.1,0.133991088478676,Q1_LeastVulnerable,0
IL,12.5,8.7,13.5,0.8857946106513898,Q4_MostVulnerable,1
SD,2.6,1.6,9.7,0.23525355399957562,Q1_LeastVulnerable,0
TN,10.6,5.4,12.4,0.7256524506683641,Q4_MostVulnerable,1
IN,11.5,4.8,10.7,0.6516019520475281,Q3,0
NV,7.6,2.1,10.1,0.39497135582431575,Q2,0
CO,18.2,10.7,11.5,0.9102482495225971,Q4_MostVulnerable,1
MI,0.6,0.4,3.7,0.016762147252280927,Q1_LeastVulnerable,0
WY,12.6,6.1,10.1,0.7213558243157224,Q4_MostVulnerable,1
CO,10.2,2.5,14.6,0.5865160195204753,Q3,0
WA,14.5,5.8,10.6,0.7519096117122852,Q4_MostVulnerable,1
TN,18.4,8.2,12.6,0.923827710587736,Q4_MostVulnerable,1
WV,8.5,3.3,7.1,0.3515807341396138,Q2,0
CO,7.2,5.0,9.7,0.5272119669000636,Q3,0
FL,16.1,6.4,13.3,0.8749734776151072,Q4_MostVulnerable,1
AL,5.1,5.3,9.7,0.4833969870570762,Q2,0
OK,12.7,7.8,12.7,0.8620305537873966,Q4_MostVulnerable,1
NY,9.8,4.1,7.1,0.4286547846382347,Q2,0
CO,17.0,7.2,11.9,0.8787927010396775,Q4_MostVulnerable,1
RI,2.1,2.9,8.8,0.23551877784850414,Q1_LeastVulnerable,0
IL,1.8,3.5,5.5,0.14900275832802887,Q1_LeastVulnerable,0
CO,6.2,3.9,10.5,0.4566093783152982,Q2,0
LA,8.3,4.8,8.9,0.5090706556333545,Q3,0
CA,11.6,5.1,8.9,0.5992467642690431,Q3,0
GA,4.1,3.4,6.5,0.21700615319329516,Q1_LeastVulnerable,0
KS,1.3,4.3,3.7,0.16915977084659453,Q1_LeastVulnerable,0
TN,21.1,9.3,14.4,0.9714088690855082,Q4_MostVulnerable,1
RI,6.1,4.9,8.4,0.4326331423721621,Q2,0
MD,13.9,7.3,13.0,0.8762465520899639,Q4_MostVulnerable,1
OK,3.6,2.9,3.6,0.1274135370252493,Q1_LeastVulnerable,0
MO,6.8,4.5,8.4,0.4280182474008063,Q2,0
IN,2.7,1.2,5.2,0.07150434967112242,Q1_LeastVulnerable,0
OK,19.5,9.7,13.4,0.9566093783152981,Q4_MostVulnerable,1
ND,5.6,0.0,8.1,0.22061319753872266,Q1_LeastVulnerable,0
NM,2.1,2.5,4.9,0.09447273498833014,Q1_LeastVulnerable,0
NM,16.4,8.6,15.9,0.9576172289412265,Q4_MostVulnerable,1
ND,6.2,1.8,10.5,0.3586887332908975,Q2,0
KY,17.5,7.9,16.1,0.9583598557182262,Q4_MostVulnerable,1
TX,10.3,4.1,9.2,0.5200509229789942,Q3,0
CO,8.6,4.0,7.4,0.40568639932102696,Q2,0
TX,12.6,7.2,11.5,0.8150859325270529,Q4_MostVulnerable,1
IN,4.7,3.7,7.1,0.27021005728835135,Q1_LeastVulnerable,0
CA,5.8,0.7,6.7,0.18029917250159133,Q1_LeastVulnerable,0
NH,9.0,3.2,7.2,0.3603331211542542,Q2,0
KS,12.5,7.2,11.2,0.8021430086993423,Q4_MostVulnerable,1
SD,8.4,5.2,8.4,0.5154890727774242,Q3,0
LA,1.3,5.0,7.0,0.28283471249734776,Q1_LeastVulnerable,0
NC,9.3,7.3,11.0,0.7350413749204329,Q4_MostVulnerable,1
IL,6.6,3.5,10.5,0.44419690218544455,Q2,0
FL,8.3,8.3,6.7,0.5604179927859113,Q3,0
KY,7.4,4.3,9.5,0.4780925100785063,Q2,0
NJ,7.3,2.8,7.2,0.29832378527477194,Q2,0
NY,8.6,3.6,6.9,0.3645236579673245,Q2,0
MT,13.7,2.7,11.0,0.576861871419478,Q3,0
WI,3.5,5.5,8.9,0.4216528750265223,Q2,0
OH,6.4,6.3,7.5,0.48254827074050494,Q2,0
VA,3.3,1.5,9.8,0.2522809251007851,Q1_LeastVulnerable,0
CA,6.2,3.5,9.2,0.37905792488860596,Q2,0
CA,8.4,4.7,8.4,0.48445788245279015,Q2,0
IL,3.5,1.6,9.1,0.22803946530872055,Q1_LeastVulnerable,0
CO,9.5,2.2,10.6,0.4639295565457246,Q2,0
MS,9.5,4.5,7.9,0.47867600254614895,Q2,0
MS,4.0,2.7,10.7,0.3414491831105453,Q2,0
MT,6.7,3.4,8.9,0.37672395501803524,Q2,0
OR,1.3,2.7,5.7,0.10555909187354127,Q1_LeastVulnerable,0
WA,4.1,5.4,5.3,0.30935709739019734,Q2,0
TX,5.8,3.3,10.3,0.40250371313388494,Q2,0
CA,5.3,3.8,8.7,0.3532781667727562,Q2,0
IN,1.8,3.6,7.1,0.20353278166772756,Q1_LeastVulnerable,0
GA,3.1,3.8,5.5,0.1897411415234458,Q1_LeastVulnerable,0
CO,6.7,3.1,10.0,0.4082325482707405,Q2,0
MO,15.0,6.6,14.3,0.8847337152556758,Q4_MostVulnerable,1
MO,12.0,6.4,9.7,0.7079885423297263,Q4_MostVulnerable,1
FL,8.1,2.8,6.2,0.2857521748355612,Q1_LeastVulnerable,0
OH,10.9,7.2,11.6,0.7878209208572035,Q4_MostVulnerable,1
OK,15.8,8.9,9.7,0.8125397835773392,Q4_MostVulnerable,1
AK,2.8,1.8,6.7,0.1279439847231063,Q1_LeastVulnerable,0
KY,16.2,7.2,12.2,0.8792170591979631,Q4_MostVulnerable,1
TX,11.3,6.3,13.1,0.8013473371525568,Q4_MostVulnerable,1
MS,13.7,5.3,11.1,0.7349352853808614,Q4_MostVulnerable,1
IA,3.0,3.6,8.7,0.2849565032887757,Q1_LeastVulnerable,0
GA,5.9,4.0,6.9,0.31418417144069594,Q2,0
GA,13.3,3.8,13.6,0.6962656482070867,Q3,0
CA,7.6,5.0,12.9,0.6446530872056014,Q3,0
SD,6.9,2.4,6.3,0.24013367281985998,Q1_LeastVulnerable,0
CA,15.8,8.2,13.5,0.9216528750265224,Q4_MostVulnerable,1
IL,7.0,3.1,14.0,0.5290154890727775,Q3,0
AR,9.3,4.6,9.8,0.5587205601527689,Q3,0
PA,15.7,8.8,13.0,0.9188415022278803,Q4_MostVulnerable,1
AR,16.8,7.8,15.0,0.942711648631445,Q4_MostVulnerable,1
IL,3.9,1.6,7.0,0.15674729471674095,Q1_LeastVulnerable,0
MT,6.8,2.5,5.0,0.21053469127943983,Q1_LeastVulnerable,0
LA,11.8,4.6,13.2,0.7174305113515808,Q4_MostVulnerable,1
IL,17.9,8.0,9.9,0.8272331848079779,Q4_MostVulnerable,1
ID,4.0,3.7,6.2,0.22204540632293654,Q1_LeastVulnerable,0
SC,12.1,4.4,13.5,0.715998302567367,Q4_MostVulnerable,1
WV,7.2,2.4,7.9,0.3051135158073414,Q2,0
IA,15.6,7.1,11.4,0.8447379588372588,Q4_MostVulnerable,1
AR,4.3,3.0,8.9,0.2926479949077021,Q2,0
AR,15.9,10.0,11.2,0.879588372586463,Q4_MostVulnerable,1
PA,11.7,5.6,8.4,0.6084765542117547,Q3,0
MO,6.4,6.6,8.7,0.5400488011882029,Q3,0
PA,2.1,0.9,5.7,0.06630596223212391,Q1_LeastVulnerable,0
OH,10.5,2.8,7.8,0.3962444302991725,Q2,0
TX,7.6,2.6,10.1,0.41417356248673887,Q2,0
TX,1.5,4.2,6.7,0.22257585402079352,Q1_LeastVulnerable,0
PA,16.2,9.5,12.4,0.915924039889667,Q4_MostVulnerable,1
MI,6.5,2.8,7.7,0.2922766815192022,Q2,0
IL,15.4,5.9,13.6,0.8503076596647571,Q4_MostVulnerable,1
MN,10.9,3.5,12.8,0.6229047315934649,Q3,0
MN,16.3,4.2,12.6,0.737481434330575,Q4_MostVulnerable,1
NM,0.6,3.3,6.6,0.15563335455124125,Q1_LeastVulnerable,0
CO,9.1,5.1,10.7,0.6196690006365372,Q3,0
NY,19.6,7.9,16.5,0.9686505410566518,Q4_MostVulnerable,1
MA,4.2,1.2,7.2,0.16380224909823893,Q1_LeastVulnerable,0
NM,9.0,7.1,7.7,0.5869934224485466,Q3,0
GA,2.8,2.1,5.5,0.10232336091661363,Q1_LeastVulnerable,0
ME,19.1,8.5,15.2,0.9664226607256525,Q4_MostVulnerable,1
FL,6.5,1.8,11.9,0.41947803946530876,Q2,0
TX,9.5,4.6,8.8,0.5205813706768513,Q3,0
MI,7.8,4.8,10.5,0.5608423509441969,Q3,0
FL,12.7,6.3,10.7,0.7543496711224273,Q4_MostVulnerable,1
AR,5.1,3.8,7.8,0.31169106726076806,Q2,0
NC,7.7,5.1,11.9,0.6293231487375345,Q3,0
FL,8.0,2.7,10.5,0.44287078294080207,Q2,0
WI,1.8,2.8,3.4,0.08715255675790368,Q1_LeastVulnerable,0
MS,1.2,2.5,4.5,0.07633142372162104,Q1_LeastVulnerable,0
IL,10.1,5.4,12.5,0.7176957352005093,Q4_MostVulnerable,1
NY,1.4,2.5,6.0,0.10683216634839805,Q1_LeastVulnerable,0
ID,6.9,2.1,6.1,0.22278803309993633,Q1_LeastVulnerable,0
TN,3.8,1.2,5.3,0.09664757054954382,Q1_LeastVulnerable,0
IL,8.6,1.3,10.7,0.4227137704222364,Q2,0
WI,12.4,7.0,13.2,0.8463293019308296,Q4_MostVulnerable,1
NJ,12.4,7.0,11.2,0.7939210693825589,Q4_MostVulnerable,1
TN,9.7,6.2,14.8,0.7862295777636326,Q4_MostVulnerable,1
CA,9.4,5.3,11.4,0.6662423085083811,Q3,0
IA,13.2,2.8,11.1,0.5771270952684066,Q3,0
OK,9.6,3.4,8.2,0.42324421812009333,Q2,0
NY,5.4,3.9,5.8,0.26039677487799706,Q1_LeastVulnerable,0
DE,1.4,2.6,6.4,0.12306386590282199,Q1_LeastVulnerable,0
IA,14.6,6.0,11.3,0.7919584129004881,Q4_MostVulnerable,1
GA,19.6,8.4,18.1,0.9785168682367918,Q4_MostVulnerable,1
NM,5.8,3.8,10.8,0.45263102058137067,Q2,0
IA,6.2,4.0,9.4,0.41852323360916616,Q2,0
IL,1.2,1.4,3.3,0.031402503713133884,Q1_LeastVulnerable,0
FL,6.2,5.3,6.7,0.3973053256948864,Q2,0
LA,7.5,3.6,11.3,0.5080628050074263,Q3,0
DE,4.1,1.2,5.9,0.11781243369403777,Q1_LeastVulnerable,0
WA,3.9,2.0,9.2,0.2516974326331423,Q1_LeastVulnerable,0
CO,8.2,3.9,10.0,0.49543814979842987,Q3,0
UT,7.4,5.7,8.8,0.5336303840441332,Q3,0
LA,4.2,3.2,5.7,0.18655845533630386,Q1_LeastVulnerable,0
KS,14.6,6.1,12.1,0.8216634839804796,Q4_MostVulnerable,1
FL,0.4,0.3,5.6,0.04010184595798855,Q1_LeastVulnerable,0
NY,13.6,7.3,13.9,0.8864841926586039,Q4_MostVulnerable,1
ND,4.3,2.3,5.4,0.1426904307235307,Q1_LeastVulnerable,0
MI,7.2,4.0,8.1,0.3961913855293868,Q2,0
CA,10.0,7.2,10.1,0.7109060046679397,Q4_MostVulnerable,1
VT,8.4,5.3,10.5,0.606832166348398,Q3,0
WV,6.2,1.4,6.3,0.1883089327392319,Q1_LeastVulnerable,0
LA,5.6,1.0,5.1,0.13621896880967535,Q1_LeastVulnerable,0
NM,7.4,4.1,10.0,0.4858370464672183,Q2,0
MA,13.1,4.1,8.5,0.5409505622745597,Q3,0
IN,10.5,6.1,12.8,0.7699448334394229,Q4_MostVulnerable,1
CA,3.5,3.1,6.5,0.1870358582643751,Q1_LeastVulnerable,0
MA,16.6,7.2,10.2,0.8123276044981965,Q4_MostVulnerable,1
SD,2.3,1.6,5.2,0.07272437937619351,Q1_LeastVulnerable,0
AL,14.5,9.0,13.0,0.9092403988966687,Q4_MostVulnerable,1
NE,11.0,9.6,9.4,0.7356248673880756,Q4_MostVulnerable,1
TX,2.4,2.3,6.3,0.122533418204965,Q1_LeastVulnerable,0
FL,13.7,6.6,13.3,0.8558773604922555,Q4_MostVulnerable,1
CO,11.2,5.5,10.2,0.6680458306810948,Q3,0
PA,10.2,4.7,8.2,0.5176639083386378,Q3,0
GA,4.4,2.1,6.6,0.1705389348610227,Q1_LeastVulnerable,0
CT,8.0,2.8,11.8,0.4965520899639295,Q3,0
KS,4.8,1.7,10.8,0.3313176320814768,Q2,0
KY,9.2,5.4,5.5,0.44870570761722894,Q2,0
TX,3.1,2.2,8.7,0.2201888393804371,Q1_LeastVulnerable,0
NM,17.6,3.4,14.3,0.726554211754721,Q4_MostVulnerable,1
LA,8.5,5.2,11.1,0.629429238277106,Q3,0
MS,6.4,3.9,7.1,0.3285593040526204,Q2,0
WA,10.7,7.2,6.8,0.5962232123912582,Q3,0
CA,17.2,7.7,14.8,0.942711648631445,Q4_MostVulnerable,1
FL,4.9,1.3,5.6,0.13224061107574794,Q1_LeastVulnerable,0
WA,12.4,2.4,8.4,0.43830893273923194,Q2,0
WA,8.8,3.6,6.8,0.3659028219817526,Q2,0
CO,7.3,3.2,9.8,0.422077233184808,Q2,0
CO,0.8,3.7,5.7,0.15356460852959897,Q1_LeastVulnerable,0
LA,9.9,5.0,11.5,0.6640674729471674,Q3,0
CA,12.1,7.3,12.4,0.8355612136643327,Q4_MostVulnerable,1
NY,14.7,4.4,11.5,0.7068746021642266,Q3,0
CA,12.3,7.1,11.0,0.7874496074687035,Q4_MostVulnerable,1
CA,6.9,5.2,7.5,0.4414385741565881,Q2,0
MI,4.1,0.2,6.7,0.13239974538510502,Q1_LeastVulnerable,0
WA,0.9,4.3,3.5,0.16327180140038192,Q1_LeastVulnerable,0
LA,12.6,5.9,12.1,0.7834182049649905,Q4_MostVulnerable,1
IA,10.0,5.6,12.1,0.7169531084235095,Q4_MostVulnerable,1
WY,7.8,3.1,7.3,0.32935497559940585,Q2,0
MS,4.1,5.1,9.6,0.44340123063865905,Q2,0
KS,1.8,0.7,6.1,0.06970082749840865,Q1_LeastVulnerable,0
KY,18.0,8.7,14.5,0.9579885423297263,Q4_MostVulnerable,1
DE,16.3,8.1,9.7,0.8074474856779122,Q4_MostVulnerable,1
MN,18.9,6.2,10.8,0.814343305750053,Q4_MostVulnerable,1
MD,17.5,10.2,14.1,0.9595798854232972,Q4_MostVulnerable,1
HI,7.9,4.7,10.5,0.5572353065987694,Q3,0
CO,4.1,4.2,5.7,0.24289200084871632,Q1_LeastVulnerable,0
IL,6.4,1.6,11.5,0.39990451941438576,Q2,0
MN,4.3,6.5,8.6,0.47841077869722043,Q2,0
CA,4.9,1.6,5.7,0.14125822193931678,Q1_LeastVulnerable,0
CO,10.5,6.7,10.3,0.7122321239125822,Q4_MostVulnerable,1
WA,3.7,1.6,11.8,0.33847867600254616,Q2,0
MS,9.0,3.8,7.0,0.38876511775938893,Q2,0
CA,2.6,4.0,7.4,0.2507426267769998,Q1_LeastVulnerable,0
OH,8.4,6.1,8.6,0.5723000212179079,Q3,0
CA,7.9,2.5,10.4,0.4285486950986632,Q2,0
OK,17.2,8.8,16.1,0.9678018247400807,Q4_MostVulnerable,1
OR,2.9,4.4,5.7,0.22963080840229155,Q1_LeastVulnerable,0
NY,5.4,2.2,10.0,0.33285593040526207,Q2,0
OK,5.8,6.1,12.3,0.6393486102270316,Q3,0
CA,13.1,3.8,11.7,0.6504880118820284,Q3,0
OK,8.3,3.6,10.7,0.5055166560577127,Q3,0
CO,10.8,6.0,9.2,0.6450774453638871,Q3,0
IN,8.9,3.4,9.5,0.46016337789094,Q2,0
VA,3.3,3.4,6.3,0.19191597708465946,Q1_LeastVulnerable,0
MN,4.6,3.7,8.9,0.3369403776787609,Q2,0
WA,11.7,5.2,13.3,0.7551983874389986,Q4_MostVulnerable,1
CA,9.9,6.2,9.7,0.6571186081052408,Q3,0
MI,6.0,3.5,11.1,0.45236579673244215,Q2,0
CA,1.5,2.8,8.8,0.22135582431572245,Q1_LeastVulnerable,0
NY,3.7,4.8,8.5,0.36802461277318055,Q2,0
CA,10.0,6.2,9.0,0.6291640144281774,Q3,0
CO,4.2,4.4,5.9,0.26495862507956713,Q1_LeastVulnerable,0
GA,17.4,5.5,12.1,0.8152981116061957,Q4_MostVulnerable,1
OR,22.3,9.5,18.0,0.9921493740717165,Q4_MostVulnerable,1
CO,6.9,2.8,6.0,0.24745385105028647,Q1_LeastVulnerable,0
TN,12.5,3.8,12.6,0.665711860810524,Q3,0
CA,10.0,4.9,7.8,0.5112985359643539,Q3,0
AZ,12.8,4.5,13.0,0.7238489284956504,Q4_MostVulnerable,1
KY,19.8,9.1,14.9,0.9720984510927222,Q4_MostVulnerable,1
WV,8.8,5.9,12.1,0.7067154678548695,Q3,0
CA,0.4,0.0,7.5,0.09797368979418629,Q1_LeastVulnerable,0
CA,10.1,3.8,12.9,0.6260874177806067,Q3,0
OR,15.5,4.5,15.7,0.7900488011882029,Q4_MostVulnerable,1
IL,1.7,1.8,6.1,0.08858476554211754,Q1_LeastVulnerable,0
OH,18.2,8.1,11.8,0.9014428177381709,Q4_MostVulnerable,1
FL,19.3,7.4,12.5,0.9106195629110969,Q4_MostVulnerable,1
MA,13.2,5.1,7.4,0.5657224697644813,Q3,0
GA,2.4,4.7,4.0,0.21366433269679608,Q1_LeastVulnerable,0
MA,7.9,0.9,9.1,0.33206025885847656,Q2,0
PA,4.4,5.2,6.1,0.32564184171440697,Q2,0
PA,10.3,4.3,9.8,0.5605771270952684,Q3,0
MN,3.6,3.0,7.8,0.23026734563971993,Q1_LeastVulnerable,0
VA,15.5,5.9,12.2,0.8228835136855506,Q4_MostVulnerable,1
GA,6.9,6.4,6.2,0.45846594525779755,Q2,0
GA,6.3,2.1,8.1,0.2747188627201358,Q1_LeastVulnerable,0
NM,5.9,3.8,6.1,0.2754614894971356,Q1_LeastVulnerable,0
NM,5.5,4.4,7.2,0.34028219817525995,Q2,0
CA,7.6,1.9,11.5,0.44287078294080207,Q2,0
NJ,1.2,1.0,5.1,0.04195841290048801,Q1_LeastVulnerable,0
KS,10.7,5.0,13.9,0.7328134945894336,Q4_MostVulnerable,1
OR,4.7,2.1,10.2,0.3171016337789094,Q2,0
SC,12.7,4.6,10.2,0.6403034160831743,Q3,0
MO,13.4,5.5,9.5,0.6760025461489496,Q3,0
AL,13.3,7.0,11.6,0.8212921705919797,Q4_MostVulnerable,1
NY,10.5,4.6,12.5,0.6777530235518778,Q3,0
OR,9.5,6.5,8.8,0.6232760449819648,Q3,0
GA,14.9,5.0,14.3,0.804105665181413,Q4_MostVulnerable,1
MI,10.6,3.3,12.7,0.602429450456185,Q3,0
WA,10.5,8.0,8.7,0.6799278591130914,Q3,0
IL,12.0,4.6,9.6,0.6043390621684702,Q3,0
FL,17.8,5.4,15.3,0.8615531508593253,Q4_MostVulnerable,1
FL,19.6,5.3,15.1,0.8607574793125398,Q4_MostVulnerable,1
MO,2.0,4.2,4.6,0.18072353065987692,Q1_LeastVulnerable,0
WA,13.4,5.5,11.0,0.7363674941650752,Q4_MostVulnerable,1
NJ,3.5,2.7,6.6,0.1705919796308084,Q1_LeastVulnerable,0
IL,8.4,4.3,6.1,0.3770952684065351,Q2,0
NY,3.6,4.6,8.3,0.34489709314661576,Q2,0
NY,6.0,3.5,7.0,0.2896774877997029,Q2,0
NV,2.1,6.2,0.5,0.2812433694037768,Q1_LeastVulnerable,0
CO,13.7,6.3,11.8,0.8105240823254828,Q4_MostVulnerable,1
NY,11.4,7.0,9.2,0.6943029917250159,Q3,0
LA,19.9,9.2,18.3,0.9877466581795035,Q4_MostVulnerable,1
AK,13.2,5.9,10.4,0.7300021217907915,Q4_MostVulnerable,1
MS,2.1,1.7,3.8,0.05596223212391258,Q1_LeastVulnerable,0
WI,15.3,7.1,13.7,0.8961913855293867,Q4_MostVulnerable,1
IA,4.5,4.1,5.9,0.25127307447485675,Q1_LeastVulnerable,0
WA,9.4,4.0,8.2,0.455389348610227,Q2,0
CA,3.1,3.2,7.6,0.22135582431572245,Q1_LeastVulnerable,0
OK,17.8,9.2,11.8,0.9114152344578824,Q4_MostVulnerable,1
CA,4.5,6.4,4.3,0.35683216634839804,Q2,0
ID,5.2,4.8,11.0,0.5086993422448547,Q3,0
MT,16.2,9.7,14.3,0.9491300657755145,Q4_MostVulnerable,1
NV,6.2,2.9,7.6,0.2849565032887757,Q1_LeastVulnerable,0
PA,16.6,8.0,13.3,0.9237216210481646,Q4_MostVulnerable,1
NM,7.9,6.4,10.0,0.6318162529174624,Q3,0
NV,6.2,2.5,10.1,0.3692446424782516,Q2,0
UT,1.6,1.8,4.3,0.05474220241884151,Q1_LeastVulnerable,0
MA,13.4,8.6,12.4,0.8762995968597496,Q4_MostVulnerable,1
FL,18.6,6.1,13.3,0.8793761935073201,Q4_MostVulnerable,1
CO,9.2,2.8,9.2,0.4235094419690218,Q2,0
KY,18.6,9.9,14.6,0.9699236155315085,Q4_MostVulnerable,1
OH,4.8,5.2,7.4,0.3775726713346064,Q2,0
AR,10.9,5.9,11.9,0.747878209208572,Q4_MostVulnerable,1
CA,5.9,3.7,8.9,0.3715255675790367,Q2,0
CA,17.0,6.4,10.5,0.8001803522172714,Q4_MostVulnerable,1
NE,6.4,4.3,5.5,0.3055909187354127,Q2,0
GA,9.5,7.2,9.0,0.654254190536813,Q3,0
CO,13.6,6.4,15.5,0.8727986420538935,Q4_MostVulnerable,1
NV,16.4,10.2,11.5,0.8963505198387439,Q4_MostVulnerable,1
PA,18.3,6.1,13.7,0.8848398047952472,Q4_MostVulnerable,1
IN,1.6,2.5,4.7,0.08386378103119031,Q1_LeastVulnerable,0
MT,13.8,5.6,10.8,0.7405580309781455,Q4_MostVulnerable,1
CA,8.4,2.9,9.6,0.4272756206238066,Q2,0
VA,9.2,4.5,12.4,0.6404625503925313,Q3,0
IN,9.8,5.6,10.8,0.6682049649904519,Q3,0
WY,3.2,3.8,5.0,0.1824209632930193,Q1_LeastVulnerable,0
WV,11.3,8.6,16.2,0.8900912370040314,Q4_MostVulnerable,1
PA,4.9,4.2,7.6,0.3242626776999788,Q2,0
AK,2.8,4.6,5.2,0.22978994271164865,Q1_LeastVulnerable,0
MO,12.9,6.0,14.3,0.8323785274771908,Q4_MostVulnerable,1
CA,13.2,8.5,10.6,0.8110545300233397,Q4_MostVulnerable,1
TX,14.7,10.0,15.7,0.9496074687035859,Q4_MostVulnerable,1
RI,7.0,4.9,6.8,0.403034160831742,Q2,0
WV,17.6,5.8,16.7,0.890674729471674,Q4_MostVulnerable,1
NJ,8.2,3.6,9.5,0.4554423933800127,Q2,0
MS,16.0,7.2,15.6,0.9266390833863781,Q4_MostVulnerable,1
MS,14.9,7.2,16.3,0.9201145767027371,Q4_MostVulnerable,1
KY,5.9,4.8,5.7,0.32946106513897727,Q2,0
MI,6.2,4.6,10.7,0.5095480585614259,Q3,0
NY,9.3,4.8,6.8,0.4547528113727986,Q2,0
VA,19.4,6.9,12.6,0.8973053256948864,Q4_MostVulnerable,1
NV,6.6,4.6,6.7,0.3662210906004668,Q2,0
TX,9.8,7.7,10.9,0.7498939104604285,Q4_MostVulnerable,1
TX,10.0,6.5,10.1,0.6879906641205178,Q3,0
MS,6.4,4.7,7.9,0.4092403988966688,Q2,0
IA,17.2,8.7,13.9,0.9463186929768724,Q4_MostVulnerable,1
NY,6.2,3.3,9.3,0.3717377466581795,Q2,0
MD,10.2,4.3,11.5,0.6246552089963929,Q3,0
CA,11.1,4.2,12.7,0.6677275620623807,Q3,0
KS,13.4,5.8,15.3,0.8388499893910462,Q4_MostVulnerable,1
WI,9.9,4.3,9.9,0.5562274559728411,Q3,0
CA,5.1,5.3,6.5,0.3599087629959685,Q2,0
OH,16.9,6.4,14.7,0.9009654148100997,Q4_MostVulnerable,1
TN,0.3,0.9,2.9,0.014481222151495861,Q1_LeastVulnerable,0
NY,7.5,7.2,7.4,0.5414810099724167,Q3,0
MT,8.5,3.9,11.2,0.5502864417568428,Q3,0
OH,12.1,5.9,10.8,0.7312751962656483,Q4_MostVulnerable,1
LA,5.9,4.4,5.5,0.29911945682155744,Q2,0
CA,12.0,3.9,8.0,0.49432420963293017,Q3,0
WA,9.6,6.7,9.9,0.6787078294080203,Q3,0
ME,12.0,6.6,13.3,0.8293019308296202,Q4_MostVulnerable,1
NC,13.5,8.4,14.0,0.9049437725440271,Q4_MostVulnerable,1
MS,11.4,4.4,10.9,0.632771058773605,Q3,0
CA,14.0,6.3,16.0,0.8779970294928919,Q4_MostVulnerable,1
WA,10.4,5.2,10.0,0.6281031190324634,Q3,0
RI,4.9,3.9,7.2,0.2906853384256312,Q2,0
CO,4.1,1.0,1.9,0.0736261404625504,Q1_LeastVulnerable,0
WI,11.0,5.5,9.6,0.6398260131551029,Q3,0
OK,4.4,1.2,8.9,0.23429874814343307,Q1_LeastVulnerable,0
MI,1.2,2.9,8.7,0.21790791427965203,Q1_LeastVulnerable,0
NM,17.9,4.2,12.3,0.742255463611288,Q4_MostVulnerable,1
CA,19.3,5.0,15.6,0.8478676002546148,Q4_MostVulnerable,1
MO,4.4,4.5,9.3,0.40027583280288564,Q2,0
CA,6.5,3.1,8.3,0.3296732442181201,Q2,0
MO,5.0,2.0,3.0,0.12221514958625079,Q1_LeastVulnerable,0
MO,10.8,7.1,10.9,0.7546679397411414,Q4_MostVulnerable,1
TX,4.8,3.9,8.9,0.3538616592403989,Q2,0
OK,5.9,5.1,6.1,0.3586887332908975,Q2,0
GA,12.7,5.6,10.8,0.7240080628050074,Q4_MostVulnerable,1
TX,3.1,6.9,4.2,0.33831954169318906,Q2,0
MT,9.1,3.8,4.4,0.329514109908763,Q2,0
NJ,2.8,5.5,8.5,0.39035646085295994,Q2,0
CO,4.1,3.1,7.1,0.22241671971143648,Q1_LeastVulnerable,0
TX,2.4,0.2,9.4,0.1988117971568003,Q1_LeastVulnerable,0
VA,7.9,5.1,10.7,0.5906535115637599,Q3,0
PA,9.0,5.2,8.8,0.545830681094844,Q3,0
VA,0.8,0.7,5.3,0.03893486102270316,Q1_LeastVulnerable,0
IL,7.5,2.9,9.9,0.416613621896881,Q2,0
TX,2.4,2.7,8.1,0.20294928920008484,Q1_LeastVulnerable,0
MI,19.6,8.4,15.5,0.9697644812221515,Q4_MostVulnerable,1
CO,13.5,2.4,14.0,0.634521536176533,Q3,0
NC,10.0,6.6,9.4,0.6618926373859537,Q3,0
ND,13.8,5.4,9.9,0.6943560364948017,Q3,0
IL,6.6,2.0,8.2,0.28405474220241883,Q1_LeastVulnerable,0
AZ,12.6,7.2,11.7,0.8209208572034798,Q4_MostVulnerable,1
FL,4.3,3.2,4.7,0.17144069594737957,Q1_LeastVulnerable,0
KY,7.7,6.1,6.2,0.46705919796308076,Q2,0
CO,3.8,3.8,7.8,0.2792807129217059,Q1_LeastVulnerable,0
DE,22.6,8.8,15.5,0.9789412263950775,Q4_MostVulnerable,1
KY,1.1,2.1,5.2,0.06906429026098027,Q1_LeastVulnerable,0
WA,2.5,3.5,5.5,0.16008911521323996,Q1_LeastVulnerable,0
PA,4.4,2.7,10.3,0.3373116910672607,Q2,0
IN,15.7,5.4,15.4,0.8445788245279015,Q4_MostVulnerable,1
WA,7.2,5.1,6.1,0.3965626989178867,Q2,0
NY,4.9,3.3,6.4,0.22740292807129217,Q1_LeastVulnerable,0
MA,11.8,5.6,12.6,0.7654890727774242,Q4_MostVulnerable,1
MI,21.9,10.2,17.2,0.9934224485465734,Q4_MostVulnerable,1
LA,5.9,3.6,7.9,0.3260661998726926,Q2,0
FL,12.7,5.8,9.1,0.6650753235730957,Q3,0
KY,13.6,5.2,10.4,0.6985465733078718,Q3,0
MS,4.8,4.1,6.4,0.2728622957776364,Q1_LeastVulnerable,0
MS,2.5,3.3,6.8,0.18714194780394655,Q1_LeastVulnerable,0
PA,5.2,4.9,11.0,0.515701251856567,Q3,0
IA,10.5,4.3,8.9,0.5262571610439211,Q3,0
OH,8.1,3.7,7.0,0.36091661362189686,Q2,0
MT,6.6,5.2,8.1,0.4545406322936559,Q2,0
WA,4.2,3.6,9.1,0.3300976023764057,Q2,0
KY,4.4,2.0,4.3,0.11903246339910885,Q1_LeastVulnerable,0
TX,10.2,7.0,13.0,0.8003925312964141,Q4_MostVulnerable,1
TN,6.8,1.5,8.1,0.2739231911733503,Q1_LeastVulnerable,0
NY,7.4,5.4,7.3,0.4580946318692976,Q2,0
NY,0.3,0.2,2.0,0.005994058985784002,Q1_LeastVulnerable,0
CA,5.4,6.4,9.1,0.5228092510078507,Q3,0
WA,15.6,4.3,12.4,0.7324421812009336,Q4_MostVulnerable,1
CA,14.8,8.2,12.8,0.8988436240186718,Q4_MostVulnerable,1
MO,14.0,6.1,10.2,0.7461807765754297,Q4_MostVulnerable,1
IN,13.3,5.5,11.0,0.734298748143433,Q4_MostVulnerable,1
LA,8.4,4.8,8.2,0.4839804795247189,Q2,0
NJ,13.8,7.1,11.7,0.8354020793549756,Q4_MostVulnerable,1
UT,5.0,2.2,6.2,0.17462338213452153,Q1_LeastVulnerable,0
MA,14.7,5.2,9.3,0.6684171440695947,Q3,0
WI,5.7,4.7,13.3,0.5786123488224061,Q3,0
NV,12.9,3.3,8.7,0.4993104179927859,Q3,0
CO,11.5,4.6,11.1,0.6557924888605983,Q3,0
CT,7.4,8.8,5.2,0.5014852535539995,Q3,0
OH,0.8,0.8,1.4,0.011775938892425205,Q1_LeastVulnerable,0
CA,17.1,8.9,13.8,0.9470082749840866,Q4_MostVulnerable,1
MI,10.9,4.4,10.8,0.6190855081688945,Q3,0
CO,8.2,5.2,11.6,0.6391894759176745,Q3,0
ME,9.6,5.9,10.6,0.6722894122639508,Q3,0
OR,2.1,4.3,5.7,0.20846594525779757,Q1_LeastVulnerable,0
MA,4.4,3.0,5.3,0.17335030765966475,Q1_LeastVulnerable,0
CO,14.7,9.4,15.3,0.9434542754084448,Q4_MostVulnerable,1
GA,17.1,6.3,15.4,0.9043602800763845,Q4_MostVulnerable,1
KS,3.7,3.5,4.3,0.16762147252280923,Q1_LeastVulnerable,0
CA,9.6,5.2,9.9,0.6069913006577551,Q3,0
NE,8.6,2.9,9.6,0.43215573944409086,Q2,0
NJ,12.8,5.4,10.7,0.7093146615743687,Q4_MostVulnerable,1
CA,6.3,4.1,9.7,0.4404837683004456,Q2,0
KY,12.3,5.1,12.8,0.7501060895395715,Q4_MostVulnerable,1
LA,13.5,9.7,11.4,0.8577869722045405,Q4_MostVulnerable,1
IN,8.0,3.2,8.5,0.38510502864417573,Q2,0
MO,12.5,7.5,14.3,0.8781031190324633,Q4_MostVulnerable,1
IA,4.5,4.6,9.1,0.4003288775726714,Q2,0
LA,14.2,6.2,12.2,0.824050498620836,Q4_MostVulnerable,1
SC,2.7,1.5,3.1,0.056545724591555276,Q1_LeastVulnerable,0
CO,14.0,5.1,12.7,0.773976235943136,Q4_MostVulnerable,1
NM,14.1,5.4,13.4,0.8061213664332696,Q4_MostVulnerable,1
MN,10.5,2.5,4.7,0.2969976660301294,Q2,0
IL,7.9,2.9,9.5,0.4101952047528114,Q2,0
OK,5.5,1.4,6.9,0.19080203691915978,Q1_LeastVulnerable,0
MO,12.3,7.7,10.7,0.7906322936558455,Q4_MostVulnerable,1
MI,1.8,3.5,4.1,0.1295353278166773,Q1_LeastVulnerable,0
NC,5.4,4.8,7.4,0.3700933587948228,Q2,0
SC,11.2,6.3,13.4,0.8050604710375557,Q4_MostVulnerable,1
WV,5.7,4.0,7.0,0.3122745597284108,Q2,0
NY,6.4,6.1,10.1,0.5790897517504774,Q3,0
TX,8.8,3.7,7.8,0.4067472947167409,Q2,0
AL,8.3,4.7,10.7,0.5754827074050498,Q3,0
MS,2.6,3.9,6.3,0.2075641841714407,Q1_LeastVulnerable,0
FL,7.0,2.1,9.2,0.3398578400169743,Q2,0
CA,10.0,9.6,10.0,0.7398684489709315,Q4_MostVulnerable,1
MS,12.9,5.9,12.7,0.8013473371525568,Q4_MostVulnerable,1
OR,16.2,7.1,8.0,0.7147252280925102,Q4_MostVulnerable,1
LA,10.9,7.1,7.6,0.6250795671546786,Q3,0
NC,0.9,3.6,6.3,0.16502227880331,Q1_LeastVulnerable,0
MI,20.4,8.2,11.1,0.8858476554211755,Q4_MostVulnerable,1
ME,11.3,5.6,9.6,0.6512306386590282,Q3,0
IL,6.4,1.7,8.1,0.26559516231699554,Q1_LeastVulnerable,0
KY,7.2,3.3,6.9,0.3100997241671971,Q2,0
IA,10.4,5.9,8.8,0.6160619562911097,Q3,0
NY,4.1,3.9,7.6,0.2863887120729896,Q1_LeastVulnerable,0
CA,3.6,4.9,8.8,0.3855824315722469,Q2,0
CA,7.8,4.2,7.0,0.38399108847867597,Q2,0
NC,20.6,6.1,14.1,0.8961383407596011,Q4_MostVulnerable,1
MO,12.1,7.2,9.6,0.7320178230426478,Q4_MostVulnerable,1
LA,3.8,5.3,2.0,0.2690961171228517,Q1_LeastVulnerable,0
CO,0.4,3.5,5.5,0.13515807341396138,Q1_LeastVulnerable,0
LA,3.5,2.8,8.6,0.2490451941438574,Q1_LeastVulnerable,0
RI,10.0,6.6,12.0,0.7602906853384256,Q4_MostVulnerable,1
TX,6.2,9.0,6.4,0.498408656906429,Q3,0
OH,13.8,6.3,9.4,0.7190218544451517,Q4_MostVulnerable,1
CA,4.2,1.3,7.2,0.16597708465945257,Q1_LeastVulnerable,0
NC,7.6,3.4,10.5,0.4673774665817951,Q2,0
GA,15.2,7.5,12.9,0.8928495650328877,Q4_MostVulnerable,1
IL,4.1,0.8,7.6,0.16862932314873755,Q1_LeastVulnerable,0
DE,5.4,3.9,10.0,0.41778060683216633,Q2,0
PA,7.4,4.8,7.2,0.419424994695523,Q2,0
NY,9.5,7.2,9.3,0.6666136218968809,Q3,0
NM,7.9,6.3,12.2,0.7056015276893698,Q3,0
NC,1.9,3.9,5.5,0.17510078506259283,Q1_LeastVulnerable,0
GA,4.0,0.0,4.5,0.07686187141947805,Q1_LeastVulnerable,0
MD,6.6,5.4,7.0,0.42483556121366434,Q2,0
NY,6.2,4.9,6.2,0.3574156588160407,Q2,0
NY,14.6,6.8,13.0,0.8680776575429663,Q4_MostVulnerable,1
RI,17.3,4.6,11.8,0.7522278803309993,Q4_MostVulnerable,1
IL,15.3,5.4,13.2,0.8145024400594102,Q4_MostVulnerable,1
PA,3.7,1.4,5.4,0.10030765966475706,Q1_LeastVulnerable,0
MD,16.0,3.8,8.8,0.5712391258221939,Q3,0
NC,9.0,4.7,10.1,0.5695416931890516,Q3,0
MA,6.1,2.6,8.3,0.2945045618502016,Q2,0
WA,7.8,8.3,10.0,0.676479949077021,Q3,0
CO,10.5,4.9,8.9,0.5657224697644812,Q3,0
NC,16.3,8.8,11.6,0.8906747294716743,Q4_MostVulnerable,1
MT,12.3,3.3,12.0,0.6183428813918947,Q3,0
CO,0.8,1.4,8.4,0.15096541481009973,Q1_LeastVulnerable,0
CA,17.5,7.4,13.8,0.927169531084235,Q4_MostVulnerable,1
SC,1.4,1.1,6.6,0.0854551241247613,Q1_LeastVulnerable,0
CO,10.9,4.6,9.8,0.5926161680458307,Q3,0
CO,13.3,5.7,8.6,0.6474644600042435,Q3,0
WV,12.5,5.4,13.2,0.7775832802885635,Q4_MostVulnerable,1
OH,2.7,5.6,8.1,0.37937619350732016,Q2,0
GA,14.1,6.8,13.5,0.8711542541905368,Q4_MostVulnerable,1
NV,10.1,5.8,9.7,0.6415764905580309,Q3,0
MS,5.8,4.6,9.1,0.4341183959261617,Q2,0
TN,4.5,4.3,9.1,0.38102058137067685,Q2,0
OK,10.2,4.9,13.3,0.7074580946318694,Q3,0
TN,10.8,4.7,12.4,0.6873010821133035,Q3,0
FL,2.6,3.0,6.4,0.1601421599830257,Q1_LeastVulnerable,0
NY,11.1,7.1,7.9,0.6402503713133885,Q3,0
AR,13.4,7.7,12.0,0.8536494801612561,Q4_MostVulnerable,1
CA,2.3,2.3,6.7,0.1347867600254615,Q1_LeastVulnerable,0
OH,12.5,6.9,12.7,0.834447273498833,Q4_MostVulnerable,1
AZ,13.9,5.9,14.7,0.8478145554848292,Q4_MostVulnerable,1
NE,6.0,3.8,7.8,0.336569064290261,Q2,0
TN,19.2,7.0,18.8,0.9481752599193719,Q4_MostVulnerable,1
KY,4.6,3.1,3.8,0.1641735624867388,Q1_LeastVulnerable,0
AR,6.2,5.9,8.9,0.5132081476766391,Q3,0
OH,4.7,3.5,5.7,0.21446000424358158,Q1_LeastVulnerable,0
VA,17.7,7.5,10.0,0.8214513049013368,Q4_MostVulnerable,1
OH,7.0,1.9,8.1,0.2899957564184171,Q2,0
MT,6.4,3.5,5.3,0.2516443878633567,Q1_LeastVulnerable,0
FL,3.9,2.8,6.6,0.18417144069594737,Q1_LeastVulnerable,0
AL,16.1,5.6,13.1,0.8321133036282623,Q4_MostVulnerable,1
OH,4.7,3.4,9.6,0.3505728835136856,Q2,0
FL,5.2,2.9,4.6,0.17711648631444943,Q1_LeastVulnerable,0
TX,1.2,2.5,7.4,0.15038192234245704,Q1_LeastVulnerable,0
MI,4.9,3.6,7.6,0.2872374283895608,Q1_LeastVulnerable,0
MS,2.5,1.3,8.3,0.16820496499045193,Q1_LeastVulnerable,0
PA,7.6,3.7,8.0,0.384521536176533,Q2,0
PA,12.0,5.7,8.4,0.6198281349458944,Q3,0
NY,5.7,5.5,5.4,0.3584765542117547,Q2,0
VA,6.2,4.3,5.5,0.2998620835985572,Q2,0
WI,3.2,2.0,7.6,0.17329726288987904,Q1_LeastVulnerable,0
WA,17.7,7.9,16.8,0.9622321239125822,Q4_MostVulnerable,1
TN,15.8,9.3,11.8,0.8955018035221727,Q4_MostVulnerable,1
OH,12.3,7.1,12.4,0.831105453002334,Q4_MostVulnerable,1
NC,11.8,6.4,7.8,0.6269361340971781,Q3,0
CA,3.3,4.1,7.0,0.25806280500742623,Q1_LeastVulnerable,0
HI,10.4,7.3,11.5,0.7775832802885635,Q4_MostVulnerable,1
AL,9.9,6.6,7.0,0.566465096541481,Q3,0
CO,10.8,6.1,10.0,0.6844366645448758,Q3,0
MD,1.0,3.9,6.9,0.20448758752387017,Q1_LeastVulnerable,0
CO,4.9,1.8,1.6,0.10959049437725442,Q1_LeastVulnerable,0
TX,3.2,0.7,9.3,0.21318692976872478,Q1_LeastVulnerable,0
SC,4.7,3.6,8.0,0.2974750689582007,Q2,0
CA,5.8,3.8,9.3,0.3913112667091025,Q2,0
GA,8.4,3.7,8.4,0.42032675578187995,Q2,0
SD,10.5,6.4,6.8,0.5661998726925526,Q3,0
SC,15.7,3.9,13.9,0.735730956927647,Q4_MostVulnerable,1
WA,4.1,2.4,6.9,0.18406535115637598,Q1_LeastVulnerable,0
WY,12.1,4.9,11.1,0.6875132611924464,Q3,0
WV,8.1,2.0,11.2,0.44801612561001486,Q2,0
LA,1.4,4.7,7.2,0.27095268406535117,Q1_LeastVulnerable,0
GA,8.9,2.6,13.3,0.5441862932314874,Q3,0
PA,15.0,5.6,12.8,0.8151920220666242,Q4_MostVulnerable,1
IL,14.6,7.7,10.9,0.8325907065563335,Q4_MostVulnerable,1
SC,6.6,4.9,7.9,0.4290791427965202,Q2,0
MS,7.6,2.6,9.6,0.39295565457245923,Q2,0
SC,12.0,6.6,13.0,0.8236261404625504,Q4_MostVulnerable,1
ID,10.9,5.7,7.5,0.5650859325270529,Q3,0
MN,9.1,8.2,9.6,0.6894759176745172,Q3,0
MO,5.6,4.3,11.0,0.48785274771907483,Q2,0
VA,13.6,5.9,11.3,0.7735518777848505,Q4_MostVulnerable,1
GA,5.4,2.3,9.6,0.31890515595162316,Q2,0
VA,13.3,4.9,12.6,0.7486738807553576,Q4_MostVulnerable,1
SC,3.3,1.8,8.6,0.2079885423297263,Q1_LeastVulnerable,0
OK,11.3,7.4,9.0,0.6971143645236579,Q3,0
PA,3.2,3.0,5.0,0.13791640144281772,Q1_LeastVulnerable,0
NJ,12.8,6.7,11.5,0.8019308296201993,Q4_MostVulnerable,1
GA,15.8,9.0,9.9,0.8221939316783365,Q4_MostVulnerable,1
CT,8.2,0.9,8.6,0.3192764693401231,Q2,0
TX,11.0,7.2,11.0,0.7676639083386378,Q4_MostVulnerable,1
OK,15.1,6.6,16.1,0.9012306386590282,Q4_MostVulnerable,1
FL,14.2,6.9,12.9,0.8647358370464673,Q4_MostVulnerable,1
NM,4.7,2.2,8.6,0.25403140250371314,Q1_LeastVulnerable,0
MA,6.7,2.9,10.7,0.42419902397623593,Q2,0
CO,16.9,7.8,11.5,0.8798005516656059,Q4_MostVulnerable,1
MS,7.8,7.9,8.6,0.6114470613197539,Q3,0
ID,11.0,6.8,15.3,0.8400700190961171,Q4_MostVulnerable,1
CA,6.0,5.7,7.8,0.4535858264375133,Q2,0
MI,8.4,4.2,11.4,0.5730956927646934,Q3,0
NV,17.5,6.4,15.7,0.913961383407596,Q4_MostVulnerable,1
CA,6.6,2.8,5.3,0.22146191385529387,Q1_LeastVulnerable,0
KY,8.2,3.7,9.7,0.4697114364523658,Q2,0
GA,7.1,1.0,8.8,0.30002121790791425,Q2,0
AZ,13.5,5.0,12.4,0.7541905368130702,Q4_MostVulnerable,1
CA,10.2,4.2,8.6,0.5,Q3,0
CO,5.7,3.4,5.6,0.2332378527477191,Q1_LeastVulnerable,0
CO,2.1,2.8,5.1,0.10953744960746871,Q1_LeastVulnerable,0
SC,8.6,5.1,9.1,0.5434967112242733,Q3,0
MD,12.7,5.8,13.7,0.8119562911096967,Q4_MostVulnerable,1
CO,7.6,3.4,12.5,0.5345851899002758,Q3,0
CA,11.0,2.4,13.3,0.582325482707405,Q3,0
IL,8.1,3.6,10.8,0.5050392531296414,Q3,0
SC,12.0,4.2,9.0,0.5525143220878421,Q3,0
KS,13.9,6.9,11.1,0.8105771270952684,Q4_MostVulnerable,1
CO,1.6,3.8,6.2,0.1818905155951623,Q1_LeastVulnerable,0
KY,6.7,5.4,7.1,0.43194356036494796,Q2,0
MO,6.8,5.2,9.6,0.5223318480797794,Q3,0
AZ,7.8,4.1,10.3,0.5069488648419266,Q3,0
NY,4.2,2.5,8.2,0.23976235943136007,Q1_LeastVulnerable,0
KY,9.9,3.8,12.0,0.6009972416719711,Q3,0
AL,5.1,1.3,5.7,0.1397729683853172,Q1_LeastVulnerable,0
NC,8.5,6.1,11.1,0.6780182474008063,Q3,0
OH,7.5,4.0,7.4,0.37672395501803524,Q2,0
NY,3.5,1.2,4.9,0.08322724379376194,Q1_LeastVulnerable,0
IN,6.2,2.6,9.2,0.33418204964990456,Q2,0
MS,12.0,4.3,13.4,0.705760661998727,Q3,0
KY,5.4,3.7,8.7,0.34988330150647146,Q2,0
OH,10.3,6.7,10.2,0.7045936770634417,Q3,0
NE,8.3,4.0,9.8,0.4953320602588585,Q3,0
CA,1.6,0.0,6.1,0.06089539571398259,Q1_LeastVulnerable,0
NY,1.9,2.3,3.7,0.07086781243369404,Q1_LeastVulnerable,0
OH,3.4,2.8,4.2,0.12433694037767877,Q1_LeastVulnerable,0
KS,3.1,2.6,6.4,0.15133672819859964,Q1_LeastVulnerable,0
TX,22.1,7.7,16.2,0.9676426904307235,Q4_MostVulnerable,1
TN,11.5,5.8,10.8,0.7139295565457245,Q4_MostVulnerable,1
CO,6.9,4.2,9.8,0.4707723318480798,Q2,0
TX,7.1,4.1,8.1,0.3993740717165288,Q2,0
MD,6.1,4.5,9.2,0.4387863356673032,Q2,0
OK,12.6,5.1,11.0,0.7023127519626565,Q3,0
SD,5.6,3.0,11.5,0.43056439635051985,Q2,0
MN,7.3,6.3,8.8,0.5606832166348398,Q3,0
KY,11.9,6.4,15.6,0.846594525779758,Q4_MostVulnerable,1
VT,6.6,5.2,9.0,0.4900806280500743,Q3,0
FL,2.3,4.5,5.7,0.22416719711436453,Q1_LeastVulnerable,0
GA,16.5,7.7,11.5,0.8744960746870358,Q4_MostVulnerable,1
KS,9.1,6.1,6.7,0.5185656694249946,Q3,0
TX,11.6,3.1,8.8,0.4723106301718651,Q2,0
VA,11.5,5.8,9.0,0.6402503713133885,Q3,0
FL,12.8,5.6,12.2,0.7726501166984935,Q4_MostVulnerable,1
TX,3.7,5.6,5.8,0.32139826013155104,Q2,0
GA,2.8,4.2,6.8,0.24819647782728624,Q1_LeastVulnerable,0
WA,16.6,6.0,15.9,0.8910990876299598,Q4_MostVulnerable,1
NV,9.7,5.5,9.7,0.6163271801400382,Q3,0
AL,0.2,2.3,9.3,0.21101209420751113,Q1_LeastVulnerable,0
AZ,9.7,5.6,7.5,0.5336303840441333,Q3,0
CO,3.2,1.4,6.3,0.11229577763632508,Q1_LeastVulnerable,0
CT,5.2,4.1,6.5,0.287025249310418,Q1_LeastVulnerable,0
PA,8.5,4.2,11.1,0.5654572459155527,Q3,0
FL,5.5,4.1,3.3,0.24177806068321664,Q1_LeastVulnerable,0
WA,16.6,5.9,10.4,0.7702100572883515,Q4_MostVulnerable,1
NY,2.5,1.9,6.1,0.10460428601739868,Q1_LeastVulnerable,0
OH,11.2,7.1,13.7,0.8364099299809039,Q4_MostVulnerable,1
FL,8.1,2.9,9.5,0.4153405474220242,Q2,0
TX,3.2,1.5,3.9,0.07198175259919372,Q1_LeastVulnerable,0
NC,13.4,5.9,9.3,0.689369828134946,Q3,0
TX,9.4,3.7,13.0,0.6075217483556121,Q3,0
WA,2.2,1.3,4.9,0.05994058985784001,Q1_LeastVulnerable,0
CA,11.3,5.5,8.7,0.6076278378951835,Q3,0
CA,5.5,1.4,10.7,0.33953957139826013,Q2,0
SC,16.1,5.3,15.1,0.8401761086356885,Q4_MostVulnerable,1
TX,12.2,8.8,13.7,0.8860598345003184,Q4_MostVulnerable,1
NE,9.0,5.4,7.6,0.5102906853384256,Q3,0
KS,8.1,3.3,6.0,0.3043708890303416,Q2,0
NY,16.3,7.5,13.4,0.913430935709739,Q4_MostVulnerable,1
IL,6.6,4.8,9.0,0.46562698917886697,Q2,0
GA,1.1,3.8,6.3,0.17833651601952047,Q1_LeastVulnerable,0
MI,9.0,4.5,12.5,0.6381285805219605,Q3,0
FL,10.7,6.7,6.9,0.5827498408656906,Q3,0
MI,5.2,0.5,9.3,0.2605559091873541,Q1_LeastVulnerable,0
WA,6.2,2.3,5.9,0.20220666242308508,Q1_LeastVulnerable,0
TN,8.1,4.7,10.8,0.5750053044769786,Q3,0
VA,1.3,2.9,4.7,0.09723106301718652,Q1_LeastVulnerable,0
SC,14.5,5.0,10.6,0.7074580946318694,Q3,0
IA,8.1,4.8,7.8,0.46042860173986844,Q2,0
SD,18.6,6.7,11.4,0.8549225546361129,Q4_MostVulnerable,1
VA,14.1,5.8,12.1,0.8004455760661999,Q4_MostVulnerable,1
WA,7.6,5.8,7.3,0.48610227031614683,Q2,0
ND,4.2,4.6,8.7,0.3773074474856779,Q2,0
FL,10.3,3.6,11.4,0.5786123488224061,Q3,0
AR,13.7,4.5,15.2,0.7655951623169956,Q4_MostVulnerable,1
CO,3.2,2.3,7.3,0.17175896456609377,Q1_LeastVulnerable,0
WA,3.0,2.9,7.6,0.20507107999151283,Q1_LeastVulnerable,0
MA,14.9,5.5,15.3,0.8417144069594737,Q4_MostVulnerable,1
TN,10.5,6.7,9.0,0.6588160407383832,Q3,0
MI,9.2,5.3,6.6,0.47406110757479314,Q2,0
NC,6.9,4.7,8.8,0.4610120942075111,Q2,0
AZ,13.9,4.3,9.1,0.5930935709739019,Q3,0
GA,4.7,5.2,12.3,0.5610545300233397,Q3,0
ME,4.6,0.0,10.2,0.2792807129217059,Q1_LeastVulnerable,0
NY,3.8,4.4,11.2,0.45523021430086996,Q2,0
CO,4.5,4.7,7.4,0.3402291534054742,Q2,0
PA,6.8,3.4,9.5,0.4053681307023127,Q2,0
KS,23.8,11.1,16.0,0.992785911309145,Q4_MostVulnerable,1
SD,9.5,4.7,11.5,0.6362189688096754,Q3,0
CA,11.1,5.4,8.1,0.5751644387863356,Q3,0
NC,4.2,3.8,2.0,0.18634627625716105,Q1_LeastVulnerable,0
IL,10.9,10.0,8.8,0.7098451092722257,Q4_MostVulnerable,1
SC,7.1,6.2,5.7,0.4418629323148738,Q2,0
KY,6.1,4.9,11.0,0.5393061744112031,Q3,0
NC,15.2,5.2,16.2,0.8342350944196902,Q4_MostVulnerable,1
VA,12.6,6.0,8.5,0.6495862507956716,Q3,0
AK,5.5,2.4,10.4,0.35715043496711224,Q2,0
AL,10.3,6.3,12.1,0.7585402079354976,Q4_MostVulnerable,1
PA,16.7,7.2,10.2,0.813123276044982,Q4_MostVulnerable,1
NY,18.6,5.9,13.5,0.8731169106726077,Q4_MostVulnerable,1
IL,10.0,5.1,8.8,0.5625397835773392,Q3,0
MI,14.0,4.9,13.5,0.7777424145979207,Q4_MostVulnerable,1
AR,11.6,5.7,8.4,0.6121366433269679,Q3,0
CT,8.5,3.3,9.1,0.4282304264799491,Q2,0
LA,5.4,3.7,6.3,0.261988117971568,Q1_LeastVulnerable,0
TN,10.8,6.4,11.4,0.7511669849352854,Q4_MostVulnerable,1
MI,7.9,4.3,8.5,0.44944833439422877,Q2,0
NE,11.1,4.8,9.5,0.5967006153193295,Q3,0
TX,5.2,3.9,7.2,0.2991194568215574,Q2,0
IL,11.0,6.3,14.6,0.8166772756206239,Q4_MostVulnerable,1
OH,4.7,1.7,6.5,0.16183959261616807,Q1_LeastVulnerable,0
TX,3.7,3.5,4.8,0.17308508381073626,Q1_LeastVulnerable,0
FL,16.2,8.8,14.3,0.9431890515595162,Q4_MostVulnerable,1
IA,10.0,5.9,9.7,0.6451835349034586,Q3,0
WV,3.5,3.1,3.9,0.13791640144281772,Q1_LeastVulnerable,0
WI,8.5,5.5,13.7,0.7103755569700828,Q4_MostVulnerable,1
FL,9.6,5.6,9.1,0.5944727349883302,Q3,0
CA,11.2,6.5,9.8,0.7011988117971568,Q3,0
HI,13.9,3.1,12.3,0.6406216847018884,Q3,0
KY,9.2,2.4,13.1,0.5397835773392744,Q3,0
MD,4.9,5.0,4.1,0.29089751750477405,Q2,0
NM,3.4,0.8,7.2,0.13743899851474645,Q1_LeastVulnerable,0
TX,8.8,5.2,13.6,0.6985996180776576,Q3,0
IN,11.7,5.0,11.1,0.6860810524082326,Q3,0
TN,6.4,2.4,5.7,0.2072989603225122,Q1_LeastVulnerable,0
CA,5.3,4.1,6.4,0.2869191597708466,Q1_LeastVulnerable,0
AR,5.3,3.9,8.1,0.3363038404413325,Q2,0
MN,5.6,6.8,10.4,0.5944196902185445,Q3,0
CA,8.6,3.6,8.6,0.4275938892425207,Q2,0
KY,7.3,6.4,10.3,0.6263526416295354,Q3,0
TX,3.0,3.4,3.6,0.1400381922342457,Q1_LeastVulnerable,0
GA,15.2,5.6,9.7,0.7126564820708677,Q4_MostVulnerable,1
OH,13.7,7.3,10.9,0.8122745597284108,Q4_MostVulnerable,1
IL,6.1,4.7,10.9,0.5215892213027796,Q3,0
AR,8.1,4.5,9.2,0.4962338213452153,Q3,0
MO,3.7,3.5,7.4,0.2436346276257161,Q1_LeastVulnerable,0
TN,6.4,3.0,8.7,0.3382134521536176,Q2,0
LA,0.5,0.9,7.5,0.10635476342032675,Q1_LeastVulnerable,0
NM,6.4,5.1,7.0,0.4019202206662424,Q2,0
TX,10.9,4.9,11.8,0.6882028431996604,Q3,0
RI,6.9,3.9,6.8,0.3350838107362614,Q2,0
CT,7.1,4.6,12.5,0.5962762571610439,Q3,0
OK,13.2,6.3,10.0,0.7345109272225758,Q4_MostVulnerable,1
MN,9.7,2.8,8.1,0.3909399533206026,Q2,0
OR,4.7,5.3,8.4,0.4187354126883089,Q2,0
MI,11.8,5.7,11.0,0.7228410778697221,Q4_MostVulnerable,1
CA,7.0,3.8,9.1,0.4180458306810948,Q2,0
MT,18.1,8.1,14.5,0.9511457670273712,Q4_MostVulnerable,1
MI,7.6,4.6,6.6,0.39131126670910255,Q2,0
MS,3.5,4.2,10.0,0.3880755357521748,Q2,0
TX,5.3,4.4,9.4,0.42138765117759386,Q2,0
TX,6.9,5.1,11.1,0.5808932739231912,Q3,0
MA,14.3,8.3,11.1,0.8470719287078294,Q4_MostVulnerable,1
MA,6.0,5.1,8.9,0.46334606407808193,Q2,0
MN,3.2,2.7,7.0,0.1777530235518778,Q1_LeastVulnerable,0
MS,4.1,1.5,9.3,0.24851474644600044,Q1_LeastVulnerable,0
WA,2.1,5.1,8.4,0.35163377890939956,Q2,0
NY,9.9,4.6,10.3,0.5900700190961171,Q3,0
ID,6.6,3.3,5.3,0.24612773180564398,Q1_LeastVulnerable,0
MS,11.6,2.9,14.4,0.6295883725864629,Q3,0
NY,12.4,6.2,12.3,0.7988542329726288,Q4_MostVulnerable,1
NY,7.5,4.5,7.5,0.41353702524931046,Q2,0
NE,14.2,4.0,12.9,0.7098981540420115,Q4_MostVulnerable,1
CO,1.7,3.2,2.8,0.10168682367918523,Q1_LeastVulnerable,0
AZ,11.6,4.7,12.9,0.7143008699342245,Q4_MostVulnerable,1
IN,14.6,10.4,9.4,0.7957776363250583,Q4_MostVulnerable,1
LA,7.9,3.5,8.5,0.3994271164863144,Q2,0
CA,5.6,3.0,8.3,0.30097602376405685,Q2,0
SD,16.5,5.6,15.3,0.8634627625716105,Q4_MostVulnerable,1
IA,4.3,5.2,7.4,0.3671758964566094,Q2,0
UT,8.6,4.0,10.6,0.5335773392743476,Q3,0
CO,5.2,2.5,7.6,0.24114152344578824,Q1_LeastVulnerable,0
CA,4.9,4.5,7.4,0.33609166136218965,Q2,0
MI,3.1,0.9,6.7,0.11457670273711011,Q1_LeastVulnerable,0
CT,15.6,7.6,12.4,0.8875981328241035,Q4_MostVulnerable,1
VA,4.2,5.9,3.7,0.3219817525991937,Q2,0
AL,5.8,4.6,6.4,0.33343942287290473,Q2,0
LA,11.1,6.3,11.0,0.7389136431147888,Q4_MostVulnerable,1
VA,8.0,5.7,8.5,0.537184383619775,Q3,0
KY,5.4,6.2,7.4,0.4474856779121579,Q2,0
CA,5.2,5.4,6.9,0.38266496923403354,Q2,0
IL,8.2,5.1,7.4,0.4665817950350095,Q2,0
MI,5.4,5.0,6.7,0.35985571822618284,Q2,0
CO,11.7,4.2,10.3,0.6003076596647571,Q3,0
MI,11.4,6.6,10.7,0.742785911309145,Q4_MostVulnerable,1
TN,8.9,3.2,10.2,0.477774241459792,Q2,0
TX,10.6,4.6,9.9,0.5903882877148313,Q3,0
CA,5.8,0.0,5.8,0.1466687884574581,Q1_LeastVulnerable,0
CO,8.0,5.0,6.2,0.4154466369615955,Q2,0
ID,5.5,2.7,12.9,0.4485996180776575,Q2,0
NV,15.8,8.4,10.6,0.8419796308084023,Q4_MostVulnerable,1
IA,3.7,3.7,5.8,0.20379800551665606,Q1_LeastVulnerable,0
TN,7.5,5.9,9.8,0.5899108847867601,Q3,0
OH,8.6,2.9,10.0,0.44971355824315723,Q2,0
CA,7.9,5.9,10.0,0.6092722257585402,Q3,0
NY,14.6,9.5,11.4,0.8717377466581796,Q4_MostVulnerable,1
CA,6.5,5.1,8.7,0.4688096753660089,Q2,0
GA,8.4,5.7,9.3,0.5808402291534055,Q3,0
CO,10.4,5.4,9.6,0.6215786123488224,Q3,0
CO,8.8,3.9,9.9,0.5057288351368555,Q3,0
NM,9.3,5.9,11.8,0.7107999151283684,Q4_MostVulnerable,1
MO,5.0,1.2,7.5,0.19292382771058772,Q1_LeastVulnerable,0
CO,3.1,2.3,6.5,0.14247825164438788,Q1_LeastVulnerable,0
WI,5.9,1.1,10.1,0.32150434967112246,Q2,0
LA,11.6,4.4,12.7,0.6906429026098028,Q3,0
CA,8.7,5.6,12.5,0.6979630808402293,Q3,0
CA,7.7,5.1,5.3,0.3908338637810312,Q2,0
NE,6.7,4.1,10.2,0.4729471674092934,Q2,0
WV,18.0,7.7,15.2,0.9505092297899426,Q4_MostVulnerable,1
MT,17.1,4.3,11.8,0.7315404201145768,Q4_MostVulnerable,1
WA,7.7,3.8,9.4,0.45003182686187143,Q2,0
MD,2.5,1.7,8.4,0.18082962019944834,Q1_LeastVulnerable,0
ME,22.7,7.8,14.7,0.959102482495226,Q4_MostVulnerable,1
MN,24.6,10.3,18.2,0.9975068958200722,Q4_MostVulnerable,1
OH,14.6,5.1,14.0,0.8036282622533418,Q4_MostVulnerable,1
KS,7.0,3.2,6.4,0.2823042647994908,Q1_LeastVulnerable,0
TX,17.1,4.0,13.2,0.7438468067048589,Q4_MostVulnerable,1
AZ,13.3,5.6,12.3,0.7812964141735624,Q4_MostVulnerable,1
MD,8.2,2.8,7.5,0.33290897517504775,Q2,0
MN,9.4,5.0,8.0,0.5132081476766391,Q3,0
NJ,3.5,1.6,6.5,0.13054317844260557,Q1_LeastVulnerable,0
ID,13.9,6.3,13.6,0.8526946743051135,Q4_MostVulnerable,1
LA,12.9,5.7,12.8,0.7927010396774877,Q4_MostVulnerable,1
MI,7.4,6.7,7.0,0.5089645660937832,Q3,0
OH,2.9,3.6,7.8,0.24803734351792914,Q1_LeastVulnerable,0
PA,5.0,0.7,5.8,0.1296944621260344,Q1_LeastVulnerable,0
OK,4.1,1.3,3.8,0.08858476554211754,Q1_LeastVulnerable,0
IN,11.8,5.6,10.2,0.6852853808614471,Q3,0
WY,7.8,2.9,11.1,0.47215149586250793,Q2,0
TN,13.5,1.6,13.1,0.5955866751538298,Q3,0
GA,2.2,4.7,6.1,0.24623382134521535,Q1_LeastVulnerable,0
DE,12.2,6.8,10.3,0.7480903882877148,Q4_MostVulnerable,1
IL,9.2,5.5,8.8,0.5674729471674093,Q3,0
MA,11.8,4.6,11.1,0.6616274135370253,Q3,0
TN,4.5,4.0,5.1,0.22809251007850628,Q1_LeastVulnerable,0
PA,7.5,3.2,8.1,0.3567791215786123,Q2,0
TN,6.4,4.2,7.8,0.3723742838956079,Q2,0
HI,13.9,4.8,9.3,0.633991088478676,Q3,0
NV,2.4,5.0,4.5,0.23854232972628897,Q1_LeastVulnerable,0
IL,3.3,0.6,7.4,0.1400912370040314,Q1_LeastVulnerable,0
CA,3.6,4.9,6.8,0.3111606195629111,Q2,0
ND,3.3,3.0,6.0,0.16242308508381073,Q1_LeastVulnerable,0
CO,3.6,2.3,5.0,0.1164332696796096,Q1_LeastVulnerable,0
NC,7.5,4.5,11.9,0.5854551241247613,Q3,0
NY,9.9,6.1,8.3,0.5942605559091874,Q3,0
SC,2.8,4.9,6.9,0.29752811372798643,Q2,0
CO,7.3,4.6,7.7,0.4227137704222364,Q2,0
PA,9.1,3.4,9.6,0.4687035858264375,Q2,0
WY,12.1,5.7,12.0,0.7623063865902822,Q4_MostVulnerable,1
TN,1.5,5.2,3.0,0.22384892849565033,Q1_LeastVulnerable,0
OR,10.3,7.1,10.2,0.7170061531932951,Q4_MostVulnerable,1
NC,9.1,6.1,11.9,0.7180670485890092,Q4_MostVulnerable,1
LA,7.2,5.3,12.1,0.6322406110757478,Q3,0
OK,5.1,4.6,7.3,0.34394228729047316,Q2,0
OK,3.2,4.7,6.7,0.28479736897941865,Q1_LeastVulnerable,0
NY,2.2,2.0,10.5,0.27047528113727987,Q1_LeastVulnerable,0
SC,11.6,3.5,13.1,0.6424782516443879,Q3,0
MA,2.6,2.9,5.1,0.12258646297475069,Q1_LeastVulnerable,0
CA,3.5,1.8,5.5,0.10725652450668365,Q1_LeastVulnerable,0
MO,9.7,3.3,11.7,0.5579779333757692,Q3,0
GA,0.8,1.2,3.4,0.024984086569064288,Q1_LeastVulnerable,0
KY,8.1,8.1,11.2,0.7284638234670062,Q4_MostVulnerable,1
AL,5.9,4.0,8.6,0.3772544027158922,Q2,0
KY,9.1,5.3,10.6,0.6268300445576066,Q3,0
SC,4.5,1.5,6.7,0.16035433906216848,Q1_LeastVulnerable,0
MS,6.8,1.3,7.2,0.23567791215786124,Q1_LeastVulnerable,0
AL,9.9,3.7,12.9,0.615637598132824,Q3,0
MI,15.4,8.8,12.2,0.8982601315510291,Q4_MostVulnerable,1
IL,5.4,4.1,6.9,0.30691703798005515,Q2,0
MI,5.2,4.5,7.4,0.3445257797581158,Q2,0
KY,3.3,4.1,7.0,0.25806280500742623,Q1_LeastVulnerable,0
VA,6.9,3.2,6.4,0.279439847231063,Q1_LeastVulnerable,0
AR,12.9,8.0,10.3,0.7887757267133461,Q4_MostVulnerable,1
ND,10.9,4.3,9.2,0.5465733078718438,Q3,0
TN,10.3,7.2,11.8,0.7809251007850625,Q4_MostVulnerable,1
WA,12.3,6.3,9.4,0.696053469127944,Q3,0
CO,5.4,0.9,4.2,0.11855506047103757,Q1_LeastVulnerable,0
MS,0.5,1.0,1.3,0.013049013367281986,Q1_LeastVulnerable,0
AR,4.9,0.8,4.5,0.10577127095268407,Q1_LeastVulnerable,0
MN,11.7,7.3,13.6,0.8515807341396138,Q4_MostVulnerable,1
CA,3.9,3.1,7.0,0.2132399745385105,Q1_LeastVulnerable,0
TN,12.2,2.3,12.1,0.5744748567791216,Q3,0
CA,7.5,4.8,9.8,0.5264162953532782,Q3,0
MN,8.6,3.8,9.4,0.47353065987693616,Q2,0
MS,12.0,3.4,10.9,0.5812115425419053,Q3,0
WA,6.0,6.3,10.1,0.5769679609590495,Q3,0
NY,17.1,7.3,13.9,0.9231911733503076,Q4_MostVulnerable,1
IL,7.6,3.8,11.6,0.5346912794398472,Q3,0
GA,16.8,6.4,14.6,0.8988436240186717,Q4_MostVulnerable,1
CA,8.9,2.4,8.2,0.3599618077657543,Q2,0
PA,5.2,1.6,6.6,0.17600254614894972,Q1_LeastVulnerable,0
OH,11.2,7.3,9.2,0.7008805431784425,Q3,0
NJ,9.1,4.0,12.0,0.5950562274559729,Q3,0
AR,2.8,2.9,5.6,0.13706768512624656,Q1_LeastVulnerable,0
PA,14.9,3.4,10.8,0.6182367918523234,Q3,0
NY,10.3,3.1,10.8,0.5281137279864206,Q3,0
WA,15.8,7.6,12.7,0.896509654148101,Q4_MostVulnerable,1
NE,8.9,5.2,10.0,0.5946849140674729,Q3,0
IL,4.5,6.0,11.0,0.5602058137067685,Q3,0
KY,9.2,6.8,11.4,0.7303734351792913,Q4_MostVulnerable,1
CO,9.1,4.4,9.6,0.5315085932527054,Q3,0
OK,5.3,4.3,4.8,0.26416295353278163,Q1_LeastVulnerable,0
OH,5.9,3.3,6.9,0.272225758540208,Q1_LeastVulnerable,0
FL,7.3,7.3,10.1,0.6495332060258858,Q3,0
CO,15.7,8.4,10.5,0.8366221090600466,Q4_MostVulnerable,1
CA,1.5,2.7,10.0,0.2677699978782092,Q1_LeastVulnerable,0
UT,6.5,4.2,8.3,0.39412263950774457,Q2,0
FL,15.8,8.9,13.0,0.9212815616380224,Q4_MostVulnerable,1
IA,2.8,3.7,5.1,0.17032675578187992,Q1_LeastVulnerable,0
ID,23.8,11.5,17.9,0.9979842987481434,Q4_MostVulnerable,1
LA,12.0,2.3,8.7,0.4403776787608742,Q2,0
OH,3.6,3.8,11.2,0.4120517716953109,Q2,0
TX,8.9,3.9,12.1,0.5874177806068321,Q3,0
CO,4.9,6.1,9.4,0.508646297475069,Q3,0
OH,4.6,5.7,4.5,0.3273923191173351,Q2,0
IA,9.3,4.8,10.1,0.583916825800976,Q3,0
WV,1.2,4.7,8.0,0.29800551665605773,Q2,0
IL,1.6,5.2,7.0,0.29768724803734353,Q2,0
AL,9.5,5.0,7.8,0.507585402079355,Q3,0
MN,5.4,7.3,6.4,0.45204752811372795,Q2,0
CO,10.9,5.2,9.6,0.6210481646509655,Q3,0
AR,7.8,4.0,7.7,0.39645660937831534,Q2,0
OH,4.7,4.7,10.4,0.4639295565457246,Q2,0
OK,11.4,4.9,6.8,0.5053044769785698,Q3,0
MA,9.1,4.8,10.8,0.6054530023339698,Q3,0
NC,23.0,11.0,13.9,0.9722575854020793,Q4_MostVulnerable,1
MS,5.6,3.7,5.9,0.25572883513685546,Q1_LeastVulnerable,0
NY,2.9,0.3,2.4,0.04105665181413112,Q1_LeastVulnerable,0
NV,14.3,6.8,11.0,0.8079248886059834,Q4_MostVulnerable,1
NC,6.9,3.0,11.5,0.4677487799702949,Q2,0
FL,3.3,4.3,7.2,0.2784850413749204,Q1_LeastVulnerable,0
GA,9.4,5.9,7.3,0.5366008911521324,Q3,0
MD,8.7,6.8,11.4,0.7186505410566518,Q4_MostVulnerable,1
MD,7.6,5.6,11.3,0.6345745809463187,Q3,0
PA,10.9,6.9,10.6,0.7388075535752175,Q4_MostVulnerable,1
KS,5.5,2.7,11.8,0.4221302779545937,Q2,0
CO,13.9,7.4,13.6,0.8890833863781031,Q4_MostVulnerable,1
GA,10.1,8.0,11.4,0.7802355187778485,Q4_MostVulnerable,1
FL,3.1,1.9,5.0,0.09166136218968811,Q1_LeastVulnerable,0
OK,11.1,8.0,11.8,0.8148207086781243,Q4_MostVulnerable,1
MI,6.2,3.0,8.5,0.32389136431147886,Q2,0
OH,23.2,7.7,17.6,0.9724167197114365,Q4_MostVulnerable,1
LA,5.3,4.0,6.3,0.2774771907489922,Q1_LeastVulnerable,0
TX,3.3,4.1,6.9,0.2546679397411415,Q1_LeastVulnerable,0
WI,4.8,4.8,5.8,0.30150647146191384,Q2,0
NC,6.7,2.6,4.1,0.20103967748779972,Q1_LeastVulnerable,0
TX,6.8,4.7,10.4,0.5227031614682792,Q3,0
MN,10.8,4.2,7.4,0.46610439210693827,Q2,0
VA,2.0,0.4,6.2,0.0734139613834076,Q1_LeastVulnerable,0
TN,3.9,1.8,7.6,0.18284532145130492,Q1_LeastVulnerable,0
WI,8.1,3.3,9.7,0.44356036494801615,Q2,0
NM,2.7,3.6,5.8,0.1771164863144494,Q1_LeastVulnerable,0
PA,11.6,7.2,11.3,0.7896244430299172,Q4_MostVulnerable,1
MS,4.0,1.0,8.0,0.1832696796095905,Q1_LeastVulnerable,0
GA,5.5,4.2,9.2,0.4040420114576702,Q2,0
IA,2.6,1.0,9.8,0.2273498833015065,Q1_LeastVulnerable,0
TX,2.4,3.7,6.7,0.20512412476129852,Q1_LeastVulnerable,0
CA,14.0,5.3,12.1,0.7713239974538509,Q4_MostVulnerable,1
NV,7.0,2.5,6.7,0.2611924464247825,Q1_LeastVulnerable,0
KS,4.5,4.6,8.1,0.3608635688521112,Q2,0
KY,12.0,4.7,12.4,0.7109590494377255,Q4_MostVulnerable,1
TX,22.1,8.2,15.7,0.9726288987905792,Q4_MostVulnerable,1
TN,6.6,0.6,9.4,0.3050604710375557,Q2,0
NH,14.1,7.6,11.5,0.8481328241035434,Q4_MostVulnerable,1
HI,13.0,7.1,12.9,0.8518459579885422,Q4_MostVulnerable,1
MI,9.0,4.7,11.3,0.6156906429026098,Q3,0
LA,7.2,1.9,10.4,0.38791640144281775,Q2,0
IA,19.9,9.8,15.2,0.9788881816252918,Q4_MostVulnerable,1
CA,3.0,1.9,4.4,0.08290897517504775,Q1_LeastVulnerable,0
MS,15.8,6.1,11.7,0.8216634839804794,Q4_MostVulnerable,1
IL,6.5,7.4,9.4,0.5976554211754721,Q3,0
NC,5.5,2.6,12.7,0.44032463399108845,Q2,0
IN,2.5,3.9,5.6,0.1867175896456609,Q1_LeastVulnerable,0
LA,6.4,4.8,9.1,0.4632930193082962,Q2,0
CA,2.8,3.4,5.3,0.15642902609802675,Q1_LeastVulnerable,0
WI,14.1,6.7,10.1,0.7672925949501379,Q4_MostVulnerable,1
MN,7.8,4.9,7.5,0.4481222151495863,Q2,0
AZ,11.4,5.8,6.5,0.5449289200084871,Q3,0
MS,6.6,3.9,11.0,0.48939104604286016,Q3,0
TX,10.8,7.5,5.9,0.5768088266496924,Q3,0
PA,4.4,1.3,6.7,0.15414810099724166,Q1_LeastVulnerable,0
OH,5.6,5.2,5.5,0.34160831741990244,Q2,0
CO,3.8,4.4,5.1,0.23626140462550393,Q1_LeastVulnerable,0
NY,11.6,6.5,13.6,0.8230956927646934,Q4_MostVulnerable,1
PA,5.0,5.2,7.9,0.40176108635688523,Q2,0
MT,11.5,5.3,8.8,0.6043921069382558,Q3,0
TX,0.6,0.0,4.1,0.01718650541056652,Q1_LeastVulnerable,0
ID,16.7,6.9,11.8,0.8632505834924676,Q4_MostVulnerable,1
GA,6.7,2.5,8.3,0.3095162316995544,Q2,0
TX,11.2,4.3,10.9,0.6222681943560365,Q3,0
NY,0.6,0.3,9.1,0.1644387863356673,Q1_LeastVulnerable,0
AL,1.5,1.7,1.9,0.037714831317632085,Q1_LeastVulnerable,0
IA,23.8,8.3,16.8,0.98026734563972,Q4_MostVulnerable,1
TX,5.3,0.0,7.0,0.17133460640780818,Q1_LeastVulnerable,0
AZ,15.9,7.8,14.9,0.9335879482283046,Q4_MostVulnerable,1
AL,4.1,6.6,7.8,0.4445682155739444,Q2,0
ID,8.3,5.4,10.3,0.6018990027583281,Q3,0
UT,7.6,4.0,9.5,0.46403564608529607,Q2,0
TX,4.3,3.2,5.3,0.18077657542966263,Q1_LeastVulnerable,0
MS,7.2,3.5,11.0,0.4833969870570762,Q2,0
MO,3.0,3.0,8.1,0.22931253978357735,Q1_LeastVulnerable,0
IN,17.9,7.3,15.8,0.9465839168258009,Q4_MostVulnerable,1
GA,8.2,3.2,11.6,0.5152768936982813,Q3,0
SD,7.2,6.7,9.4,0.5973901973265435,Q3,0
CA,2.9,0.6,9.4,0.2114894971355824,Q1_LeastVulnerable,0
MI,9.4,5.9,10.4,0.6599299809038829,Q3,0
NY,2.7,2.7,5.9,0.13239974538510502,Q1_LeastVulnerable,0
CA,2.9,5.7,6.5,0.331105453002334,Q2,0
MS,4.2,3.8,7.1,0.26559516231699554,Q1_LeastVulnerable,0
MT,1.1,1.8,4.5,0.05007426267769998,Q1_LeastVulnerable,0
OR,2.7,2.4,9.6,0.25811584977721197,Q1_LeastVulnerable,0
GA,8.3,4.5,9.7,0.5233396987057076,Q3,0
IL,8.8,2.9,9.6,0.43634627625716105,Q2,0
MO,2.9,1.7,7.2,0.14417568427753025,Q1_LeastVulnerable,0
WI,10.6,2.5,16.3,0.6081582855930405,Q3,0
FL,11.8,4.2,8.6,0.532251220029705,Q3,0
WI,12.6,5.9,9.6,0.6905898578400169,Q3,0
OH,14.0,6.7,9.2,0.7271907489921494,Q4_MostVulnerable,1
TN,6.3,0.9,7.7,0.23116910672607682,Q1_LeastVulnerable,0
CA,5.0,3.3,8.0,0.28697220454063227,Q1_LeastVulnerable,0
IL,7.2,5.0,7.7,0.44626564820708675,Q2,0
CA,8.9,4.4,8.4,0.47666030129429243,Q2,0
KS,12.4,4.8,11.5,0.6995013791640144,Q3,0
WI,1.8,1.9,4.9,0.06773817101633779,Q1_LeastVulnerable,0
CA,9.5,4.0,10.4,0.546361128792701,Q3,0
MO,6.5,3.0,10.5,0.41438574156588165,Q2,0
AL,7.2,4.4,10.0,0.5013261192446424,Q3,0
OH,6.9,7.5,10.2,0.6461383407596011,Q3,0
DE,4.4,2.2,9.4,0.2816677275620624,Q1_LeastVulnerable,0
CA,8.6,4.1,9.9,0.5133672819859961,Q3,0
IN,9.5,4.8,9.4,0.5589857840016974,Q3,0
PA,9.2,3.7,8.0,0.42419902397623593,Q2,0
CA,5.4,5.3,6.9,0.38308932739231905,Q2,0
FL,6.2,0.3,7.0,0.19759176745172924,Q1_LeastVulnerable,0
AL,1.3,1.6,7.1,0.11266709102482496,Q1_LeastVulnerable,0
WA,4.1,4.5,7.8,0.33206025885847656,Q2,0
NV,2.2,2.2,7.5,0.157436876723955,Q1_LeastVulnerable,0
OH,12.3,4.5,8.8,0.5693825588796945,Q3,0
NY,4.9,4.1,10.3,0.42557818799066416,Q2,0
CO,8.6,5.9,8.4,0.559410142159983,Q3,0
NV,7.5,4.6,6.6,0.38823467006153195,Q2,0
CA,6.8,2.8,7.5,0.2948228304689157,Q2,0
KY,2.9,3.6,11.4,0.3922660725652451,Q2,0
MO,5.8,3.1,7.1,0.2666560577127095,Q1_LeastVulnerable,0
MO,14.3,7.4,11.5,0.8462232123912582,Q4_MostVulnerable,1
CA,12.1,7.8,10.6,0.785805219605347,Q4_MostVulnerable,1
AZ,15.8,2.8,12.6,0.6530872056015277,Q3,0
SC,16.9,7.2,11.9,0.8779439847231063,Q4_MostVulnerable,1
OK,7.2,1.5,8.9,0.3171546785486951,Q2,0
CA,11.7,9.2,13.0,0.8679715680033949,Q4_MostVulnerable,1
CA,5.9,3.1,8.6,0.32558879694462123,Q2,0
TX,8.0,5.5,6.8,0.4639295565457246,Q2,0
PA,8.5,4.5,8.5,0.47814555484829196,Q2,0
WY,11.7,4.3,9.7,0.5838637810311903,Q3,0
GA,13.9,4.8,12.1,0.7399214937407171,Q4_MostVulnerable,1
MI,7.4,6.6,11.4,0.6787608741778062,Q3,0
GA,8.5,6.0,9.0,0.5873647358370465,Q3,0
NM,7.0,7.0,8.3,0.555537873965627,Q3,0
CA,8.4,4.6,12.7,0.6347337152556758,Q3,0
CA,7.9,4.8,10.7,0.5718226182898366,Q3,0
CA,10.6,4.8,11.5,0.6656588160407383,Q3,0
OH,4.1,2.8,11.0,0.3620305537873965,Q2,0
MI,4.9,1.9,8.4,0.24061107574793125,Q1_LeastVulnerable,0
NM,13.1,6.1,7.6,0.6264587311691067,Q3,0
TX,9.9,3.8,11.6,0.5896456609378314,Q3,0
OR,5.8,4.4,4.7,0.2830468915764906,Q1_LeastVulnerable,0
MA,17.5,7.5,14.7,0.9398472310630172,Q4_MostVulnerable,1
WI,1.1,2.7,2.1,0.06763208147676639,Q1_LeastVulnerable,0
MA,7.7,6.8,7.9,0.5527795459367706,Q3,0
CA,7.3,4.1,7.9,0.3970931466157437,Q2,0
WI,13.5,7.2,10.2,0.7779015489072778,Q4_MostVulnerable,1
AK,6.0,6.9,7.3,0.4845109272225758,Q2,0
MO,7.3,6.1,10.7,0.6290048801188203,Q3,0
IL,8.3,6.2,7.7,0.5393592191809887,Q3,0
MN,3.4,2.6,7.8,0.2080946318692977,Q1_LeastVulnerable,0
MO,8.9,5.0,7.5,0.4818056439635052,Q2,0
GA,8.1,2.5,8.7,0.3645767027371101,Q2,0
MO,14.5,7.1,12.9,0.8741778060683217,Q4_MostVulnerable,1
PA,20.6,8.6,13.3,0.9492892000848716,Q4_MostVulnerable,1
GA,14.3,6.3,9.5,0.7303203904095056,Q4_MostVulnerable,1
KY,6.8,5.6,9.4,0.5364948016125609,Q3,0
GA,3.2,1.2,8.9,0.20443454275408446,Q1_LeastVulnerable,0
TN,4.9,5.9,7.3,0.4154466369615956,Q2,0
OK,5.3,4.9,6.7,0.3506789730532569,Q2,0
TX,3.1,2.8,6.9,0.17685126246552088,Q1_LeastVulnerable,0
CO,13.6,5.9,11.9,0.7939741141523445,Q4_MostVulnerable,1
CA,11.9,6.3,11.4,0.7686717589645662,Q4_MostVulnerable,1
CA,7.5,6.5,3.7,0.43708890303416087,Q2,0
CO,7.1,4.3,6.4,0.3519520475281137,Q2,0
MS,10.8,5.5,8.7,0.5971249734776151,Q3,0
WA,9.0,4.7,9.8,0.5575005304476979,Q3,0
IA,6.4,6.6,8.6,0.5356991300657755,Q3,0
WA,6.6,3.4,9.6,0.4025567579036707,Q2,0
AR,13.3,5.9,12.2,0.7959367706344155,Q4_MostVulnerable,1
VA,4.6,5.6,4.7,0.32389136431147886,Q2,0
CO,13.3,6.2,14.5,0.8491406747294716,Q4_MostVulnerable,1
UT,9.8,6.6,12.4,0.766072565245067,Q4_MostVulnerable,1
CA,17.0,5.7,11.0,0.787555697008275,Q4_MostVulnerable,1
WA,6.6,3.7,9.0,0.39491831105453,Q2,0
FL,3.1,5.2,5.4,0.2765223848928496,Q1_LeastVulnerable,0
IL,9.4,3.8,10.0,0.5181943560364948,Q3,0
MI,4.1,3.0,9.1,0.2941332484617017,Q2,0
KY,3.9,3.6,11.2,0.406747294716741,Q2,0
NC,16.3,5.4,14.7,0.8449501379164014,Q4_MostVulnerable,1
WV,13.7,5.5,12.5,0.7878739656269893,Q4_MostVulnerable,1
NJ,7.5,4.4,8.1,0.4305113515807341,Q2,0
OK,8.7,4.7,9.7,0.5461489497135582,Q3,0
CA,8.4,6.4,11.9,0.7151495862507957,Q4_MostVulnerable,1
NY,10.9,7.6,10.4,0.750689582007214,Q4_MostVulnerable,1
MA,6.5,2.7,6.5,0.24506683640993,Q1_LeastVulnerable,0
TX,0.4,2.3,2.0,0.047581158497772114,Q1_LeastVulnerable,0
KY,2.5,3.8,7.3,0.2330256736685763,Q1_LeastVulnerable,0
NC,5.2,5.8,8.1,0.44902397623594315,Q2,0
FL,6.4,5.0,6.9,0.39295565457245923,Q2,0
GA,11.5,5.9,12.8,0.7802885635476343,Q4_MostVulnerable,1
KS,14.5,7.3,11.4,0.8417674517292596,Q4_MostVulnerable,1
IL,5.2,4.6,7.3,0.3472310630171865,Q2,0
GA,8.1,3.0,9.0,0.39900275832802884,Q2,0
CA,11.4,5.7,10.0,0.6764269043072354,Q3,0
TN,5.2,5.7,8.1,0.4439316783365161,Q2,0
CA,13.9,5.9,14.3,0.8428813918947592,Q4_MostVulnerable,1
TX,2.3,2.9,3.9,0.1037025249310418,Q1_LeastVulnerable,0
CA,7.4,3.8,9.7,0.4545936770634415,Q2,0
CA,7.3,0.7,9.0,0.3100997241671971,Q2,0
MO,11.2,5.4,10.9,0.690218544451517,Q3,0
MN,3.3,3.5,8.4,0.27328665393592194,Q1_LeastVulnerable,0
MI,14.0,5.4,12.1,0.7768936982813495,Q4_MostVulnerable,1
MT,12.1,3.9,12.0,0.6516019520475281,Q3,0
IL,7.5,2.9,10.2,0.42775302355187783,Q2,0
NC,6.5,5.1,7.3,0.4145979206450244,Q2,0
MN,10.9,8.2,11.0,0.7852217271377042,Q4_MostVulnerable,1
IN,12.3,7.8,10.6,0.7887226819435603,Q4_MostVulnerable,1
TN,12.9,3.9,11.2,0.6375450880543179,Q3,0
OK,5.1,4.8,6.9,0.3438892425206874,Q2,0
KY,4.5,2.3,8.2,0.2382771058773605,Q1_LeastVulnerable,0
TN,4.4,2.5,7.4,0.2136643326967961,Q1_LeastVulnerable,0
VA,13.4,5.3,12.5,0.7716953108423509,Q4_MostVulnerable,1
MS,7.5,5.3,8.7,0.5094419690218545,Q3,0
FL,3.7,4.6,3.6,0.23053256948864842,Q1_LeastVulnerable,0
VT,11.5,5.3,10.8,0.6861340971780182,Q3,0
CT,11.9,5.5,11.1,0.7174835561213664,Q4_MostVulnerable,1
CA,6.6,4.7,8.8,0.45098663271801404,Q2,0
IN,2.8,3.7,5.2,0.17223636749416507,Q1_LeastVulnerable,0
OK,22.1,10.4,13.7,0.9682261828983663,Q4_MostVulnerable,1
VA,7.1,2.2,9.8,0.3727986420538935,Q2,0
NY,10.8,5.3,9.8,0.632930193082962,Q3,0
WA,6.8,2.4,8.7,0.3247931253978358,Q2,0
CA,4.6,3.3,6.7,0.23106301718650543,Q1_LeastVulnerable,0
CA,9.9,4.6,9.9,0.5755357521748355,Q3,0
NJ,3.6,3.0,5.9,0.16571186081052405,Q1_LeastVulnerable,0
WA,11.2,4.2,8.7,0.5252493104179928,Q3,0
MN,17.6,5.0,14.7,0.8332802885635476,Q4_MostVulnerable,1
CA,6.1,0.7,6.8,0.19117335030765967,Q1_LeastVulnerable,0
FL,5.6,3.5,8.1,0.32044345427540843,Q2,0
GA,4.0,2.6,7.8,0.22114364523657967,Q1_LeastVulnerable,0
IN,5.8,2.7,6.7,0.23350307659664757,Q1_LeastVulnerable,0
AR,6.6,6.0,5.9,0.4223955018035222,Q2,0
TX,13.8,4.8,16.7,0.7956185020157012,Q4_MostVulnerable,1
MN,10.0,7.1,8.9,0.6564290260980267,Q3,0
NC,13.1,8.4,12.8,0.8773604922554635,Q4_MostVulnerable,1
CA,5.9,0.8,11.8,0.38038404413324844,Q2,0
CA,9.4,5.0,11.3,0.6456609378315298,Q3,0
NE,9.0,4.1,8.9,0.4792594950137916,Q2,0
TX,1.2,0.0,5.4,0.03851050286441757,Q1_LeastVulnerable,0
MS,1.3,0.2,4.0,0.023551877784850416,Q1_LeastVulnerable,0
TX,1.5,3.6,7.5,0.21313388499893912,Q1_LeastVulnerable,0
SC,7.2,7.2,9.7,0.626405686399321,Q3,0
CA,12.2,7.0,10.1,0.747878209208572,Q4_MostVulnerable,1
FL,4.4,3.8,5.1,0.21392955654572457,Q1_LeastVulnerable,0
NY,2.7,2.8,3.7,0.10486950986632719,Q1_LeastVulnerable,0
MD,5.3,6.1,9.6,0.5284319966051347,Q3,0
IL,7.7,7.5,9.1,0.6216316571186081,Q3,0
LA,4.1,2.3,7.5,0.2010396774877997,Q1_LeastVulnerable,0
MD,3.1,0.0,4.9,0.061054530023339694,Q1_LeastVulnerable,0
UT,3.0,0.0,3.6,0.04625503925312965,Q1_LeastVulnerable,0
CA,20.4,10.1,17.1,0.9911415234457882,Q4_MostVulnerable,1
ID,2.4,2.7,6.3,0.13834075960110334,Q1_LeastVulnerable,0
MS,10.4,5.4,12.0,0.7117016762147251,Q4_MostVulnerable,1
OH,20.1,5.3,14.3,0.8543921069382558,Q4_MostVulnerable,1
NY,13.4,4.9,11.2,0.7103225122002971,Q4_MostVulnerable,1
VA,3.1,2.5,8.0,0.20475281137279863,Q1_LeastVulnerable,0
SC,17.4,7.5,15.1,0.9421281561638022,Q4_MostVulnerable,1
MO,2.6,2.2,7.9,0.17923827710587736,Q1_LeastVulnerable,0
FL,5.2,2.0,7.0,0.20088054317844262,Q1_LeastVulnerable,0
MA,6.6,2.8,9.5,0.3681837470825376,Q2,0
OH,3.3,4.8,8.9,0.3766709102482495,Q2,0
TN,8.7,5.0,9.2,0.5439741141523445,Q3,0
WA,4.4,4.2,6.2,0.26474644600042435,Q1_LeastVulnerable,0
NJ,20.0,6.7,17.7,0.9405368130702313,Q4_MostVulnerable,1
MS,6.2,0.0,6.8,0.1888393804370889,Q1_LeastVulnerable,0
AK,12.1,4.8,12.3,0.7170591979630808,Q4_MostVulnerable,1
CA,17.3,5.9,13.6,0.8680246127731807,Q4_MostVulnerable,1
CO,10.5,5.7,6.6,0.5248779970294929,Q3,0
CA,19.8,12.9,17.1,0.9922554636112878,Q4_MostVulnerable,1
KY,13.1,7.0,6.0,0.604392106938256,Q3,0
IN,9.6,9.0,5.8,0.5708147676639084,Q3,0
NY,6.9,4.9,9.5,0.5041374920432845,Q3,0
MS,2.1,1.7,7.1,0.12667091024824953,Q1_LeastVulnerable,0
NV,7.3,4.7,7.4,0.41756842775302355,Q2,0
MI,3.9,5.9,7.3,0.390515595162317,Q2,0
ID,14.9,9.2,7.4,0.7132399745385105,Q4_MostVulnerable,1
WA,3.9,2.3,8.4,0.22925949501379161,Q1_LeastVulnerable,0
CA,8.5,4.9,9.7,0.5554848291958413,Q3,0
VA,11.8,3.4,10.8,0.5735200509229791,Q3,0
IL,3.5,4.3,6.8,0.2696265648207087,Q1_LeastVulnerable,0
MN,8.8,7.0,10.4,0.687407171652875,Q3,0
CA,5.5,3.7,7.7,0.31391894759176747,Q2,0
CA,10.8,4.2,6.7,0.44260555909187355,Q2,0
LA,2.6,3.3,10.7,0.3406004667939741,Q2,0
OR,19.7,8.5,17.3,0.9791003607044345,Q4_MostVulnerable,1
GA,9.4,4.9,7.1,0.47384892849565036,Q2,0
MO,17.7,7.6,13.2,0.9228729047315934,Q4_MostVulnerable,1
ID,13.5,5.8,11.3,0.7659664757054955,Q4_MostVulnerable,1
KY,4.9,5.0,9.6,0.4571398260131551,Q2,0
TX,12.3,6.8,6.8,0.6136218968809676,Q3,0
TX,16.1,5.3,12.0,0.7901018459579886,Q4_MostVulnerable,1
MN,14.1,4.7,8.5,0.5970188839380438,Q3,0
GA,9.2,4.4,9.0,0.508805431784426,Q3,0
CT,4.5,4.5,6.3,0.2898366221090601,Q2,0
WA,11.3,5.6,10.8,0.6994483343942287,Q3,0
FL,10.8,4.3,9.2,0.5438149798429874,Q3,0
SC,6.1,4.2,6.6,0.32054954381497985,Q2,0
KS,3.3,2.5,7.9,0.2059728410778697,Q1_LeastVulnerable,0
WI,9.7,6.2,10.8,0.6964778272862295,Q3,0
KS,4.0,3.7,8.1,0.2897305325694886,Q2,0
IA,6.1,3.4,7.7,0.3108953957139826,Q2,0
NY,11.7,5.8,9.7,0.6740398896668789,Q3,0
WA,3.8,5.1,6.7,0.3237322300021218,Q2,0
WV,2.5,1.9,7.3,0.14444090812645874,Q1_LeastVulnerable,0
OH,1.8,3.1,1.5,0.09574580946318693,Q1_LeastVulnerable,0
PA,10.5,5.0,11.0,0.6577551453426692,Q3,0
MO,10.8,5.9,11.0,0.7137173774665818,Q4_MostVulnerable,1
PA,6.4,2.9,8.3,0.3167303203904095,Q2,0
TX,13.5,6.2,11.5,0.7938149798429874,Q4_MostVulnerable,1
MI,7.0,5.7,3.3,0.3835136855506047,Q2,0
NM,7.2,2.7,7.7,0.309410142159983,Q2,0
MS,6.4,1.9,11.8,0.41645448758752385,Q2,0
MO,1.7,0.6,5.9,0.061107574793125397,Q1_LeastVulnerable,0
TX,5.2,1.8,7.0,0.19456821557394444,Q1_LeastVulnerable,0
IA,1.8,3.4,5.9,0.1522384892849565,Q1_LeastVulnerable,0
FL,5.5,1.6,8.5,0.25434967112242735,Q1_LeastVulnerable,0
MA,12.0,5.2,12.3,0.739444090812646,Q4_MostVulnerable,1
FL,1.4,3.3,5.2,0.12566305962232124,Q1_LeastVulnerable,0
MI,5.3,4.2,8.5,0.3695629110969659,Q2,0
TX,5.2,3.0,11.0,0.39979842987481434,Q2,0
NM,11.2,5.7,12.6,0.7598663271801401,Q4_MostVulnerable,1
TX,4.2,3.4,11.8,0.42425206874602167,Q2,0
CO,12.9,5.5,10.1,0.6935073201782304,Q3,0
TX,4.6,3.0,10.6,0.36781243369403777,Q2,0
NJ,13.2,9.3,10.0,0.7963080840229154,Q4_MostVulnerable,1
AZ,12.3,6.9,11.9,0.8128050074262677,Q4_MostVulnerable,1
NY,8.1,8.1,10.5,0.6997135582431572,Q3,0
WA,6.8,3.3,7.4,0.315404201145767,Q2,0
CA,2.7,2.7,6.5,0.15085932527052834,Q1_LeastVulnerable,0
NE,8.2,2.5,10.9,0.4571398260131551,Q2,0
VT,13.3,4.8,10.2,0.6614682792276682,Q3,0
AL,3.3,5.8,10.0,0.481328241035434,Q2,0
NY,13.5,5.3,9.0,0.6453426692128156,Q3,0
MI,14.7,9.3,16.2,0.9491831105453001,Q4_MostVulnerable,1
IA,4.2,1.4,9.1,0.24145979206450244,Q1_LeastVulnerable,0
NY,8.0,2.8,8.8,0.37842138765117755,Q2,0
CA,18.7,7.1,13.5,0.9186823679185232,Q4_MostVulnerable,1
OR,5.2,3.5,6.6,0.25397835773392746,Q1_LeastVulnerable,0
AL,12.6,7.2,11.0,0.7959367706344155,Q4_MostVulnerable,1
IL,4.2,3.9,7.0,0.2683534903458519,Q1_LeastVulnerable,0
MN,7.2,3.5,11.1,0.4879588372586463,Q2,0
KS,4.7,3.2,11.3,0.40701251856566945,Q2,0
IL,6.8,3.6,8.8,0.38781031190324633,Q2,0
TN,11.4,4.0,9.0,0.5284850413749204,Q3,0
VA,8.0,3.1,7.9,0.357893061744112,Q2,0
TX,8.1,6.0,8.7,0.5644493952896245,Q3,0
MS,4.2,0.5,5.0,0.09325270528325907,Q1_LeastVulnerable,0
TX,16.7,9.4,11.0,0.8767239550180351,Q4_MostVulnerable,1
VA,16.4,6.4,17.4,0.9114152344578824,Q4_MostVulnerable,1
LA,11.0,4.1,11.1,0.6135158073413961,Q3,0
IL,20.1,9.1,13.4,0.9551241247612984,Q4_MostVulnerable,1
CA,11.9,7.8,12.6,0.8468597496286866,Q4_MostVulnerable,1
MI,0.9,4.0,3.1,0.1408869085508169,Q1_LeastVulnerable,0
WA,2.8,3.6,4.2,0.15398896668788456,Q1_LeastVulnerable,0
MO,5.3,5.2,6.1,0.3480797793337577,Q2,0
NC,11.4,2.8,14.0,0.6163271801400382,Q3,0
CA,2.1,1.8,5.5,0.0803097814555485,Q1_LeastVulnerable,0
CO,8.5,3.2,4.4,0.28124336940377676,Q1_LeastVulnerable,0
MI,12.4,7.6,13.6,0.870411627413537,Q4_MostVulnerable,1
WA,5.8,3.2,7.3,0.27742414597920645,Q1_LeastVulnerable,0
IA,8.9,5.9,5.8,0.47634203267557823,Q2,0
TX,10.3,5.9,9.5,0.6433800127307449,Q3,0
CA,10.9,4.0,11.5,0.6198281349458944,Q3,0
NM,6.6,3.1,9.1,0.3655845533630384,Q2,0
NH,13.4,7.9,15.3,0.909399533206026,Q4_MostVulnerable,1
TX,5.9,2.6,6.2,0.21557394440908126,Q1_LeastVulnerable,0
AL,8.4,4.7,9.3,0.5216422660725653,Q3,0
CT,7.7,3.1,7.5,0.3346064078081901,Q2,0
FL,6.9,3.6,5.4,0.2757267133460641,Q1_LeastVulnerable,0
WA,9.2,4.7,11.4,0.6247082537661787,Q3,0
CO,15.3,5.4,13.6,0.8215043496711224,Q4_MostVulnerable,1
AR,1.8,1.1,6.5,0.08789518353490346,Q1_LeastVulnerable,0
MS,7.1,4.6,9.4,0.4852005092297899,Q2,0
MS,2.9,1.6,5.1,0.08243157224697645,Q1_LeastVulnerable,0
TN,1.8,1.3,3.9,0.04301930829620199,Q1_LeastVulnerable,0
WA,4.7,2.0,7.5,0.20528325907065562,Q1_LeastVulnerable,0
MS,16.4,6.8,15.5,0.9165075323573095,Q4_MostVulnerable,1
VA,9.6,6.3,13.0,0.7641629535327817,Q4_MostVulnerable,1
OK,6.2,6.1,9.7,0.556598769361341,Q3,0
GA,5.1,2.4,7.6,0.23355612136643325,Q1_LeastVulnerable,0
VA,10.3,8.3,10.7,0.7611394016549968,Q4_MostVulnerable,1
NC,7.8,2.8,8.9,0.376936134097178,Q2,0
LA,6.5,5.6,6.2,0.4058985784001698,Q2,0
NC,2.5,1.7,6.3,0.10550604710375559,Q1_LeastVulnerable,0
KY,4.1,1.9,4.4,0.10826437513261193,Q1_LeastVulnerable,0
CA,15.3,5.5,12.4,0.8033099936346276,Q4_MostVulnerable,1
OH,9.1,4.6,12.8,0.6528750265223849,Q3,0
TN,4.0,4.1,8.7,0.3374708253766179,Q2,0
OK,9.9,6.0,8.1,0.5830681094844048,Q3,0
FL,13.1,4.5,11.4,0.6852323360916613,Q3,0
WA,5.1,2.1,5.9,0.1649692340335243,Q1_LeastVulnerable,0
AZ,7.0,2.7,8.4,0.3300976023764057,Q2,0
IN,7.4,4.1,10.8,0.5164969234033524,Q3,0
GA,3.8,2.8,8.2,0.2403458518990028,Q1_LeastVulnerable,0
CA,9.2,3.3,14.6,0.6017398684489709,Q3,0
LA,4.0,3.6,9.4,0.3366221090600467,Q2,0
NM,2.0,6.0,6.4,0.32797581158497774,Q2,0
TX,3.9,2.4,8.3,0.22952471886272016,Q1_LeastVulnerable,0
WI,8.9,4.0,9.0,0.47490982389136427,Q2,0
SC,4.1,4.1,4.8,0.2195523021430087,Q1_LeastVulnerable,0
MI,7.2,3.3,11.2,0.47957776363250587,Q2,0
OK,7.9,5.4,11.0,0.6200933587948229,Q3,0
TN,2.6,1.7,5.8,0.09319966051347338,Q1_LeastVulnerable,0
MI,20.7,11.0,15.9,0.9893380012730745,Q4_MostVulnerable,1
PA,6.1,4.3,10.5,0.47904731593464883,Q2,0
MI,12.6,4.9,13.0,0.7472947167409293,Q4_MostVulnerable,1
KY,7.1,3.3,5.6,0.2678230426479949,Q1_LeastVulnerable,0
MS,12.5,5.0,11.7,0.7199766603012941,Q4_MostVulnerable,1
NC,11.3,7.5,10.3,0.7527583280288562,Q4_MostVulnerable,1
OK,7.9,2.5,11.2,0.46148949713558246,Q2,0
IA,2.1,1.6,8.1,0.16162741353702526,Q1_LeastVulnerable,0
MT,16.5,6.1,15.9,0.8944409081264588,Q4_MostVulnerable,1
UT,3.9,3.1,4.7,0.15494377254402716,Q1_LeastVulnerable,0
WV,2.7,2.4,4.8,0.09935285380861447,Q1_LeastVulnerable,0
FL,11.8,3.3,13.1,0.6347337152556758,Q3,0
CT,9.0,4.1,8.3,0.45459367706344156,Q2,0
NC,7.2,4.0,5.6,0.31264587311691067,Q2,0
LA,5.1,2.6,8.6,0.2795989815404201,Q1_LeastVulnerable,0
AZ,15.1,7.6,11.4,0.8543390621684702,Q4_MostVulnerable,1
IA,3.1,4.3,10.1,0.3896668788457458,Q2,0
SC,8.3,4.4,9.7,0.5171865054105665,Q3,0
SC,2.7,3.2,6.7,0.1823148737534479,Q1_LeastVulnerable,0
MI,11.4,2.2,10.0,0.4807977933375769,Q2,0
MI,19.9,7.3,18.1,0.9604816465096541,Q4_MostVulnerable,1
NE,10.4,6.6,10.9,0.7312751962656482,Q4_MostVulnerable,1
FL,4.1,2.6,6.3,0.17159983025673672,Q1_LeastVulnerable,0
MS,12.6,4.7,9.7,0.6249734776151071,Q3,0
AL,5.5,7.1,7.6,0.4896032251220029,Q3,0
MI,4.8,6.2,5.5,0.3719499257373223,Q2,0
IN,7.1,4.8,10.6,0.5463080840229153,Q3,0
NC,2.0,4.3,2.4,0.17223636749416504,Q1_LeastVulnerable,0
NY,16.9,3.7,13.2,0.7237428389560789,Q4_MostVulnerable,1
KY,7.9,3.2,10.2,0.4533206025885848,Q2,0
AL,8.3,3.8,9.8,0.4832378527477191,Q2,0
GA,15.5,6.3,11.3,0.8130702312751964,Q4_MostVulnerable,1
NY,15.8,6.0,14.2,0.8668576278378953,Q4_MostVulnerable,1
CA,5.4,0.0,5.9,0.13849989391046044,Q1_LeastVulnerable,0
CA,8.5,5.1,9.2,0.5453002333969871,Q3,0
NY,4.3,4.1,8.4,0.33439422872904734,Q2,0
PA,13.8,8.6,12.8,0.8915234457882453,Q4_MostVulnerable,1
IN,16.5,5.8,11.9,0.8199130065775515,Q4_MostVulnerable,1
MI,1.7,1.2,8.3,0.153034160831742,Q1_LeastVulnerable,0
WA,17.1,3.1,13.7,0.7007744536388713,Q3,0
WA,3.4,2.6,8.2,0.22368979418629323,Q1_LeastVulnerable,0
IL,5.8,5.1,11.0,0.5440271589221303,Q3,0
SC,2.6,1.9,8.5,0.19196902185444517,Q1_LeastVulnerable,0
NV,10.0,8.2,12.2,0.8050074262677699,Q4_MostVulnerable,1
WV,3.5,2.7,7.1,0.18825588796944623,Q1_LeastVulnerable,0
MI,6.5,4.2,9.8,0.4573520050922979,Q2,0
PA,6.4,1.9,8.6,0.28978357733927435,Q2,0
PA,1.3,2.8,3.2,0.07871843836197752,Q1_LeastVulnerable,0
MI,10.2,2.1,10.7,0.4786229577763632,Q2,0
SC,0.9,3.3,6.0,0.13818162529174624,Q1_LeastVulnerable,0
GA,6.0,4.9,9.2,0.4633460640780818,Q2,0
CA,12.2,7.7,10.8,0.7938149798429874,Q4_MostVulnerable,1
LA,12.9,4.3,9.9,0.6122427328665393,Q3,0
VA,6.0,4.1,9.3,0.41454487587523864,Q2,0
MN,3.3,3.8,4.0,0.174358158285593,Q1_LeastVulnerable,0
NY,9.4,5.5,12.6,0.7107999151283684,Q4_MostVulnerable,1
NM,10.3,3.8,9.7,0.5239231911733503,Q3,0
CA,11.6,1.9,11.3,0.5241884150222789,Q3,0
KY,7.5,4.8,9.9,0.530659876936134,Q3,0
OH,12.6,5.6,12.5,0.7767876087417781,Q4_MostVulnerable,1
WV,6.3,3.0,5.3,0.22268194356036497,Q1_LeastVulnerable,0
CO,6.2,5.0,9.8,0.5015382983237853,Q3,0
LA,6.2,3.8,8.7,0.3769891788669637,Q2,0
CA,9.4,2.8,8.4,0.3958200721408869,Q2,0
GA,7.3,1.3,7.1,0.24708253766178656,Q1_LeastVulnerable,0
KS,15.7,5.0,12.2,0.7747719074899214,Q4_MostVulnerable,1
MS,14.9,10.1,9.9,0.8190642902609803,Q4_MostVulnerable,1
FL,8.5,5.6,12.7,0.6974856779121579,Q3,0
FL,1.7,2.8,8.8,0.223901973265436,Q1_LeastVulnerable,0
PA,16.8,6.8,14.3,0.9081795035009548,Q4_MostVulnerable,1
WA,11.3,5.0,10.2,0.6421599830256737,Q3,0
IN,2.3,4.4,5.8,0.2203479736897942,Q1_LeastVulnerable,0
OH,12.2,4.9,12.6,0.7328134945894336,Q4_MostVulnerable,1
GA,1.8,3.4,9.4,0.2814555484829196,Q1_LeastVulnerable,0
VA,2.2,2.1,5.0,0.08174199023976236,Q1_LeastVulnerable,0
NC,6.8,6.9,6.1,0.4686505410566519,Q2,0
SC,24.0,10.3,20.1,0.9979842987481433,Q4_MostVulnerable,1
CA,4.1,5.1,3.5,0.27196053469127945,Q1_LeastVulnerable,0
NH,16.5,6.1,11.2,0.8117971568003396,Q4_MostVulnerable,1
MS,12.5,7.3,10.7,0.7849034585189901,Q4_MostVulnerable,1
IL,4.1,2.8,3.9,0.13749204328453216,Q1_LeastVulnerable,0
GA,9.5,5.0,12.0,0.6706450244005943,Q3,0
NE,17.1,9.6,15.3,0.9666348398047951,Q4_MostVulnerable,1
OH,10.9,3.7,9.3,0.5127837895183535,Q3,0
AZ,2.6,3.1,8.8,0.2537661786547846,Q1_LeastVulnerable,0
MO,1.6,3.1,8.7,0.23329089751750476,Q1_LeastVulnerable,0
CO,13.0,6.7,11.3,0.7957245915552726,Q4_MostVulnerable,1
CO,4.8,2.8,6.5,0.2033736473583705,Q1_LeastVulnerable,0
NM,7.3,7.3,13.2,0.7450668364099299,Q4_MostVulnerable,1
IL,5.5,1.7,9.2,0.28532781667727564,Q1_LeastVulnerable,0
MD,6.2,6.1,8.6,0.5100785062592829,Q3,0
IA,6.1,5.7,10.8,0.5767557818799066,Q3,0
NY,4.2,6.1,7.7,0.424729471674093,Q2,0
MI,11.1,3.0,9.5,0.48779970294928915,Q2,0
WA,12.5,4.4,11.4,0.6709102482495227,Q3,0
IA,4.5,5.6,9.3,0.4688096753660089,Q2,0
OR,4.8,0.6,3.4,0.0913961383407596,Q1_LeastVulnerable,0
GA,14.4,3.9,11.6,0.6743051135158072,Q3,0
MN,4.2,2.5,9.9,0.31052408232548273,Q2,0
MO,10.7,5.5,9.3,0.6196159558667514,Q3,0
IN,15.6,9.1,15.9,0.9540632293655845,Q4_MostVulnerable,1
MI,3.2,2.7,9.4,0.27121790791427963,Q1_LeastVulnerable,0
ID,4.9,2.6,7.3,0.22459155527265015,Q1_LeastVulnerable,0
AL,5.2,4.0,6.5,0.2809781455548483,Q1_LeastVulnerable,0
FL,6.6,4.7,7.7,0.40802036919159773,Q2,0
OH,8.6,5.2,14.6,0.7066624230850839,Q3,0
PA,5.3,3.3,11.4,0.4324209632930193,Q2,0
ID,10.1,2.1,10.3,0.4607999151283684,Q2,0
LA,11.3,4.0,9.5,0.5480585614258434,Q3,0
AR,23.3,11.1,16.9,0.9958094631869298,Q4_MostVulnerable,1
GA,14.6,6.6,12.8,0.8575217483556122,Q4_MostVulnerable,1
PA,10.8,4.8,7.9,0.5248249522597072,Q3,0
NJ,7.7,6.0,9.0,0.5660407383831955,Q3,0
FL,6.6,2.3,11.0,0.40807341396138347,Q2,0
GA,13.8,5.8,8.3,0.6491088478676003,Q3,0
SD,6.2,4.1,9.7,0.4373010821133036,Q2,0
FL,6.3,3.2,10.9,0.43507320178230424,Q2,0
IN,4.2,3.4,6.0,0.20491194568215576,Q1_LeastVulnerable,0
NC,6.6,3.7,11.7,0.5017504774029281,Q3,0
MO,3.6,1.0,5.4,0.09017610863568852,Q1_LeastVulnerable,0
MA,7.9,4.6,9.8,0.5242414597920645,Q3,0
TX,6.3,1.9,7.6,0.24920432845321452,Q1_LeastVulnerable,0
FL,8.4,4.8,8.6,0.4992573732230002,Q3,0
OR,7.7,6.4,7.6,0.5286441756842776,Q3,0
CO,11.4,5.0,12.1,0.7123382134521536,Q4_MostVulnerable,1
NM,8.2,2.7,10.8,0.4605877360492256,Q2,0
TX,10.1,4.8,9.9,0.5928283471249735,Q3,0
MA,10.1,3.8,7.3,0.42308508381073623,Q2,0
OK,9.2,5.7,10.4,0.6440165499681731,Q3,0
TN,9.7,4.7,10.7,0.607893061744112,Q3,0
CO,6.7,6.6,7.9,0.5185656694249947,Q3,0
OH,16.4,8.7,16.9,0.9625503925312963,Q4_MostVulnerable,1
VA,9.4,4.6,6.6,0.4360280076384469,Q2,0
MT,1.9,3.7,1.5,0.13070231275196265,Q1_LeastVulnerable,0
CO,3.9,2.6,5.5,0.14481222151495862,Q1_LeastVulnerable,0
CA,9.4,4.9,11.1,0.6329832378527477,Q3,0
GA,7.0,3.6,6.4,0.3052196053469128,Q2,0
CA,8.2,5.6,7.1,0.484670061531933,Q2,0
MN,1.7,4.6,7.7,0.2867069806917038,Q1_LeastVulnerable,0
CA,10.1,6.2,11.0,0.7131869297687249,Q4_MostVulnerable,1
FL,2.3,4.1,6.9,0.23451092722257585,Q1_LeastVulnerable,0
MD,15.6,8.1,14.4,0.9294504561850201,Q4_MostVulnerable,1
MI,5.2,4.4,6.7,0.3148737534479101,Q2,0
MO,9.1,3.0,8.8,0.4148100997241672,Q2,0
OH,4.1,5.8,8.7,0.4445682155739444,Q2,0
CA,0.9,5.0,2.8,0.20523021430086996,Q1_LeastVulnerable,0
CA,3.8,2.8,2.6,0.12163165711860811,Q1_LeastVulnerable,0
CA,6.6,3.4,7.4,0.31434330575005304,Q2,0
LA,1.7,3.4,7.7,0.21133036282622533,Q1_LeastVulnerable,0
AR,19.8,8.8,15.4,0.9741141523445789,Q4_MostVulnerable,1
OR,7.8,4.0,10.6,0.5126246552089965,Q3,0
FL,4.7,1.5,3.3,0.10306598769361341,Q1_LeastVulnerable,0
VA,13.1,6.4,12.2,0.8150859325270529,Q4_MostVulnerable,1
MI,6.6,4.8,9.6,0.4910884786760025,Q3,0
MA,11.1,6.4,7.8,0.6137810311903246,Q3,0
PA,3.4,3.5,8.4,0.27562062380649266,Q1_LeastVulnerable,0
OH,13.4,5.6,11.5,0.7614046255039253,Q4_MostVulnerable,1
NJ,4.0,4.7,13.1,0.5300233396987056,Q3,0
VA,7.6,4.4,4.5,0.3323254827074051,Q2,0
LA,7.5,3.6,11.5,0.5162316995544239,Q3,0
SC,14.9,6.2,11.6,0.8147146191385529,Q4_MostVulnerable,1
KY,8.7,2.0,6.1,0.26681519202206666,Q1_LeastVulnerable,0
TN,9.3,4.5,8.6,0.501060895395714,Q3,0
GA,12.5,6.8,11.8,0.8090388287714831,Q4_MostVulnerable,1
IL,3.6,3.6,8.9,0.3061744112030554,Q2,0
NC,6.3,6.2,11.6,0.6384468491406747,Q3,0
FL,13.1,5.5,14.4,0.8083492467642691,Q4_MostVulnerable,1
FL,10.3,5.8,8.2,0.5842350944196902,Q3,0
IL,6.7,5.2,10.6,0.5587736049225547,Q3,0
NC,11.8,9.0,11.7,0.8367281985996181,Q4_MostVulnerable,1
TX,5.2,3.8,6.3,0.2623063865902822,Q1_LeastVulnerable,0
NC,5.3,2.0,7.2,0.21058773604922557,Q1_LeastVulnerable,0
TN,4.5,4.6,5.8,0.2820390409505623,Q1_LeastVulnerable,0
MO,9.8,7.7,10.0,0.7152026310205813,Q4_MostVulnerable,1
CA,5.0,3.0,6.0,0.20268406535115638,Q1_LeastVulnerable,0
CA,15.2,7.8,10.6,0.8275514534266922,Q4_MostVulnerable,1
MO,22.9,10.7,17.4,0.9960746870358582,Q4_MostVulnerable,1
IN,4.3,4.8,8.4,0.3806492679821769,Q2,0
FL,6.8,4.2,8.0,0.3932739231911733,Q2,0
MI,11.5,4.4,13.5,0.7044345427540845,Q3,0
NC,9.8,4.8,9.4,0.5648207086781244,Q3,0
KY,6.0,4.5,7.4,0.3661150010608954,Q2,0
SC,9.8,6.3,11.2,0.7192870782940802,Q4_MostVulnerable,1
OK,11.1,5.8,10.3,0.686346276257161,Q3,0
OK,11.5,4.9,10.9,0.6672501591343093,Q3,0
WI,16.1,7.7,8.0,0.7295247188627201,Q4_MostVulnerable,1
IL,11.9,6.9,11.0,0.7744536388712073,Q4_MostVulnerable,1
NY,6.6,4.5,4.6,0.31036494801612563,Q2,0
TX,4.4,2.1,4.7,0.12635264162953533,Q1_LeastVulnerable,0
NE,6.6,3.7,5.6,0.27583280288563544,Q1_LeastVulnerable,0
RI,9.4,6.2,7.6,0.5623276044981965,Q3,0
LA,2.2,0.6,5.0,0.05055166560577127,Q1_LeastVulnerable,0
NV,7.5,1.1,7.8,0.27296838531720774,Q1_LeastVulnerable,0
CA,18.4,9.8,15.5,0.9769785699130066,Q4_MostVulnerable,1
WI,23.6,9.9,17.3,0.9941120305537874,Q4_MostVulnerable,1
SC,9.3,5.7,5.8,0.475493316359007,Q2,0
TX,2.3,1.1,6.3,0.08895607893061745,Q1_LeastVulnerable,0
OH,10.6,6.3,10.9,0.7242202418841502,Q4_MostVulnerable,1
CO,2.0,3.0,5.4,0.12364735837046466,Q1_LeastVulnerable,0
AZ,6.0,1.4,7.9,0.23970931466157439,Q1_LeastVulnerable,0
TX,9.5,7.0,10.1,0.694090812645873,Q3,0
KY,11.2,5.6,12.1,0.7422024188415022,Q4_MostVulnerable,1
GA,16.1,6.2,9.9,0.7608741778060684,Q4_MostVulnerable,1
MO,2.1,2.1,5.6,0.09197963080840228,Q1_LeastVulnerable,0
LA,7.9,1.3,12.0,0.4512518565669425,Q2,0
NY,5.5,4.5,10.6,0.4812221514958625,Q2,0
MI,11.6,5.9,12.5,0.7760980267345641,Q4_MostVulnerable,1
OH,3.3,2.7,7.7,0.20597284107786973,Q1_LeastVulnerable,0
TN,2.6,4.7,9.6,0.3846806704858901,Q2,0
DE,8.4,2.4,13.0,0.5191491618926375,Q3,0
IN,1.3,1.5,5.4,0.059516231699554424,Q1_LeastVulnerable,0
ME,13.7,4.8,9.9,0.6574899214937407,Q3,0
WA,10.7,4.8,9.8,0.6008911521323997,Q3,0
KS,7.6,4.4,15.0,0.6339380437088903,Q3,0
KY,5.7,4.3,4.7,0.27381710163377887,Q1_LeastVulnerable,0
NY,8.1,3.9,8.1,0.4142796520263102,Q2,0
LA,7.8,3.0,6.1,0.2845851899002758,Q1_LeastVulnerable,0
WA,15.7,9.2,13.1,0.9240398896668789,Q4_MostVulnerable,1
TX,15.9,10.4,10.5,0.8523233609166136,Q4_MostVulnerable,1
MN,15.5,6.9,12.5,0.869191597708466,Q4_MostVulnerable,1
NY,16.6,5.9,9.4,0.7305325694886484,Q4_MostVulnerable,1
CA,10.4,7.3,11.5,0.7775832802885635,Q4_MostVulnerable,1
OH,5.1,1.4,10.0,0.3014003819223425,Q2,0
OH,14.4,5.8,11.4,0.782622533418205,Q4_MostVulnerable,1
IA,16.4,5.9,12.9,0.8479206450244007,Q4_MostVulnerable,1
FL,13.1,4.2,11.2,0.6583386378103119,Q3,0
UT,13.3,5.6,12.0,0.7739231911733503,Q4_MostVulnerable,1
LA,6.0,2.5,7.9,0.2738171016337789,Q1_LeastVulnerable,0
NY,13.5,6.1,13.3,0.8328028856354764,Q4_MostVulnerable,1
AZ,4.2,3.3,9.6,0.3339168258009761,Q2,0
LA,15.4,5.7,11.1,0.776628474432421,Q4_MostVulnerable,1
SD,6.4,3.4,7.6,0.3161998726925525,Q2,0
KY,2.5,2.4,8.1,0.19297687248037343,Q1_LeastVulnerable,0
NJ,17.6,8.5,11.0,0.8754508805431783,Q4_MostVulnerable,1
FL,13.4,5.8,7.8,0.6237534479100361,Q3,0
LA,11.0,6.5,11.0,0.7447485677912158,Q4_MostVulnerable,1
VA,10.0,5.9,11.0,0.6971143645236579,Q3,0
MO,6.2,4.7,6.7,0.36081052408232545,Q2,0
TX,12.3,7.8,10.0,0.7666030129429239,Q4_MostVulnerable,1
TX,4.3,1.6,5.6,0.12592828347124974,Q1_LeastVulnerable,0
VA,3.1,2.2,4.8,0.09914067472947168,Q1_LeastVulnerable,0
TX,15.2,9.2,14.0,0.9332166348398049,Q4_MostVulnerable,1
AL,13.1,5.5,9.2,0.6569594737958837,Q3,0
VA,15.0,2.3,12.0,0.6102270316146828,Q3,0
CO,18.8,7.3,12.6,0.9091343093570975,Q4_MostVulnerable,1
AR,3.9,3.4,4.0,0.16311266709102482,Q1_LeastVulnerable,0
CA,10.9,1.3,12.2,0.52503713133885,Q3,0
IA,7.6,6.3,7.8,0.5292276681519202,Q3,0
NM,11.9,4.5,11.3,0.6633248461701676,Q3,0
KY,6.3,4.4,5.1,0.30193082962019946,Q2,0
AZ,14.3,6.0,10.7,0.7648525355399958,Q4_MostVulnerable,1
MI,13.3,4.1,13.2,0.7074050498620835,Q3,0
MD,10.6,3.6,15.5,0.6576490558030978,Q3,0
PA,1.2,1.0,1.7,0.0184065351156376,Q1_LeastVulnerable,0
ID,6.9,5.7,8.1,0.49273286653935916,Q3,0
FL,18.4,7.3,15.0,0.9421281561638022,Q4_MostVulnerable,1
GA,11.9,4.8,9.7,0.6199872692552515,Q3,0
IL,15.6,5.3,14.5,0.8296201994483344,Q4_MostVulnerable,1
NH,1.5,4.2,4.0,0.16698493528538086,Q1_LeastVulnerable,0
MI,1.3,4.6,6.0,0.22342457033736474,Q1_LeastVulnerable,0
IN,7.6,6.0,7.7,0.5126246552089965,Q3,0
KS,10.8,6.0,12.8,0.7714300869934224,Q4_MostVulnerable,1
KS,11.9,6.0,9.6,0.6843305750053045,Q3,0
WV,6.5,2.1,7.6,0.2610333121154254,Q1_LeastVulnerable,0
FL,8.2,4.1,11.0,0.5460959049437726,Q3,0
SD,2.4,1.7,4.1,0.06307023127519627,Q1_LeastVulnerable,0
OH,9.5,2.1,9.9,0.4341183959261617,Q2,0
AL,3.5,4.6,3.1,0.22289412263950772,Q1_LeastVulnerable,0
WI,13.0,4.9,9.3,0.6260874177806068,Q3,0
PA,8.1,6.2,9.8,0.6199342244854658,Q3,0
ND,12.8,7.2,9.4,0.7344048376830044,Q4_MostVulnerable,1
KY,5.4,4.5,6.6,0.3228835136855506,Q2,0
MO,9.1,5.6,10.5,0.6397199236155315,Q3,0
GA,5.4,2.7,6.6,0.21886272013579464,Q1_LeastVulnerable,0
AR,4.5,6.1,8.9,0.47867600254614895,Q2,0
TN,6.7,4.1,8.8,0.41486314449395284,Q2,0
TX,4.5,3.8,8.1,0.3096223212391258,Q2,0
CO,13.6,5.1,14.3,0.7938149798429874,Q4_MostVulnerable,1
PA,8.2,3.0,9.7,0.43151920220666246,Q2,0
OR,6.6,4.7,11.4,0.5558030978145555,Q3,0
CO,8.7,4.9,11.2,0.6196159558667516,Q3,0
LA,6.2,2.7,7.0,0.2537661786547846,Q1_LeastVulnerable,0
LA,7.4,2.1,11.3,0.43533842563123276,Q2,0
PA,11.9,3.7,11.5,0.6203585826437513,Q3,0
TN,7.7,6.1,8.1,0.5347443242096329,Q3,0
CA,7.3,3.3,9.2,0.4005410566518141,Q2,0
MO,14.0,5.7,14.2,0.8320072140886908,Q4_MostVulnerable,1
PA,3.2,5.1,7.5,0.337789093995332,Q2,0
PA,5.6,2.0,11.5,0.3897729683853172,Q2,0
CO,6.6,2.9,10.5,0.4126352641629536,Q2,0
MS,17.1,6.0,14.6,0.8842032675578189,Q4_MostVulnerable,1
TX,8.6,7.0,7.3,0.5598875450880544,Q3,0
IN,7.0,7.1,8.2,0.5552196053469127,Q3,0
LA,2.4,3.9,6.4,0.2072459155527265,Q1_LeastVulnerable,0
SC,5.1,4.7,9.0,0.4169849352853809,Q2,0
CA,11.8,4.7,12.2,0.7027901548907277,Q3,0
TX,4.2,6.2,7.5,0.4214406959473796,Q2,0
IL,10.2,5.4,10.3,0.6450244005941014,Q3,0
AL,16.1,8.1,14.5,0.935656694249947,Q4_MostVulnerable,1
FL,7.2,4.0,6.9,0.3520581370676852,Q2,0
CA,5.8,3.3,11.3,0.44191597708465946,Q2,0
CA,2.3,5.2,2.0,0.2329195841290049,Q1_LeastVulnerable,0
OH,8.8,5.5,12.3,0.6888924252068745,Q3,0
FL,10.5,7.3,10.2,0.7286229577763632,Q4_MostVulnerable,1
VA,3.2,3.3,8.6,0.2667621472522809,Q1_LeastVulnerable,0
MN,1.4,1.1,6.4,0.0790897517504774,Q1_LeastVulnerable,0
MA,8.9,3.8,10.2,0.5128368342881392,Q3,0
ME,6.7,4.2,9.4,0.4468491406747295,Q2,0
OH,15.2,5.6,14.2,0.8390091237004031,Q4_MostVulnerable,1
MA,2.7,1.2,5.7,0.08206025885847655,Q1_LeastVulnerable,0
CA,15.8,8.5,14.9,0.9420751113940166,Q4_MostVulnerable,1
TX,8.9,3.9,7.3,0.4026628474432421,Q2,0
LA,8.1,4.6,9.0,0.4947485677912158,Q3,0
CA,14.0,6.6,13.7,0.8668576278378953,Q4_MostVulnerable,1
MS,15.0,5.6,14.5,0.8412370040314024,Q4_MostVulnerable,1
NY,6.4,6.1,9.1,0.5363356673032039,Q3,0
ID,10.9,3.6,9.7,0.524506683640993,Q3,0
SC,7.5,4.7,10.6,0.5503394865266285,Q3,0
NC,3.2,3.3,5.3,0.15812645873116912,Q1_LeastVulnerable,0
NY,10.0,4.9,13.5,0.7063971992361552,Q3,0
LA,7.1,2.2,8.4,0.31333545512412475,Q2,0
WA,4.8,4.7,4.3,0.27052832590706555,Q1_LeastVulnerable,0
ID,5.0,4.6,5.1,0.27853808614470615,Q1_LeastVulnerable,0
MT,11.6,4.5,10.9,0.6424782516443878,Q3,0
IL,8.5,5.6,9.5,0.5869403776787608,Q3,0
OR,6.3,4.4,12.1,0.549384680670486,Q3,0
CA,6.5,2.0,6.2,0.20931466157436876,Q1_LeastVulnerable,0
CA,2.7,1.5,6.4,0.10831741990239763,Q1_LeastVulnerable,0
SC,13.6,7.8,9.7,0.7737110120942075,Q4_MostVulnerable,1
ME,7.9,4.8,7.9,0.45920857203479737,Q2,0
IN,9.6,4.0,13.2,0.6335667303203905,Q3,0
NJ,9.3,3.5,7.4,0.39200084871631663,Q2,0
OH,16.8,6.3,14.6,0.8946530872056014,Q4_MostVulnerable,1
FL,8.7,4.0,10.2,0.5205283259070655,Q3,0
CO,5.1,2.2,7.5,0.22188627201357947,Q1_LeastVulnerable,0
WA,8.9,2.0,10.5,0.4385741565881604,Q2,0
NV,1.2,4.1,3.3,0.15032887757267135,Q1_LeastVulnerable,0
KY,6.4,5.4,11.5,0.5958518990027583,Q3,0
SC,11.0,3.4,14.4,0.6441226395077445,Q3,0
MS,4.8,3.6,7.5,0.2806598769361341,Q1_LeastVulnerable,0
GA,16.6,5.6,18.1,0.8750265223848929,Q4_MostVulnerable,1
FL,3.4,2.6,5.9,0.14353914704010184,Q1_LeastVulnerable,0
KY,11.8,5.0,11.7,0.7084659452577977,Q4_MostVulnerable,1
TX,6.0,3.1,10.8,0.4181519202206663,Q2,0
CA,18.8,10.6,13.5,0.9590494377254403,Q4_MostVulnerable,1
FL,8.8,4.0,6.7,0.3863781031190325,Q2,0
TX,3.9,1.9,3.7,0.09627625716104392,Q1_LeastVulnerable,0
CA,13.8,5.0,16.0,0.8062805007426267,Q4_MostVulnerable,1
NY,10.3,6.6,9.1,0.6552620411627413,Q3,0
FL,12.9,3.4,11.1,0.6037025249310418,Q3,0
NJ,13.1,4.8,9.3,0.6204116274135371,Q3,0
KY,5.5,5.8,9.7,0.523286653935922,Q3,0
CA,20.4,8.5,13.6,0.9526840653511562,Q4_MostVulnerable,1
NE,15.3,6.9,11.7,0.8461701676214725,Q4_MostVulnerable,1
ND,13.3,9.2,12.2,0.8753447910036071,Q4_MostVulnerable,1
NC,7.7,4.7,6.7,0.4044133248461701,Q2,0
NY,3.0,1.8,6.1,0.11144706131975386,Q1_LeastVulnerable,0
MN,1.5,2.0,8.6,0.1820496499045194,Q1_LeastVulnerable,0
MS,2.7,1.1,7.2,0.1270422236367494,Q1_LeastVulnerable,0
NY,5.3,5.5,7.9,0.4273817101633779,Q2,0
OH,6.6,4.8,8.7,0.4533736473583705,Q2,0
NY,5.7,5.4,7.1,0.4036176532993847,Q2,0
NE,14.6,8.2,16.3,0.9371419478039466,Q4_MostVulnerable,1
CO,11.2,4.7,9.0,0.5704434542754084,Q3,0
FL,16.8,5.6,13.8,0.8504667939741141,Q4_MostVulnerable,1
GA,5.4,3.5,7.9,0.3068109484404838,Q2,0
VA,10.9,3.9,12.4,0.6385529386802461,Q3,0
PA,16.9,7.3,15.7,0.9394228729047316,Q4_MostVulnerable,1
MO,16.7,8.7,13.3,0.9332696796095905,Q4_MostVulnerable,1
GA,0.6,1.9,5.9,0.07527052832590707,Q1_LeastVulnerable,0
CA,4.5,3.6,7.9,0.28946530872056014,Q2,0
TX,1.7,2.4,1.3,0.06200933587948229,Q1_LeastVulnerable,0
TX,9.1,5.9,6.4,0.49851474644600047,Q3,0
CA,11.2,4.4,9.4,0.5684807977933376,Q3,0
SC,5.9,0.5,6.8,0.1850201570125186,Q1_LeastVulnerable,0
MA,13.4,6.7,9.3,0.7220454063229366,Q4_MostVulnerable,1
IN,6.8,5.5,9.9,0.5523021430086993,Q3,0
OR,4.3,4.0,7.2,0.2835242945045619,Q1_LeastVulnerable,0
NM,8.1,3.5,8.6,0.4088160407383832,Q2,0
PA,1.9,0.9,3.5,0.033895607893061744,Q1_LeastVulnerable,0
CA,11.3,6.1,10.6,0.7170591979630808,Q4_MostVulnerable,1
IN,17.7,7.5,8.6,0.7618289836622109,Q4_MostVulnerable,1
IN,14.2,6.1,11.8,0.8087736049225547,Q4_MostVulnerable,1
IN,11.9,8.3,11.1,0.8101527689369828,Q4_MostVulnerable,1
MN,12.7,4.4,11.8,0.6877784850413748,Q3,0
IL,7.3,6.9,5.5,0.46812009335879484,Q2,0
MD,12.1,5.7,11.5,0.747719074899215,Q4_MostVulnerable,1
KS,5.6,0.9,5.7,0.1471461913855294,Q1_LeastVulnerable,0
OK,6.7,3.7,6.7,0.3122215149586251,Q2,0
NJ,11.2,6.8,12.0,0.7916931890515594,Q4_MostVulnerable,1
NY,7.0,3.6,12.5,0.5302355187778485,Q3,0
FL,8.3,2.3,9.2,0.3814979842987481,Q2,0
IN,5.8,3.5,6.3,0.26071504349671126,Q1_LeastVulnerable,0
AK,14.1,4.9,12.4,0.7569488648419266,Q4_MostVulnerable,1
CA,9.2,5.5,11.5,0.6765329938468067,Q3,0
GA,14.4,7.5,13.5,0.8962444302991726,Q4_MostVulnerable,1
CA,3.3,1.4,12.1,0.3337046467218332,Q2,0
NJ,5.3,2.5,6.2,0.19562911096965838,Q1_LeastVulnerable,0
WY,8.9,5.8,9.9,0.6238064926798218,Q3,0
CA,12.4,4.4,14.3,0.7305325694886484,Q4_MostVulnerable,1
TN,7.1,2.5,11.5,0.45109272225758534,Q2,0
CA,17.9,5.6,10.1,0.7523870146403565,Q4_MostVulnerable,1
NC,3.6,3.6,6.8,0.22761510715043498,Q1_LeastVulnerable,0
NY,8.9,5.1,12.4,0.6715467854869509,Q3,0
TX,16.2,5.8,18.9,0.8824527901548906,Q4_MostVulnerable,1
CA,18.3,7.5,15.6,0.9519414385741566,Q4_MostVulnerable,1
IL,6.8,6.3,7.7,0.5032357309569276,Q3,0
CA,2.3,1.2,4.1,0.05039253129641417,Q1_LeastVulnerable,0
LA,8.2,1.5,13.5,0.4951729259495014,Q3,0
UT,2.9,3.6,7.9,0.2519626564820709,Q1_LeastVulnerable,0
PA,7.7,4.2,7.2,0.3880755357521748,Q2,0
OK,8.8,3.6,9.0,0.44838743899851474,Q2,0
MS,4.8,4.4,8.0,0.35051983874389986,Q2,0
TX,10.3,6.3,11.2,0.7300551665605771,Q4_MostVulnerable,1
MA,10.7,1.9,8.6,0.39666878845745807,Q2,0
CO,9.8,4.0,8.7,0.48307871843836203,Q2,0
TN,10.8,8.7,7.1,0.6339380437088903,Q3,0
ID,7.8,5.2,11.0,0.6060895395713982,Q3,0
CA,7.6,5.3,8.1,0.48923191173350306,Q3,0
CA,6.8,5.8,9.3,0.542488860598345,Q3,0
NJ,8.5,4.6,12.1,0.6237004031402504,Q3,0
NJ,3.8,4.3,7.4,0.2959367706344154,Q2,0
GA,11.3,6.5,10.4,0.7252811372798642,Q4_MostVulnerable,1
OK,9.0,5.5,9.9,0.609325270528326,Q3,0
PA,5.7,3.2,8.0,0.3017716953108424,Q2,0
VA,4.2,3.5,9.6,0.3456927646934012,Q2,0
NE,2.2,1.8,6.7,0.11685762783789518,Q1_LeastVulnerable,0
PA,7.5,4.3,7.6,0.4046785486950986,Q2,0
PA,6.6,2.2,10.4,0.3794822830468916,Q2,0
GA,16.1,5.6,15.5,0.8610227031614683,Q4_MostVulnerable,1
IL,4.2,2.8,4.4,0.14592616168045833,Q1_LeastVulnerable,0
MI,5.5,2.2,10.8,0.36632718014003823,Q2,0
AK,1.8,1.8,6.6,0.10640780819011246,Q1_LeastVulnerable,0
